account_id,account_name,tier,arr,mrr,pricing_model,owner,csm,segment,status,created_at
ACC-001,DataStream Corp,Growth,46451.91,3870.99,usage-based,Priya Patel,Lisa Chang,Mid-Market,churned,2024-10-10T14:00:00
ACC-002,CloudPeak Analytics,Enterprise,231247.59,19270.63,usage-based,Ana Rodriguez,Mike Rivera,Enterprise,active,2023-09-30T14:00:00
ACC-003,MetricFlow Inc,Enterprise,194898.61,16241.55,usage-based,Marcus Johnson,Lisa Chang,Enterprise,active,2023-12-26T14:00:00
ACC-004,SignalPath Systems,Enterprise,460622.53,38385.21,usage-based,Ana Rodriguez,Rachel Kim,Enterprise,active,2024-10-13T14:00:00
ACC-005,NexusData Solutions,Growth,91517.95,7626.5,usage-based,Sarah Chen,Lisa Chang,Mid-Market,active,2023-06-12T14:00:00
ACC-006,PulsePoint Technologies,Growth,91461.1,7621.76,usage-based,Marcus Johnson,Tom Bradley,Mid-Market,active,2025-02-11T14:00:00
ACC-007,StreamForge Labs,Enterprise,228358.19,19029.85,usage-based,Priya Patel,David Park,Enterprise,active,2024-08-29T14:00:00
ACC-008,DataBridge AI,Growth,171892.26,14324.36,usage-based,Ana Rodriguez,Mike Rivera,Mid-Market,active,2024-05-04T14:00:00
ACC-009,FlowState Computing,Enterprise,326589.14,27215.76,usage-based,Ana Rodriguez,Tom Bradley,Enterprise,active,2023-10-13T14:00:00
ACC-010,Quantum Metrics Corp,Enterprise,214777.57,17898.13,usage-based,Marcus Johnson,Tom Bradley,Enterprise,active,2025-03-06T14:00:00
ACC-011,TerraData Systems,Starter,37460.44,3121.7,hybrid,Priya Patel,Rachel Kim,SMB,active,2023-08-15T14:00:00
ACC-012,AeroSync Inc,Growth,70952.43,5912.7,usage-based,Priya Patel,Lisa Chang,Mid-Market,active,2023-07-10T14:00:00
ACC-013,VortexCloud Solutions,Enterprise,648327.29,54027.27,usage-based,Sarah Chen,David Park,Enterprise,active,2023-08-15T14:00:00
ACC-014,PrismAnalytics Co,Enterprise,544563.4,45380.28,usage-based,Marcus Johnson,Rachel Kim,Enterprise,active,2024-05-03T14:00:00
ACC-015,CipherStream Tech,Enterprise,642695.59,53557.97,usage-based,Ana Rodriguez,Lisa Chang,Enterprise,active,2023-06-25T14:00:00
ACC-016,HyperScale Data,Enterprise,564156.79,47013.07,usage-based,Sarah Chen,Lisa Chang,Enterprise,active,2023-02-05T14:00:00
ACC-017,MeridianFlow Inc,Enterprise,337726.52,28143.88,usage-based,Priya Patel,Mike Rivera,Enterprise,active,2024-10-22T14:00:00
ACC-018,ApexCloud Systems,Starter,27284.12,2273.68,hybrid,Marcus Johnson,Rachel Kim,SMB,active,2024-04-16T14:00:00
ACC-019,NovaMetrics Labs,Starter,29856.96,2488.08,usage-based,Priya Patel,Lisa Chang,SMB,active,2024-09-16T14:00:00
ACC-020,ZenithData Corp,Growth,137937.96,11494.83,usage-based,Ana Rodriguez,Rachel Kim,Mid-Market,active,2023-10-07T14:00:00
ACC-021,SynapseStream Inc,Enterprise,289660.38,24138.37,usage-based,Marcus Johnson,David Park,Enterprise,active,2024-01-07T14:00:00
ACC-022,VertexAnalytics Co,Enterprise,203558.19,16963.18,usage-based,Sarah Chen,Lisa Chang,Enterprise,active,2023-08-23T14:00:00
ACC-023,PolarisData Tech,Enterprise,520240.61,43353.38,usage-based,Ana Rodriguez,Mike Rivera,Enterprise,active,2024-04-27T14:00:00
ACC-024,EchoStream Solutions,Growth,219309.61,18275.8,usage-based,Ana Rodriguez,Tom Bradley,Mid-Market,active,2023-11-07T14:00:00
ACC-025,AtlasFlow Computing,Starter,8390.35,699.2,usage-based,Ana Rodriguez,Tom Bradley,SMB,active,2023-03-31T14:00:00
ACC-026,OrbitalData Inc,Enterprise,235776.09,19648.01,usage-based,James Wilson,Lisa Chang,Enterprise,active,2024-02-17T14:00:00
ACC-027,SpectrumCloud Labs,Enterprise,541046.03,45087.17,usage-based,Priya Patel,David Park,Enterprise,active,2023-04-07T14:00:00
ACC-028,VectorMetrics Corp,Enterprise,636313.92,53026.16,usage-based,Priya Patel,David Park,Enterprise,active,2023-09-11T14:00:00
ACC-029,TitanStream Systems,Enterprise,366956.93,30579.74,usage-based,Marcus Johnson,David Park,Enterprise,active,2023-03-21T14:00:00
ACC-030,GenesiData Analytics,Starter,39228.78,3269.07,hybrid,James Wilson,Mike Rivera,SMB,active,2025-02-01T14:00:00
ACC-031,CatalystCloud Co,Starter,37876.54,3156.38,hybrid,Marcus Johnson,Mike Rivera,SMB,active,2024-09-22T14:00:00
ACC-032,IonFlow Technologies,Growth,210557.0,17546.42,usage-based,Sarah Chen,Rachel Kim,Mid-Market,active,2023-02-11T14:00:00
ACC-033,NimbusData Corp,Enterprise,560301.08,46691.76,usage-based,Marcus Johnson,Lisa Chang,Enterprise,active,2023-07-21T14:00:00
ACC-034,ArcLight Analytics,Enterprise,454901.8,37908.48,usage-based,Priya Patel,David Park,Enterprise,active,2023-09-13T14:00:00
ACC-035,TridentStream Inc,Enterprise,285899.1,23824.92,usage-based,Ana Rodriguez,Lisa Chang,Enterprise,active,2023-05-27T14:00:00
ACC-036,KineticData Labs,Growth,219136.59,18261.38,usage-based,Priya Patel,Rachel Kim,Mid-Market,active,2023-12-14T14:00:00
ACC-037,StellarFlow Systems,Growth,86127.2,7177.27,usage-based,Sarah Chen,Tom Bradley,Mid-Market,active,2025-05-05T14:00:00
ACC-038,PhoenixMetrics Co,Enterprise,295057.37,24588.11,usage-based,Marcus Johnson,Mike Rivera,Enterprise,active,2025-03-15T14:00:00
ACC-039,DeltaCloud Solutions,Starter,10001.71,833.48,usage-based,Sarah Chen,Tom Bradley,SMB,active,2025-03-15T14:00:00
ACC-040,HorizonData Tech,Enterprise,319238.63,26603.22,usage-based,James Wilson,Lisa Chang,Enterprise,active,2023-11-21T14:00:00
ACC-041,PinnacleStream Corp,Enterprise,647757.12,53979.76,usage-based,Ana Rodriguez,David Park,Enterprise,active,2024-01-28T14:00:00
ACC-042,RadiantFlow Inc,Enterprise,416486.47,34707.21,usage-based,James Wilson,Lisa Chang,Enterprise,active,2025-02-19T14:00:00
ACC-043,QuantumBridge Labs,Enterprise,395525.59,32960.47,usage-based,James Wilson,Rachel Kim,Enterprise,active,2024-02-03T14:00:00
ACC-044,NexGenData Systems,Starter,9841.82,820.15,usage-based,Sarah Chen,Rachel Kim,SMB,active,2023-05-12T14:00:00
ACC-045,AlphaStream Analytics,Enterprise,610836.27,50903.02,usage-based,Marcus Johnson,Lisa Chang,Enterprise,active,2024-11-13T14:00:00
ACC-046,OmegaCloud Corp,Growth,66952.45,5579.37,usage-based,Marcus Johnson,Tom Bradley,Mid-Market,active,2024-02-08T14:00:00
ACC-047,FusionMetrics Inc,Enterprise,641632.8,53469.4,usage-based,James Wilson,David Park,Enterprise,active,2025-02-15T14:00:00
ACC-048,ZephyrData Solutions,Growth,219872.28,18322.69,usage-based,Sarah Chen,Mike Rivera,Mid-Market,active,2023-04-16T14:00:00
ACC-049,CosmicFlow Tech,Starter,13654.58,1137.88,hybrid,James Wilson,Lisa Chang,SMB,active,2024-04-11T14:00:00
ACC-050,InfinityStream Labs,Starter,13597.66,1133.14,usage-based,James Wilson,Tom Bradley,SMB,active,2023-03-16T14:00:00
ACC-051,AuroraData Corp,Starter,17698.47,1474.87,hybrid,Marcus Johnson,Lisa Chang,SMB,active,2024-07-27T14:00:00
ACC-052,TerraForge Analytics,Enterprise,209241.65,17436.8,usage-based,Ana Rodriguez,Mike Rivera,Enterprise,active,2023-04-22T14:00:00
ACC-053,CelestialCloud Inc,Growth,50925.34,4243.78,usage-based,James Wilson,David Park,Mid-Market,active,2023-11-30T14:00:00
ACC-054,VanguardMetrics Co,Enterprise,660389.45,55032.45,usage-based,Sarah Chen,Lisa Chang,Enterprise,churned,2025-03-17T14:00:00
ACC-055,ThunderData Systems,Growth,162187.83,13515.65,usage-based,Marcus Johnson,Rachel Kim,Mid-Market,active,2025-01-24T14:00:00
ACC-056,LuminousStream Labs,Starter,27368.96,2280.75,usage-based,Ana Rodriguez,Mike Rivera,SMB,active,2024-03-23T14:00:00
ACC-057,EternalFlow Corp,Growth,142610.39,11884.2,usage-based,Priya Patel,Tom Bradley,Mid-Market,active,2024-10-29T14:00:00
ACC-058,MajesticData Inc,Starter,18682.25,1556.85,hybrid,James Wilson,Lisa Chang,SMB,active,2023-07-09T14:00:00
ACC-059,SovereignCloud Tech,Growth,123385.97,10282.16,usage-based,Sarah Chen,Mike Rivera,Mid-Market,active,2024-02-12T14:00:00
ACC-060,GalacticMetrics Solutions,Growth,142212.87,11851.07,usage-based,Sarah Chen,Mike Rivera,Mid-Market,active,2023-11-23T14:00:00
ACC-061,NorthstarRevenue Labs 061,Enterprise,312600.21,26050.02,usage-based,Priya Patel,Mike Rivera,Enterprise,active,2024-09-18T14:00:00
ACC-062,BluePeakRevenue Labs 062,Growth,70078.94,5839.91,usage-based,Ana Rodriguez,Tom Bradley,Mid-Market,active,2023-09-08T14:00:00
ACC-063,ClearPathRevenue Labs 063,Growth,185663.79,15471.98,usage-based,Ana Rodriguez,Mike Rivera,Mid-Market,active,2023-07-13T14:00:00
ACC-064,EvergreenRevenue Labs 064,Starter,18178.88,1514.91,usage-based,Marcus Johnson,Tom Bradley,SMB,active,2025-01-28T14:00:00
ACC-065,SilverlineRevenue Labs 065,Starter,33242.17,2770.18,usage-based,Priya Patel,Tom Bradley,SMB,active,2023-09-15T14:00:00
ACC-066,KeystoneRevenue Labs 066,Enterprise,351440.14,29286.68,usage-based,Priya Patel,David Park,Enterprise,active,2024-01-12T14:00:00
ACC-067,SummitRevenue Labs 067,Enterprise,634079.52,52839.96,usage-based,Sarah Chen,Mike Rivera,Enterprise,active,2023-08-16T14:00:00
ACC-068,RiverbendRevenue Labs 068,Growth,91249.08,7604.09,usage-based,Sarah Chen,Tom Bradley,Mid-Market,active,2023-03-29T14:00:00
ACC-069,IroncladRevenue Labs 069,Enterprise,669898.98,55824.92,usage-based,Marcus Johnson,Rachel Kim,Enterprise,active,2023-11-09T14:00:00
ACC-070,BrightForgeRevenue Labs 070,Growth,141841.42,11820.12,usage-based,Sarah Chen,Mike Rivera,Mid-Market,active,2023-06-19T14:00:00
ACC-071,CoreSignalRevenue Labs 071,Starter,26550.07,2212.51,hybrid,Ana Rodriguez,David Park,SMB,active,2024-12-26T14:00:00
ACC-072,TrueNorthRevenue Labs 072,Growth,49445.54,4120.46,usage-based,Priya Patel,Mike Rivera,Mid-Market,active,2024-05-25T14:00:00
ACC-073,NorthstarWorkflow Labs 073,Enterprise,304764.87,25397.07,usage-based,Sarah Chen,Tom Bradley,Enterprise,active,2023-03-20T14:00:00
ACC-074,BluePeakWorkflow Labs 074,Growth,197698.86,16474.9,usage-based,Ana Rodriguez,Lisa Chang,Mid-Market,active,2024-09-26T14:00:00
ACC-075,ClearPathWorkflow Labs 075,Growth,215764.67,17980.39,usage-based,Marcus Johnson,Rachel Kim,Mid-Market,active,2025-05-01T14:00:00
ACC-076,EvergreenWorkflow Labs 076,Enterprise,642243.65,53520.3,usage-based,James Wilson,Lisa Chang,Enterprise,active,2024-08-26T14:00:00
ACC-077,SilverlineWorkflow Labs 077,Growth,166827.52,13902.29,usage-based,James Wilson,Mike Rivera,Mid-Market,active,2024-01-31T14:00:00
ACC-078,KeystoneWorkflow Labs 078,Enterprise,588293.3,49024.44,usage-based,James Wilson,Tom Bradley,Enterprise,active,2024-07-18T14:00:00
ACC-079,SummitWorkflow Labs 079,Starter,37624.98,3135.42,usage-based,Sarah Chen,Lisa Chang,SMB,active,2024-04-13T14:00:00
ACC-080,RiverbendWorkflow Labs 080,Growth,195854.82,16321.24,usage-based,Priya Patel,Tom Bradley,Mid-Market,active,2023-08-09T14:00:00
ACC-081,IroncladWorkflow Labs 081,Growth,162954.23,13579.52,usage-based,Ana Rodriguez,Tom Bradley,Mid-Market,active,2025-04-28T14:00:00
ACC-082,BrightForgeWorkflow Labs 082,Enterprise,665200.31,55433.36,usage-based,Marcus Johnson,David Park,Enterprise,active,2024-08-28T14:00:00
ACC-083,CoreSignalWorkflow Labs 083,Enterprise,478285.63,39857.14,usage-based,Priya Patel,Tom Bradley,Enterprise,active,2024-03-06T14:00:00
ACC-084,TrueNorthWorkflow Labs 084,Growth,133033.3,11086.11,usage-based,James Wilson,David Park,Mid-Market,active,2024-11-13T14:00:00
ACC-085,NorthstarAutomation Labs 085,Enterprise,534392.64,44532.72,usage-based,Sarah Chen,David Park,Enterprise,active,2023-02-21T14:00:00
ACC-086,BluePeakAutomation Labs 086,Growth,170058.54,14171.55,usage-based,Marcus Johnson,Tom Bradley,Mid-Market,active,2024-03-11T14:00:00
ACC-087,ClearPathAutomation Labs 087,Enterprise,512118.84,42676.57,usage-based,Priya Patel,David Park,Enterprise,active,2024-07-09T14:00:00
ACC-088,EvergreenAutomation Labs 088,Growth,64183.31,5348.61,usage-based,Priya Patel,David Park,Mid-Market,active,2024-07-14T14:00:00
ACC-089,SilverlineAutomation Labs 089,Growth,100060.56,8338.38,usage-based,Priya Patel,David Park,Mid-Market,active,2025-01-16T14:00:00
ACC-090,KeystoneAutomation Labs 090,Enterprise,512464.72,42705.39,usage-based,James Wilson,Lisa Chang,Enterprise,active,2023-09-04T14:00:00
ACC-091,SummitAutomation Labs 091,Growth,114281.38,9523.45,usage-based,Sarah Chen,Tom Bradley,Mid-Market,active,2024-08-06T14:00:00
ACC-092,RiverbendAutomation Labs 092,Enterprise,572879.41,47739.95,usage-based,Ana Rodriguez,Tom Bradley,Enterprise,active,2024-02-05T14:00:00
ACC-093,IroncladAutomation Labs 093,Growth,162261.65,13521.8,usage-based,Ana Rodriguez,Rachel Kim,Mid-Market,active,2023-03-06T14:00:00
ACC-094,BrightForgeAutomation Labs 094,Growth,183692.41,15307.7,usage-based,Marcus Johnson,Mike Rivera,Mid-Market,active,2024-08-09T14:00:00
ACC-095,CoreSignalAutomation Labs 095,Growth,154663.47,12888.62,usage-based,Priya Patel,Mike Rivera,Mid-Market,active,2023-02-08T14:00:00
ACC-096,TrueNorthAutomation Labs 096,Starter,15985.53,1332.13,hybrid,Marcus Johnson,Lisa Chang,SMB,active,2024-12-27T14:00:00
ACC-097,NorthstarSecurity Labs 097,Enterprise,302421.27,25201.77,usage-based,James Wilson,David Park,Enterprise,active,2023-04-01T14:00:00
ACC-098,BluePeakSecurity Labs 098,Enterprise,387220.51,32268.38,usage-based,Ana Rodriguez,Lisa Chang,Enterprise,active,2023-05-22T14:00:00
ACC-099,ClearPathSecurity Labs 099,Growth,129999.14,10833.26,usage-based,Marcus Johnson,Lisa Chang,Mid-Market,active,2023-07-25T14:00:00
ACC-100,EvergreenSecurity Labs 100,Growth,200893.45,16741.12,usage-based,Sarah Chen,Rachel Kim,Mid-Market,active,2024-10-14T14:00:00
ACC-101,SilverlineSecurity Labs 101,Enterprise,658983.02,54915.25,usage-based,Ana Rodriguez,Rachel Kim,Enterprise,active,2025-04-05T14:00:00
ACC-102,KeystoneSecurity Labs 102,Growth,205309.66,17109.14,usage-based,Sarah Chen,Rachel Kim,Mid-Market,active,2025-01-10T14:00:00
ACC-103,SummitSecurity Labs 103,Starter,30697.64,2558.14,hybrid,James Wilson,David Park,SMB,active,2023-02-12T14:00:00
ACC-104,RiverbendSecurity Labs 104,Growth,131850.51,10987.54,usage-based,Ana Rodriguez,Rachel Kim,Mid-Market,active,2024-12-15T14:00:00
ACC-105,IroncladSecurity Labs 105,Growth,126492.05,10541.0,usage-based,Priya Patel,Lisa Chang,Mid-Market,active,2023-08-13T14:00:00
ACC-106,BrightForgeSecurity Labs 106,Enterprise,568837.42,47403.12,usage-based,James Wilson,Lisa Chang,Enterprise,active,2024-08-18T14:00:00
ACC-107,CoreSignalSecurity Labs 107,Growth,169010.99,14084.25,usage-based,Marcus Johnson,Tom Bradley,Mid-Market,churned,2024-06-17T14:00:00
ACC-108,TrueNorthSecurity Labs 108,Growth,138147.1,11512.26,usage-based,Marcus Johnson,Lisa Chang,Mid-Market,active,2024-10-02T14:00:00
ACC-109,NorthstarCommerce Labs 109,Growth,69199.34,5766.61,usage-based,Marcus Johnson,Mike Rivera,Mid-Market,active,2024-03-28T14:00:00
ACC-110,BluePeakCommerce Labs 110,Growth,138584.78,11548.73,usage-based,James Wilson,Mike Rivera,Mid-Market,active,2024-10-27T14:00:00
ACC-111,ClearPathCommerce Labs 111,Starter,21242.21,1770.18,usage-based,Ana Rodriguez,Rachel Kim,SMB,active,2024-01-24T14:00:00
ACC-112,EvergreenCommerce Labs 112,Enterprise,355879.4,29656.62,usage-based,James Wilson,Rachel Kim,Enterprise,active,2023-11-22T14:00:00
ACC-113,SilverlineCommerce Labs 113,Growth,139211.55,11600.96,usage-based,Ana Rodriguez,Lisa Chang,Mid-Market,active,2024-01-13T14:00:00
ACC-114,KeystoneCommerce Labs 114,Enterprise,397917.99,33159.83,usage-based,Sarah Chen,Rachel Kim,Enterprise,active,2024-06-16T14:00:00
ACC-115,SummitCommerce Labs 115,Starter,35136.84,2928.07,usage-based,James Wilson,Lisa Chang,SMB,active,2023-08-28T14:00:00
ACC-116,RiverbendCommerce Labs 116,Growth,203433.34,16952.78,usage-based,Ana Rodriguez,David Park,Mid-Market,active,2023-07-18T14:00:00
ACC-117,IroncladCommerce Labs 117,Enterprise,501374.82,41781.24,usage-based,Marcus Johnson,Rachel Kim,Enterprise,active,2024-11-21T14:00:00
ACC-118,BrightForgeCommerce Labs 118,Enterprise,369551.93,30795.99,usage-based,Marcus Johnson,Rachel Kim,Enterprise,active,2024-06-26T14:00:00
ACC-119,CoreSignalCommerce Labs 119,Growth,198575.92,16547.99,usage-based,Priya Patel,Rachel Kim,Mid-Market,active,2024-09-10T14:00:00
ACC-120,TrueNorthCommerce Labs 120,Starter,23990.43,1999.2,usage-based,Priya Patel,Lisa Chang,SMB,active,2023-07-31T14:00:00
ACC-121,NorthstarHealth Labs 121,Enterprise,658642.8,54886.9,usage-based,Sarah Chen,Mike Rivera,Enterprise,active,2024-09-15T14:00:00
ACC-122,BluePeakHealth Labs 122,Enterprise,190190.01,15849.17,usage-based,Marcus Johnson,Lisa Chang,Enterprise,active,2025-01-17T14:00:00
ACC-123,ClearPathHealth Labs 123,Growth,62361.32,5196.78,usage-based,Marcus Johnson,Rachel Kim,Mid-Market,active,2023-06-10T14:00:00
ACC-124,EvergreenHealth Labs 124,Enterprise,364447.59,30370.63,usage-based,Ana Rodriguez,David Park,Enterprise,active,2023-04-22T14:00:00
ACC-125,SilverlineHealth Labs 125,Growth,180446.96,15037.25,usage-based,Marcus Johnson,Tom Bradley,Mid-Market,active,2025-02-05T14:00:00
ACC-126,KeystoneHealth Labs 126,Growth,207341.92,17278.49,usage-based,Ana Rodriguez,Rachel Kim,Mid-Market,active,2024-04-15T14:00:00
ACC-127,SummitHealth Labs 127,Starter,14743.21,1228.6,usage-based,Sarah Chen,Tom Bradley,SMB,active,2023-06-26T14:00:00
ACC-128,RiverbendHealth Labs 128,Growth,63547.8,5295.65,usage-based,Ana Rodriguez,Mike Rivera,Mid-Market,active,2024-06-05T14:00:00
ACC-129,IroncladHealth Labs 129,Growth,159750.8,13312.57,usage-based,Sarah Chen,David Park,Mid-Market,active,2023-08-02T14:00:00
ACC-130,BrightForgeHealth Labs 130,Growth,193224.46,16102.04,usage-based,James Wilson,Mike Rivera,Mid-Market,active,2024-03-09T14:00:00
ACC-131,CoreSignalHealth Labs 131,Starter,29609.89,2467.49,hybrid,Marcus Johnson,Rachel Kim,SMB,active,2024-11-27T14:00:00
ACC-132,TrueNorthHealth Labs 132,Growth,213854.32,17821.19,usage-based,Priya Patel,David Park,Mid-Market,active,2023-02-19T14:00:00
ACC-133,NorthstarLogistics Labs 133,Starter,34337.81,2861.48,hybrid,James Wilson,David Park,SMB,active,2024-08-25T14:00:00
ACC-134,BluePeakLogistics Labs 134,Growth,85698.14,7141.51,usage-based,Sarah Chen,Tom Bradley,Mid-Market,active,2024-02-20T14:00:00
ACC-135,ClearPathLogistics Labs 135,Enterprise,412354.23,34362.85,usage-based,Ana Rodriguez,Rachel Kim,Enterprise,active,2024-06-16T14:00:00
ACC-136,EvergreenLogistics Labs 136,Enterprise,605476.42,50456.37,usage-based,Marcus Johnson,Rachel Kim,Enterprise,active,2024-10-21T14:00:00
ACC-137,SilverlineLogistics Labs 137,Growth,87986.73,7332.23,usage-based,Priya Patel,David Park,Mid-Market,active,2023-06-08T14:00:00
ACC-138,KeystoneLogistics Labs 138,Starter,26896.89,2241.41,usage-based,Sarah Chen,Lisa Chang,SMB,active,2023-05-20T14:00:00
ACC-139,SummitLogistics Labs 139,Growth,140821.37,11735.11,usage-based,Marcus Johnson,Rachel Kim,Mid-Market,active,2023-08-04T14:00:00
ACC-140,RiverbendLogistics Labs 140,Growth,121775.07,10147.92,usage-based,Sarah Chen,Mike Rivera,Mid-Market,active,2024-07-29T14:00:00
ACC-141,IroncladLogistics Labs 141,Enterprise,525893.58,43824.46,usage-based,Priya Patel,David Park,Enterprise,active,2024-05-14T14:00:00
ACC-142,BrightForgeLogistics Labs 142,Growth,136504.1,11375.34,usage-based,James Wilson,David Park,Mid-Market,active,2024-06-22T14:00:00
ACC-143,CoreSignalLogistics Labs 143,Growth,122766.66,10230.56,usage-based,Priya Patel,Tom Bradley,Mid-Market,active,2024-10-02T14:00:00
ACC-144,TrueNorthLogistics Labs 144,Enterprise,276292.15,23024.35,usage-based,Sarah Chen,David Park,Enterprise,active,2023-04-07T14:00:00
ACC-145,NorthstarAnalytics Systems 145,Growth,76094.29,6341.19,usage-based,James Wilson,Tom Bradley,Mid-Market,active,2023-05-16T14:00:00
ACC-146,BluePeakAnalytics Systems 146,Growth,177317.01,14776.42,usage-based,Ana Rodriguez,Tom Bradley,Mid-Market,active,2025-02-13T14:00:00
ACC-147,ClearPathAnalytics Systems 147,Starter,18072.38,1506.03,hybrid,Marcus Johnson,Tom Bradley,SMB,active,2025-05-12T14:00:00
ACC-148,EvergreenAnalytics Systems 148,Growth,64531.77,5377.65,usage-based,Sarah Chen,Mike Rivera,Mid-Market,active,2023-11-07T14:00:00
ACC-149,SilverlineAnalytics Systems 149,Enterprise,652044.81,54337.07,usage-based,James Wilson,Mike Rivera,Enterprise,active,2025-05-14T14:00:00
ACC-150,KeystoneAnalytics Systems 150,Growth,125552.66,10462.72,usage-based,James Wilson,Tom Bradley,Mid-Market,active,2024-11-19T14:00:00
ACC-151,SummitAnalytics Systems 151,Starter,16584.27,1382.02,hybrid,Sarah Chen,Mike Rivera,SMB,active,2024-04-11T14:00:00
ACC-152,RiverbendAnalytics Systems 152,Growth,144709.77,12059.15,usage-based,Sarah Chen,Lisa Chang,Mid-Market,active,2024-12-25T14:00:00
ACC-153,IroncladAnalytics Systems 153,Starter,40270.27,3355.86,usage-based,Marcus Johnson,Mike Rivera,SMB,active,2023-11-02T14:00:00
ACC-154,BrightForgeAnalytics Systems 154,Growth,149924.54,12493.71,usage-based,Ana Rodriguez,Lisa Chang,Mid-Market,active,2023-03-24T14:00:00
ACC-155,CoreSignalAnalytics Systems 155,Growth,122191.57,10182.63,usage-based,James Wilson,Tom Bradley,Mid-Market,active,2023-10-02T14:00:00
ACC-156,TrueNorthAnalytics Systems 156,Growth,96357.68,8029.81,usage-based,Ana Rodriguez,Mike Rivera,Mid-Market,active,2023-09-10T14:00:00
ACC-157,NorthstarCloud Systems 157,Starter,11373.94,947.83,usage-based,Marcus Johnson,Tom Bradley,SMB,active,2023-07-20T14:00:00
ACC-158,BluePeakCloud Systems 158,Enterprise,299932.59,24994.38,usage-based,Ana Rodriguez,Mike Rivera,Enterprise,active,2024-12-17T14:00:00
ACC-159,ClearPathCloud Systems 159,Enterprise,405251.85,33770.99,usage-based,Ana Rodriguez,Rachel Kim,Enterprise,active,2024-08-01T14:00:00
ACC-160,EvergreenCloud Systems 160,Enterprise,324052.44,27004.37,usage-based,Priya Patel,Rachel Kim,Enterprise,churned,2025-03-15T14:00:00
ACC-161,SilverlineCloud Systems 161,Growth,206456.17,17204.68,usage-based,Ana Rodriguez,Lisa Chang,Mid-Market,active,2024-03-17T14:00:00
ACC-162,KeystoneCloud Systems 162,Enterprise,292404.73,24367.06,usage-based,Marcus Johnson,Tom Bradley,Enterprise,active,2023-01-31T14:00:00
ACC-163,SummitCloud Systems 163,Enterprise,209819.02,17484.92,usage-based,Priya Patel,David Park,Enterprise,active,2023-04-21T14:00:00
ACC-164,RiverbendCloud Systems 164,Starter,39320.55,3276.71,hybrid,Sarah Chen,Rachel Kim,SMB,active,2023-06-21T14:00:00
ACC-165,IroncladCloud Systems 165,Growth,113646.52,9470.54,usage-based,Priya Patel,David Park,Mid-Market,active,2023-11-21T14:00:00
ACC-166,BrightForgeCloud Systems 166,Growth,56318.65,4693.22,usage-based,Sarah Chen,Rachel Kim,Mid-Market,active,2023-05-05T14:00:00
ACC-167,CoreSignalCloud Systems 167,Growth,86565.49,7213.79,usage-based,Sarah Chen,Lisa Chang,Mid-Market,active,2023-07-06T14:00:00
ACC-168,TrueNorthCloud Systems 168,Starter,27556.77,2296.4,usage-based,Priya Patel,David Park,SMB,active,2025-04-15T14:00:00
ACC-169,NorthstarData Systems 169,Growth,73183.95,6098.66,usage-based,Ana Rodriguez,Rachel Kim,Mid-Market,active,2024-08-15T14:00:00
ACC-170,BluePeakData Systems 170,Enterprise,472664.81,39388.73,usage-based,James Wilson,Mike Rivera,Enterprise,active,2024-01-31T14:00:00
ACC-171,ClearPathData Systems 171,Growth,101328.89,8444.07,usage-based,Sarah Chen,Lisa Chang,Mid-Market,active,2024-06-23T14:00:00
ACC-172,EvergreenData Systems 172,Growth,130193.49,10849.46,usage-based,James Wilson,David Park,Mid-Market,active,2025-04-19T14:00:00
ACC-173,SilverlineData Systems 173,Growth,97984.05,8165.34,usage-based,Priya Patel,Mike Rivera,Mid-Market,active,2023-03-27T14:00:00
ACC-174,KeystoneData Systems 174,Growth,133598.13,11133.18,usage-based,Sarah Chen,David Park,Mid-Market,active,2024-02-08T14:00:00
ACC-175,SummitData Systems 175,Growth,75389.69,6282.47,usage-based,Priya Patel,David Park,Mid-Market,active,2023-04-13T14:00:00
ACC-176,RiverbendData Systems 176,Growth,120683.29,10056.94,usage-based,Sarah Chen,Lisa Chang,Mid-Market,active,2024-08-26T14:00:00
ACC-177,IroncladData Systems 177,Growth,207125.75,17260.48,usage-based,James Wilson,Rachel Kim,Mid-Market,active,2025-01-22T14:00:00
ACC-178,BrightForgeData Systems 178,Enterprise,495011.14,41250.93,usage-based,Marcus Johnson,Lisa Chang,Enterprise,active,2024-07-12T14:00:00
ACC-179,CoreSignalData Systems 179,Growth,140300.75,11691.73,usage-based,Sarah Chen,Lisa Chang,Mid-Market,active,2025-01-30T14:00:00
ACC-180,TrueNorthData Systems 180,Growth,62908.97,5242.41,usage-based,Marcus Johnson,Rachel Kim,Mid-Market,active,2023-05-24T14:00:00
ACC-181,NorthstarMetrics Systems 181,Growth,167563.27,13963.61,usage-based,James Wilson,Rachel Kim,Mid-Market,active,2024-01-29T14:00:00
ACC-182,BluePeakMetrics Systems 182,Enterprise,455632.54,37969.38,usage-based,James Wilson,Lisa Chang,Enterprise,active,2023-09-21T14:00:00
ACC-183,ClearPathMetrics Systems 183,Growth,198520.07,16543.34,usage-based,Sarah Chen,Tom Bradley,Mid-Market,active,2023-03-27T14:00:00
ACC-184,EvergreenMetrics Systems 184,Starter,22108.04,1842.34,hybrid,Sarah Chen,Tom Bradley,SMB,active,2023-05-14T14:00:00
ACC-185,SilverlineMetrics Systems 185,Growth,146474.91,12206.24,usage-based,James Wilson,Lisa Chang,Mid-Market,active,2024-02-24T14:00:00
ACC-186,KeystoneMetrics Systems 186,Enterprise,352561.97,29380.16,usage-based,Ana Rodriguez,David Park,Enterprise,active,2024-05-05T14:00:00
ACC-187,SummitMetrics Systems 187,Enterprise,340888.68,28407.39,usage-based,Marcus Johnson,Lisa Chang,Enterprise,active,2023-10-19T14:00:00
ACC-188,RiverbendMetrics Systems 188,Growth,194370.31,16197.53,usage-based,James Wilson,Mike Rivera,Mid-Market,active,2024-07-05T14:00:00
ACC-189,IroncladMetrics Systems 189,Starter,31977.75,2664.81,hybrid,James Wilson,Lisa Chang,SMB,active,2024-01-05T14:00:00
ACC-190,BrightForgeMetrics Systems 190,Starter,12292.37,1024.36,hybrid,Sarah Chen,Rachel Kim,SMB,active,2025-02-13T14:00:00
ACC-191,CoreSignalMetrics Systems 191,Growth,123333.2,10277.77,usage-based,Marcus Johnson,Rachel Kim,Mid-Market,active,2023-07-26T14:00:00
ACC-192,TrueNorthMetrics Systems 192,Starter,10544.16,878.68,hybrid,Priya Patel,David Park,SMB,active,2023-06-17T14:00:00
ACC-193,NorthstarOps Systems 193,Growth,56296.13,4691.34,usage-based,Priya Patel,David Park,Mid-Market,active,2024-05-02T14:00:00
ACC-194,BluePeakOps Systems 194,Starter,29311.17,2442.6,hybrid,Ana Rodriguez,Mike Rivera,SMB,active,2023-09-02T14:00:00
ACC-195,ClearPathOps Systems 195,Enterprise,495580.51,41298.38,usage-based,Priya Patel,Lisa Chang,Enterprise,active,2023-04-23T14:00:00
ACC-196,EvergreenOps Systems 196,Enterprise,669168.86,55764.07,usage-based,Sarah Chen,Rachel Kim,Enterprise,active,2024-12-07T14:00:00
ACC-197,SilverlineOps Systems 197,Growth,202809.48,16900.79,usage-based,Sarah Chen,Tom Bradley,Mid-Market,active,2023-03-03T14:00:00
ACC-198,KeystoneOps Systems 198,Enterprise,359231.67,29935.97,usage-based,James Wilson,Lisa Chang,Enterprise,active,2024-09-18T14:00:00
ACC-199,SummitOps Systems 199,Growth,142735.2,11894.6,usage-based,Marcus Johnson,Lisa Chang,Mid-Market,active,2024-11-28T14:00:00
ACC-200,RiverbendOps Systems 200,Enterprise,615419.8,51284.98,usage-based,Ana Rodriguez,Lisa Chang,Enterprise,active,2024-01-03T14:00:00
ACC-201,IroncladOps Systems 201,Starter,12866.0,1072.17,hybrid,Priya Patel,Rachel Kim,SMB,active,2024-09-07T14:00:00
ACC-202,BrightForgeOps Systems 202,Growth,202005.72,16833.81,usage-based,James Wilson,Tom Bradley,Mid-Market,active,2023-07-03T14:00:00
ACC-203,CoreSignalOps Systems 203,Growth,55147.42,4595.62,usage-based,Priya Patel,David Park,Mid-Market,active,2024-07-24T14:00:00
ACC-204,TrueNorthOps Systems 204,Growth,117526.99,9793.92,usage-based,Priya Patel,Rachel Kim,Mid-Market,active,2024-07-21T14:00:00
ACC-205,NorthstarRevenue Systems 205,Enterprise,372346.62,31028.88,usage-based,James Wilson,Mike Rivera,Enterprise,active,2024-09-26T14:00:00
ACC-206,BluePeakRevenue Systems 206,Growth,105894.73,8824.56,usage-based,Priya Patel,Tom Bradley,Mid-Market,active,2025-05-04T14:00:00
ACC-207,ClearPathRevenue Systems 207,Starter,30379.81,2531.65,hybrid,Sarah Chen,David Park,SMB,active,2023-06-24T14:00:00
ACC-208,EvergreenRevenue Systems 208,Growth,215301.3,17941.77,usage-based,Ana Rodriguez,Rachel Kim,Mid-Market,active,2023-01-25T14:00:00
ACC-209,SilverlineRevenue Systems 209,Starter,17730.6,1477.55,usage-based,Ana Rodriguez,Tom Bradley,SMB,active,2024-10-14T14:00:00
ACC-210,KeystoneRevenue Systems 210,Starter,29110.3,2425.86,usage-based,Sarah Chen,Mike Rivera,SMB,active,2024-07-14T14:00:00
ACC-211,SummitRevenue Systems 211,Starter,9134.39,761.2,hybrid,Marcus Johnson,Mike Rivera,SMB,active,2024-07-28T14:00:00
ACC-212,RiverbendRevenue Systems 212,Growth,115959.55,9663.3,usage-based,Marcus Johnson,Lisa Chang,Mid-Market,active,2023-03-13T14:00:00
ACC-213,IroncladRevenue Systems 213,Growth,214925.15,17910.43,usage-based,Ana Rodriguez,David Park,Mid-Market,churned,2024-08-20T14:00:00
ACC-214,BrightForgeRevenue Systems 214,Starter,16736.98,1394.75,hybrid,Priya Patel,Tom Bradley,SMB,active,2023-02-23T14:00:00
ACC-215,CoreSignalRevenue Systems 215,Enterprise,661446.65,55120.55,usage-based,Marcus Johnson,Lisa Chang,Enterprise,active,2023-07-04T14:00:00
ACC-216,TrueNorthRevenue Systems 216,Growth,216429.72,18035.81,usage-based,Ana Rodriguez,Tom Bradley,Mid-Market,active,2025-02-23T14:00:00
ACC-217,NorthstarWorkflow Systems 217,Starter,8473.23,706.1,usage-based,James Wilson,Tom Bradley,SMB,active,2023-07-08T14:00:00
ACC-218,BluePeakWorkflow Systems 218,Growth,88664.73,7388.73,usage-based,James Wilson,Tom Bradley,Mid-Market,active,2025-02-05T14:00:00
ACC-219,ClearPathWorkflow Systems 219,Growth,125922.88,10493.57,usage-based,Ana Rodriguez,David Park,Mid-Market,active,2024-06-25T14:00:00
ACC-220,EvergreenWorkflow Systems 220,Starter,15526.48,1293.87,usage-based,James Wilson,Tom Bradley,SMB,active,2023-08-01T14:00:00
ACC-221,SilverlineWorkflow Systems 221,Growth,66880.31,5573.36,usage-based,Sarah Chen,Tom Bradley,Mid-Market,active,2024-01-08T14:00:00
ACC-222,KeystoneWorkflow Systems 222,Enterprise,297400.02,24783.34,usage-based,Ana Rodriguez,Lisa Chang,Enterprise,active,2024-04-24T14:00:00
ACC-223,SummitWorkflow Systems 223,Enterprise,515243.11,42936.93,usage-based,Ana Rodriguez,Rachel Kim,Enterprise,active,2023-10-03T14:00:00
ACC-224,RiverbendWorkflow Systems 224,Growth,69505.08,5792.09,usage-based,James Wilson,Mike Rivera,Mid-Market,active,2023-01-24T14:00:00
ACC-225,IroncladWorkflow Systems 225,Growth,114644.63,9553.72,usage-based,Priya Patel,Mike Rivera,Mid-Market,active,2023-06-20T14:00:00
ACC-226,BrightForgeWorkflow Systems 226,Growth,120922.19,10076.85,usage-based,Marcus Johnson,Tom Bradley,Mid-Market,active,2025-02-14T14:00:00
ACC-227,CoreSignalWorkflow Systems 227,Starter,20489.39,1707.45,hybrid,Sarah Chen,Rachel Kim,SMB,active,2024-08-17T14:00:00
ACC-228,TrueNorthWorkflow Systems 228,Enterprise,241079.86,20089.99,usage-based,James Wilson,Mike Rivera,Enterprise,active,2023-07-18T14:00:00
ACC-229,NorthstarAutomation Systems 229,Growth,155829.74,12985.81,usage-based,Sarah Chen,Mike Rivera,Mid-Market,active,2023-03-13T14:00:00
ACC-230,BluePeakAutomation Systems 230,Growth,218010.12,18167.51,usage-based,Ana Rodriguez,Lisa Chang,Mid-Market,active,2025-03-17T14:00:00
ACC-231,ClearPathAutomation Systems 231,Starter,26843.06,2236.92,usage-based,Marcus Johnson,Tom Bradley,SMB,active,2023-03-26T14:00:00
ACC-232,EvergreenAutomation Systems 232,Enterprise,630265.52,52522.13,usage-based,Sarah Chen,Tom Bradley,Enterprise,active,2024-12-29T14:00:00
ACC-233,SilverlineAutomation Systems 233,Starter,26367.33,2197.28,usage-based,Sarah Chen,Mike Rivera,SMB,active,2025-01-12T14:00:00
ACC-234,KeystoneAutomation Systems 234,Enterprise,574992.33,47916.03,usage-based,Marcus Johnson,David Park,Enterprise,active,2024-06-29T14:00:00
ACC-235,SummitAutomation Systems 235,Enterprise,312683.75,26056.98,usage-based,Marcus Johnson,Rachel Kim,Enterprise,active,2023-12-05T14:00:00
ACC-236,RiverbendAutomation Systems 236,Growth,53313.33,4442.78,usage-based,James Wilson,Tom Bradley,Mid-Market,active,2023-12-18T14:00:00
ACC-237,IroncladAutomation Systems 237,Growth,122456.96,10204.75,usage-based,Marcus Johnson,David Park,Mid-Market,active,2025-04-12T14:00:00
ACC-238,BrightForgeAutomation Systems 238,Growth,203757.8,16979.82,usage-based,Ana Rodriguez,Tom Bradley,Mid-Market,active,2024-02-12T14:00:00
ACC-239,CoreSignalAutomation Systems 239,Growth,47544.81,3962.07,usage-based,James Wilson,Rachel Kim,Mid-Market,active,2024-03-16T14:00:00
ACC-240,TrueNorthAutomation Systems 240,Growth,129267.86,10772.32,usage-based,James Wilson,Mike Rivera,Mid-Market,active,2025-03-05T14:00:00
ACC-241,NorthstarSecurity Systems 241,Growth,68403.42,5700.28,usage-based,Marcus Johnson,Tom Bradley,Mid-Market,active,2023-08-26T14:00:00
ACC-242,BluePeakSecurity Systems 242,Growth,139607.45,11633.95,usage-based,Priya Patel,Rachel Kim,Mid-Market,active,2023-09-23T14:00:00
ACC-243,ClearPathSecurity Systems 243,Growth,122761.34,10230.11,usage-based,Ana Rodriguez,Rachel Kim,Mid-Market,active,2025-02-14T14:00:00
ACC-244,EvergreenSecurity Systems 244,Starter,11890.08,990.84,usage-based,James Wilson,Rachel Kim,SMB,active,2024-10-05T14:00:00
ACC-245,SilverlineSecurity Systems 245,Growth,189280.62,15773.39,usage-based,James Wilson,Rachel Kim,Mid-Market,active,2023-05-10T14:00:00
ACC-246,KeystoneSecurity Systems 246,Enterprise,393382.0,32781.83,usage-based,Priya Patel,Tom Bradley,Enterprise,active,2024-12-21T14:00:00
ACC-247,SummitSecurity Systems 247,Growth,126419.68,10534.97,usage-based,Sarah Chen,Mike Rivera,Mid-Market,active,2025-02-20T14:00:00
ACC-248,RiverbendSecurity Systems 248,Growth,174536.84,14544.74,usage-based,Priya Patel,Lisa Chang,Mid-Market,active,2023-11-04T14:00:00
ACC-249,IroncladSecurity Systems 249,Enterprise,658312.31,54859.36,usage-based,Ana Rodriguez,Tom Bradley,Enterprise,active,2023-07-10T14:00:00
ACC-250,BrightForgeSecurity Systems 250,Enterprise,356799.04,29733.25,usage-based,James Wilson,Mike Rivera,Enterprise,active,2024-08-05T14:00:00
ACC-251,CoreSignalSecurity Systems 251,Growth,104593.02,8716.09,usage-based,Ana Rodriguez,David Park,Mid-Market,active,2024-10-21T14:00:00
ACC-252,TrueNorthSecurity Systems 252,Enterprise,421094.7,35091.22,usage-based,Sarah Chen,Tom Bradley,Enterprise,active,2023-11-04T14:00:00
ACC-253,NorthstarCommerce Systems 253,Growth,177743.8,14811.98,usage-based,Ana Rodriguez,Lisa Chang,Mid-Market,active,2023-02-20T14:00:00
ACC-254,BluePeakCommerce Systems 254,Growth,141851.89,11820.99,usage-based,Ana Rodriguez,David Park,Mid-Market,active,2023-07-05T14:00:00
ACC-255,ClearPathCommerce Systems 255,Growth,46673.18,3889.43,usage-based,Priya Patel,Mike Rivera,Mid-Market,active,2024-11-23T14:00:00
ACC-256,EvergreenCommerce Systems 256,Enterprise,561204.76,46767.06,usage-based,Priya Patel,Tom Bradley,Enterprise,active,2025-05-20T14:00:00
ACC-257,SilverlineCommerce Systems 257,Enterprise,251625.75,20968.81,usage-based,James Wilson,Mike Rivera,Enterprise,active,2025-01-01T14:00:00
ACC-258,KeystoneCommerce Systems 258,Growth,214982.24,17915.19,usage-based,Sarah Chen,David Park,Mid-Market,active,2024-10-18T14:00:00
ACC-259,SummitCommerce Systems 259,Growth,122748.95,10229.08,usage-based,Marcus Johnson,Tom Bradley,Mid-Market,active,2024-07-11T14:00:00
ACC-260,RiverbendCommerce Systems 260,Growth,180276.74,15023.06,usage-based,Ana Rodriguez,David Park,Mid-Market,active,2025-03-01T14:00:00
ACC-261,IroncladCommerce Systems 261,Starter,13289.72,1107.48,usage-based,Sarah Chen,Tom Bradley,SMB,active,2024-02-28T14:00:00
ACC-262,BrightForgeCommerce Systems 262,Growth,128447.78,10703.98,usage-based,James Wilson,Rachel Kim,Mid-Market,active,2024-08-20T14:00:00
ACC-263,CoreSignalCommerce Systems 263,Enterprise,436173.15,36347.76,usage-based,Priya Patel,Rachel Kim,Enterprise,active,2025-02-02T14:00:00
ACC-264,TrueNorthCommerce Systems 264,Growth,162770.55,13564.21,usage-based,James Wilson,David Park,Mid-Market,active,2023-07-13T14:00:00
ACC-265,NorthstarHealth Systems 265,Growth,81252.28,6771.02,usage-based,Ana Rodriguez,Mike Rivera,Mid-Market,active,2025-05-19T14:00:00
ACC-266,BluePeakHealth Systems 266,Enterprise,652662.04,54388.5,usage-based,Marcus Johnson,Tom Bradley,Enterprise,churned,2024-08-03T14:00:00
ACC-267,ClearPathHealth Systems 267,Growth,43375.92,3614.66,usage-based,James Wilson,Lisa Chang,Mid-Market,active,2025-01-14T14:00:00
ACC-268,EvergreenHealth Systems 268,Growth,167253.48,13937.79,usage-based,Ana Rodriguez,David Park,Mid-Market,active,2023-01-24T14:00:00
ACC-269,SilverlineHealth Systems 269,Growth,105041.76,8753.48,usage-based,James Wilson,Mike Rivera,Mid-Market,active,2024-03-06T14:00:00
ACC-270,KeystoneHealth Systems 270,Enterprise,640581.22,53381.77,usage-based,Priya Patel,David Park,Enterprise,active,2024-03-13T14:00:00
ACC-271,SummitHealth Systems 271,Growth,168290.82,14024.24,usage-based,James Wilson,Tom Bradley,Mid-Market,active,2025-01-29T14:00:00
ACC-272,RiverbendHealth Systems 272,Growth,213983.55,17831.96,usage-based,Marcus Johnson,David Park,Mid-Market,active,2024-02-10T14:00:00
ACC-273,IroncladHealth Systems 273,Starter,39272.17,3272.68,usage-based,James Wilson,Mike Rivera,SMB,active,2024-09-19T14:00:00
ACC-274,BrightForgeHealth Systems 274,Growth,113280.07,9440.01,usage-based,Sarah Chen,Rachel Kim,Mid-Market,active,2024-07-13T14:00:00
ACC-275,CoreSignalHealth Systems 275,Growth,81439.83,6786.65,usage-based,Marcus Johnson,Mike Rivera,Mid-Market,active,2023-12-21T14:00:00
ACC-276,TrueNorthHealth Systems 276,Growth,136447.66,11370.64,usage-based,Marcus Johnson,Tom Bradley,Mid-Market,active,2024-06-01T14:00:00
ACC-277,NorthstarLogistics Systems 277,Growth,187772.85,15647.74,usage-based,Marcus Johnson,Lisa Chang,Mid-Market,active,2025-02-10T14:00:00
ACC-278,BluePeakLogistics Systems 278,Enterprise,278635.9,23219.66,usage-based,Ana Rodriguez,Lisa Chang,Enterprise,active,2023-04-09T14:00:00
ACC-279,ClearPathLogistics Systems 279,Growth,55412.88,4617.74,usage-based,James Wilson,Rachel Kim,Mid-Market,active,2023-04-15T14:00:00
ACC-280,EvergreenLogistics Systems 280,Enterprise,469734.04,39144.5,usage-based,Ana Rodriguez,David Park,Enterprise,active,2024-06-30T14:00:00
ACC-281,SilverlineLogistics Systems 281,Starter,29325.39,2443.78,usage-based,James Wilson,Mike Rivera,SMB,active,2024-02-01T14:00:00
ACC-282,KeystoneLogistics Systems 282,Growth,95902.04,7991.84,usage-based,Priya Patel,David Park,Mid-Market,active,2025-03-30T14:00:00
ACC-283,SummitLogistics Systems 283,Growth,55205.94,4600.49,usage-based,James Wilson,Rachel Kim,Mid-Market,active,2025-04-18T14:00:00
ACC-284,RiverbendLogistics Systems 284,Enterprise,595848.32,49654.03,usage-based,Sarah Chen,Mike Rivera,Enterprise,active,2023-09-05T14:00:00
ACC-285,IroncladLogistics Systems 285,Growth,110437.88,9203.16,usage-based,Ana Rodriguez,David Park,Mid-Market,active,2023-03-08T14:00:00
ACC-286,BrightForgeLogistics Systems 286,Starter,9394.77,782.9,usage-based,Priya Patel,David Park,SMB,active,2024-01-25T14:00:00
ACC-287,CoreSignalLogistics Systems 287,Growth,212474.58,17706.22,usage-based,James Wilson,Mike Rivera,Mid-Market,active,2023-02-16T14:00:00
ACC-288,TrueNorthLogistics Systems 288,Starter,19676.88,1639.74,usage-based,Ana Rodriguez,Lisa Chang,SMB,active,2025-04-16T14:00:00
ACC-289,NorthstarAnalytics Group 289,Enterprise,398879.14,33239.93,usage-based,James Wilson,David Park,Enterprise,active,2023-12-08T14:00:00
ACC-290,BluePeakAnalytics Group 290,Growth,106773.84,8897.82,usage-based,Priya Patel,Rachel Kim,Mid-Market,active,2024-04-03T14:00:00
ACC-291,ClearPathAnalytics Group 291,Growth,162843.79,13570.32,usage-based,Sarah Chen,Tom Bradley,Mid-Market,active,2025-03-20T14:00:00
ACC-292,EvergreenAnalytics Group 292,Growth,141317.45,11776.45,usage-based,James Wilson,Tom Bradley,Mid-Market,active,2024-09-10T14:00:00
ACC-293,SilverlineAnalytics Group 293,Growth,158868.41,13239.03,usage-based,Ana Rodriguez,Lisa Chang,Mid-Market,active,2024-06-19T14:00:00
ACC-294,KeystoneAnalytics Group 294,Enterprise,511806.05,42650.5,usage-based,Priya Patel,Tom Bradley,Enterprise,active,2023-07-25T14:00:00
ACC-295,SummitAnalytics Group 295,Growth,111768.52,9314.04,usage-based,Ana Rodriguez,Mike Rivera,Mid-Market,active,2024-07-13T14:00:00
ACC-296,RiverbendAnalytics Group 296,Growth,156541.8,13045.15,usage-based,Priya Patel,Lisa Chang,Mid-Market,active,2023-07-10T14:00:00
ACC-297,IroncladAnalytics Group 297,Growth,210585.34,17548.78,usage-based,Ana Rodriguez,Mike Rivera,Mid-Market,active,2023-08-04T14:00:00
ACC-298,BrightForgeAnalytics Group 298,Growth,132510.95,11042.58,usage-based,Sarah Chen,Tom Bradley,Mid-Market,active,2024-07-14T14:00:00
ACC-299,CoreSignalAnalytics Group 299,Enterprise,287096.33,23924.69,usage-based,James Wilson,Lisa Chang,Enterprise,active,2024-10-07T14:00:00
ACC-300,TrueNorthAnalytics Group 300,Starter,13268.14,1105.68,hybrid,Sarah Chen,David Park,SMB,active,2023-03-29T14:00:00
ACC-301,NorthstarCloud Group 301,Growth,173478.63,14456.55,usage-based,Ana Rodriguez,Mike Rivera,Mid-Market,active,2023-07-19T14:00:00
ACC-302,BluePeakCloud Group 302,Growth,178402.75,14866.9,usage-based,Marcus Johnson,David Park,Mid-Market,active,2024-05-06T14:00:00
ACC-303,ClearPathCloud Group 303,Enterprise,270422.98,22535.25,usage-based,Ana Rodriguez,Lisa Chang,Enterprise,active,2023-05-19T14:00:00
ACC-304,EvergreenCloud Group 304,Growth,115132.83,9594.4,usage-based,Marcus Johnson,Rachel Kim,Mid-Market,active,2023-09-09T14:00:00
ACC-305,SilverlineCloud Group 305,Growth,175239.5,14603.29,usage-based,James Wilson,Lisa Chang,Mid-Market,active,2023-11-27T14:00:00
ACC-306,KeystoneCloud Group 306,Enterprise,662798.32,55233.19,usage-based,James Wilson,Lisa Chang,Enterprise,active,2024-05-15T14:00:00
ACC-307,SummitCloud Group 307,Growth,143534.65,11961.22,usage-based,James Wilson,Rachel Kim,Mid-Market,active,2023-03-31T14:00:00
ACC-308,RiverbendCloud Group 308,Growth,109973.29,9164.44,usage-based,Ana Rodriguez,Rachel Kim,Mid-Market,active,2024-12-12T14:00:00
ACC-309,IroncladCloud Group 309,Starter,35242.81,2936.9,usage-based,Priya Patel,Mike Rivera,SMB,active,2023-08-09T14:00:00
ACC-310,BrightForgeCloud Group 310,Growth,108075.75,9006.31,usage-based,Sarah Chen,David Park,Mid-Market,active,2025-01-19T14:00:00
ACC-311,CoreSignalCloud Group 311,Enterprise,561558.42,46796.54,usage-based,Priya Patel,Rachel Kim,Enterprise,active,2023-12-18T14:00:00
ACC-312,TrueNorthCloud Group 312,Enterprise,398736.28,33228.02,usage-based,Marcus Johnson,Rachel Kim,Enterprise,active,2024-06-03T14:00:00
ACC-313,NorthstarData Group 313,Starter,22106.49,1842.21,hybrid,Ana Rodriguez,Tom Bradley,SMB,active,2024-09-27T14:00:00
ACC-314,BluePeakData Group 314,Growth,56525.77,4710.48,usage-based,Marcus Johnson,Mike Rivera,Mid-Market,active,2024-07-04T14:00:00
ACC-315,ClearPathData Group 315,Starter,36531.99,3044.33,hybrid,Marcus Johnson,Lisa Chang,SMB,active,2025-04-17T14:00:00
ACC-316,EvergreenData Group 316,Growth,189697.56,15808.13,usage-based,Marcus Johnson,Rachel Kim,Mid-Market,active,2024-02-22T14:00:00
ACC-317,SilverlineData Group 317,Growth,203242.63,16936.89,usage-based,Sarah Chen,Tom Bradley,Mid-Market,active,2024-10-18T14:00:00
ACC-318,KeystoneData Group 318,Starter,26659.34,2221.61,hybrid,Sarah Chen,Tom Bradley,SMB,active,2024-09-25T14:00:00
ACC-319,SummitData Group 319,Growth,50499.4,4208.28,usage-based,James Wilson,David Park,Mid-Market,churned,2024-02-13T14:00:00
ACC-320,RiverbendData Group 320,Enterprise,598343.86,49861.99,usage-based,James Wilson,David Park,Enterprise,active,2023-11-25T14:00:00
ACC-321,IroncladData Group 321,Enterprise,437687.87,36473.99,usage-based,Marcus Johnson,Lisa Chang,Enterprise,active,2024-08-01T14:00:00
ACC-322,BrightForgeData Group 322,Growth,151436.11,12619.68,usage-based,Marcus Johnson,David Park,Mid-Market,active,2024-03-26T14:00:00
ACC-323,CoreSignalData Group 323,Enterprise,514107.45,42842.29,usage-based,Ana Rodriguez,Tom Bradley,Enterprise,active,2025-03-18T14:00:00
ACC-324,TrueNorthData Group 324,Starter,26498.79,2208.23,usage-based,James Wilson,Rachel Kim,SMB,active,2025-04-12T14:00:00
ACC-325,NorthstarMetrics Group 325,Growth,216625.02,18052.08,usage-based,Priya Patel,Mike Rivera,Mid-Market,active,2024-05-26T14:00:00
ACC-326,BluePeakMetrics Group 326,Starter,19723.28,1643.61,usage-based,Ana Rodriguez,Tom Bradley,SMB,active,2025-01-10T14:00:00
ACC-327,ClearPathMetrics Group 327,Enterprise,453006.87,37750.57,usage-based,Marcus Johnson,Rachel Kim,Enterprise,active,2023-06-14T14:00:00
ACC-328,EvergreenMetrics Group 328,Growth,74445.48,6203.79,usage-based,Marcus Johnson,Mike Rivera,Mid-Market,active,2023-05-24T14:00:00
ACC-329,SilverlineMetrics Group 329,Growth,123466.96,10288.91,usage-based,Priya Patel,Lisa Chang,Mid-Market,active,2025-04-12T14:00:00
ACC-330,KeystoneMetrics Group 330,Starter,38116.87,3176.41,hybrid,Priya Patel,David Park,SMB,active,2024-04-14T14:00:00
ACC-331,SummitMetrics Group 331,Starter,26463.04,2205.25,hybrid,Sarah Chen,Lisa Chang,SMB,active,2024-08-07T14:00:00
ACC-332,RiverbendMetrics Group 332,Growth,180989.8,15082.48,usage-based,Priya Patel,Tom Bradley,Mid-Market,active,2025-01-19T14:00:00
ACC-333,IroncladMetrics Group 333,Starter,22856.35,1904.7,hybrid,James Wilson,Rachel Kim,SMB,active,2024-06-13T14:00:00
ACC-334,BrightForgeMetrics Group 334,Growth,130324.17,10860.35,usage-based,James Wilson,Tom Bradley,Mid-Market,active,2023-03-02T14:00:00
ACC-335,CoreSignalMetrics Group 335,Growth,184604.36,15383.7,usage-based,James Wilson,Mike Rivera,Mid-Market,active,2024-03-12T14:00:00
ACC-336,TrueNorthMetrics Group 336,Growth,188376.75,15698.06,usage-based,Ana Rodriguez,Tom Bradley,Mid-Market,active,2024-07-02T14:00:00
ACC-337,NorthstarOps Group 337,Enterprise,343959.95,28663.33,usage-based,Priya Patel,Tom Bradley,Enterprise,active,2024-02-25T14:00:00
ACC-338,BluePeakOps Group 338,Growth,117848.66,9820.72,usage-based,James Wilson,Tom Bradley,Mid-Market,active,2024-02-24T14:00:00
ACC-339,ClearPathOps Group 339,Enterprise,615018.59,51251.55,usage-based,Priya Patel,David Park,Enterprise,active,2024-03-07T14:00:00
ACC-340,EvergreenOps Group 340,Enterprise,670013.64,55834.47,usage-based,Sarah Chen,Mike Rivera,Enterprise,active,2023-07-09T14:00:00
ACC-341,SilverlineOps Group 341,Growth,106669.38,8889.11,usage-based,Marcus Johnson,Mike Rivera,Mid-Market,active,2024-12-31T14:00:00
ACC-342,KeystoneOps Group 342,Growth,162699.82,13558.32,usage-based,James Wilson,Mike Rivera,Mid-Market,active,2025-01-17T14:00:00
ACC-343,SummitOps Group 343,Growth,180575.74,15047.98,usage-based,Priya Patel,Tom Bradley,Mid-Market,active,2024-04-29T14:00:00
ACC-344,RiverbendOps Group 344,Starter,9101.1,758.43,usage-based,James Wilson,Tom Bradley,SMB,active,2024-05-11T14:00:00
ACC-345,IroncladOps Group 345,Growth,55685.61,4640.47,usage-based,Marcus Johnson,David Park,Mid-Market,active,2024-05-16T14:00:00
ACC-346,BrightForgeOps Group 346,Growth,157621.81,13135.15,usage-based,Marcus Johnson,Mike Rivera,Mid-Market,active,2025-04-30T14:00:00
ACC-347,CoreSignalOps Group 347,Growth,130829.82,10902.49,usage-based,James Wilson,David Park,Mid-Market,active,2025-01-26T14:00:00
ACC-348,TrueNorthOps Group 348,Enterprise,310144.89,25845.41,usage-based,James Wilson,Lisa Chang,Enterprise,active,2023-09-08T14:00:00
ACC-349,NorthstarRevenue Group 349,Growth,205133.25,17094.44,usage-based,James Wilson,Lisa Chang,Mid-Market,active,2025-01-21T14:00:00
ACC-350,BluePeakRevenue Group 350,Enterprise,217026.02,18085.5,usage-based,Marcus Johnson,Rachel Kim,Enterprise,active,2025-02-26T14:00:00
ACC-351,ClearPathRevenue Group 351,Starter,40897.08,3408.09,hybrid,Priya Patel,Mike Rivera,SMB,active,2023-11-10T14:00:00
ACC-352,EvergreenRevenue Group 352,Growth,200657.04,16721.42,usage-based,Marcus Johnson,Lisa Chang,Mid-Market,active,2023-03-06T14:00:00
ACC-353,SilverlineRevenue Group 353,Growth,81915.01,6826.25,usage-based,Marcus Johnson,Lisa Chang,Mid-Market,active,2024-09-26T14:00:00
ACC-354,KeystoneRevenue Group 354,Starter,8893.66,741.14,hybrid,James Wilson,David Park,SMB,active,2025-01-14T14:00:00
ACC-355,SummitRevenue Group 355,Growth,57346.36,4778.86,usage-based,Priya Patel,Rachel Kim,Mid-Market,active,2023-05-23T14:00:00
ACC-356,RiverbendRevenue Group 356,Growth,135573.83,11297.82,usage-based,James Wilson,David Park,Mid-Market,active,2025-03-12T14:00:00
ACC-357,IroncladRevenue Group 357,Enterprise,338513.84,28209.49,usage-based,Sarah Chen,Rachel Kim,Enterprise,active,2024-02-04T14:00:00
ACC-358,BrightForgeRevenue Group 358,Growth,103323.63,8610.3,usage-based,Ana Rodriguez,David Park,Mid-Market,active,2024-11-21T14:00:00
ACC-359,CoreSignalRevenue Group 359,Growth,64967.87,5413.99,usage-based,Ana Rodriguez,Mike Rivera,Mid-Market,active,2023-01-26T14:00:00
ACC-360,TrueNorthRevenue Group 360,Enterprise,256507.73,21375.64,usage-based,Marcus Johnson,Lisa Chang,Enterprise,active,2024-06-30T14:00:00
ACC-361,NorthstarWorkflow Group 361,Starter,15665.99,1305.5,hybrid,Sarah Chen,Tom Bradley,SMB,active,2024-11-06T14:00:00
ACC-362,BluePeakWorkflow Group 362,Starter,26728.61,2227.38,usage-based,Priya Patel,David Park,SMB,active,2023-11-27T14:00:00
ACC-363,ClearPathWorkflow Group 363,Enterprise,500493.71,41707.81,usage-based,Ana Rodriguez,David Park,Enterprise,active,2024-12-20T14:00:00
ACC-364,EvergreenWorkflow Group 364,Enterprise,492239.59,41019.97,usage-based,Ana Rodriguez,Tom Bradley,Enterprise,active,2023-10-27T14:00:00
ACC-365,SilverlineWorkflow Group 365,Enterprise,611890.6,50990.88,usage-based,Sarah Chen,Mike Rivera,Enterprise,active,2023-08-09T14:00:00
ACC-366,KeystoneWorkflow Group 366,Growth,89108.75,7425.73,usage-based,Marcus Johnson,David Park,Mid-Market,active,2024-03-26T14:00:00
ACC-367,SummitWorkflow Group 367,Growth,47390.89,3949.24,usage-based,Ana Rodriguez,Tom Bradley,Mid-Market,active,2023-08-08T14:00:00
ACC-368,RiverbendWorkflow Group 368,Starter,24420.12,2035.01,hybrid,Priya Patel,Rachel Kim,SMB,active,2025-03-13T14:00:00
ACC-369,IroncladWorkflow Group 369,Growth,70138.32,5844.86,usage-based,James Wilson,Rachel Kim,Mid-Market,active,2024-02-06T14:00:00
ACC-370,BrightForgeWorkflow Group 370,Enterprise,483330.13,40277.51,usage-based,Priya Patel,Tom Bradley,Enterprise,active,2023-05-06T14:00:00
ACC-371,CoreSignalWorkflow Group 371,Growth,103475.96,8623.0,usage-based,James Wilson,Lisa Chang,Mid-Market,active,2023-04-09T14:00:00
ACC-372,TrueNorthWorkflow Group 372,Growth,141973.92,11831.16,usage-based,Priya Patel,Lisa Chang,Mid-Market,churned,2024-02-04T14:00:00
ACC-373,NorthstarAutomation Group 373,Enterprise,404798.01,33733.17,usage-based,Marcus Johnson,Mike Rivera,Enterprise,active,2025-04-05T14:00:00
ACC-374,BluePeakAutomation Group 374,Growth,110378.67,9198.22,usage-based,Ana Rodriguez,Rachel Kim,Mid-Market,active,2024-09-14T14:00:00
ACC-375,ClearPathAutomation Group 375,Starter,38678.57,3223.21,hybrid,Ana Rodriguez,Tom Bradley,SMB,active,2024-11-13T14:00:00
ACC-376,EvergreenAutomation Group 376,Growth,130691.27,10890.94,usage-based,Ana Rodriguez,Rachel Kim,Mid-Market,active,2024-01-02T14:00:00
ACC-377,SilverlineAutomation Group 377,Starter,24910.59,2075.88,usage-based,James Wilson,David Park,SMB,active,2024-02-13T14:00:00
ACC-378,KeystoneAutomation Group 378,Starter,15314.91,1276.24,hybrid,Sarah Chen,Mike Rivera,SMB,active,2024-08-11T14:00:00
ACC-379,SummitAutomation Group 379,Growth,199056.43,16588.04,usage-based,James Wilson,Tom Bradley,Mid-Market,active,2023-11-24T14:00:00
ACC-380,RiverbendAutomation Group 380,Enterprise,233748.54,19479.05,usage-based,Marcus Johnson,Tom Bradley,Enterprise,active,2023-05-13T14:00:00
ACC-381,IroncladAutomation Group 381,Growth,113779.22,9481.6,usage-based,Sarah Chen,Rachel Kim,Mid-Market,active,2025-04-04T14:00:00
ACC-382,BrightForgeAutomation Group 382,Growth,76648.64,6387.39,usage-based,Ana Rodriguez,Tom Bradley,Mid-Market,active,2025-03-12T14:00:00
ACC-383,CoreSignalAutomation Group 383,Growth,122163.08,10180.26,usage-based,Ana Rodriguez,Tom Bradley,Mid-Market,active,2023-02-01T14:00:00
ACC-384,TrueNorthAutomation Group 384,Starter,31133.55,2594.46,usage-based,Marcus Johnson,Mike Rivera,SMB,active,2024-04-18T14:00:00
ACC-385,NorthstarSecurity Group 385,Growth,217648.2,18137.35,usage-based,Ana Rodriguez,Tom Bradley,Mid-Market,active,2023-04-14T14:00:00
ACC-386,BluePeakSecurity Group 386,Enterprise,481231.48,40102.62,usage-based,James Wilson,David Park,Enterprise,active,2025-04-15T14:00:00
ACC-387,ClearPathSecurity Group 387,Enterprise,248518.19,20709.85,usage-based,Priya Patel,Rachel Kim,Enterprise,active,2023-12-12T14:00:00
ACC-388,EvergreenSecurity Group 388,Growth,149914.37,12492.86,usage-based,Ana Rodriguez,Lisa Chang,Mid-Market,active,2024-06-25T14:00:00
ACC-389,SilverlineSecurity Group 389,Starter,18830.02,1569.17,hybrid,Ana Rodriguez,Tom Bradley,SMB,active,2023-09-27T14:00:00
ACC-390,KeystoneSecurity Group 390,Growth,189435.51,15786.29,usage-based,Ana Rodriguez,Rachel Kim,Mid-Market,active,2023-06-01T14:00:00
ACC-391,SummitSecurity Group 391,Growth,126530.88,10544.24,usage-based,Sarah Chen,Tom Bradley,Mid-Market,active,2024-06-21T14:00:00
ACC-392,RiverbendSecurity Group 392,Growth,216421.85,18035.15,usage-based,Ana Rodriguez,Tom Bradley,Mid-Market,active,2023-03-03T14:00:00
ACC-393,IroncladSecurity Group 393,Starter,37651.37,3137.61,usage-based,Ana Rodriguez,Rachel Kim,SMB,active,2024-08-28T14:00:00
ACC-394,BrightForgeSecurity Group 394,Starter,34618.74,2884.89,usage-based,Sarah Chen,David Park,SMB,active,2024-01-21T14:00:00
ACC-395,CoreSignalSecurity Group 395,Enterprise,494512.62,41209.39,usage-based,Ana Rodriguez,Rachel Kim,Enterprise,active,2024-12-26T14:00:00
ACC-396,TrueNorthSecurity Group 396,Starter,16234.68,1352.89,usage-based,Marcus Johnson,Mike Rivera,SMB,active,2024-03-01T14:00:00
ACC-397,NorthstarCommerce Group 397,Growth,68954.76,5746.23,usage-based,Marcus Johnson,Rachel Kim,Mid-Market,active,2023-12-30T14:00:00
ACC-398,BluePeakCommerce Group 398,Growth,205852.73,17154.39,usage-based,Sarah Chen,Lisa Chang,Mid-Market,active,2023-12-12T14:00:00
ACC-399,ClearPathCommerce Group 399,Enterprise,342524.77,28543.73,usage-based,James Wilson,David Park,Enterprise,active,2024-05-06T14:00:00
ACC-400,EvergreenCommerce Group 400,Growth,72826.47,6068.87,usage-based,Ana Rodriguez,Tom Bradley,Mid-Market,active,2023-11-14T14:00:00
ACC-401,SilverlineCommerce Group 401,Growth,179414.18,14951.18,usage-based,Priya Patel,David Park,Mid-Market,active,2024-01-17T14:00:00
ACC-402,KeystoneCommerce Group 402,Enterprise,303259.57,25271.63,usage-based,Ana Rodriguez,Tom Bradley,Enterprise,active,2024-10-08T14:00:00
ACC-403,SummitCommerce Group 403,Starter,41396.85,3449.74,hybrid,Marcus Johnson,Rachel Kim,SMB,active,2024-07-06T14:00:00
ACC-404,RiverbendCommerce Group 404,Enterprise,460243.8,38353.65,usage-based,Priya Patel,Tom Bradley,Enterprise,active,2025-01-22T14:00:00
ACC-405,IroncladCommerce Group 405,Growth,138687.98,11557.33,usage-based,James Wilson,Tom Bradley,Mid-Market,active,2023-03-27T14:00:00
ACC-406,BrightForgeCommerce Group 406,Starter,17875.39,1489.62,hybrid,Sarah Chen,Tom Bradley,SMB,active,2024-02-29T14:00:00
ACC-407,CoreSignalCommerce Group 407,Growth,175026.25,14585.52,usage-based,Marcus Johnson,Lisa Chang,Mid-Market,active,2023-01-30T14:00:00
ACC-408,TrueNorthCommerce Group 408,Enterprise,646511.97,53876.0,usage-based,Priya Patel,Lisa Chang,Enterprise,active,2025-02-04T14:00:00
ACC-409,NorthstarHealth Group 409,Growth,146455.83,12204.65,usage-based,Marcus Johnson,Mike Rivera,Mid-Market,active,2023-07-11T14:00:00
ACC-410,BluePeakHealth Group 410,Starter,15672.84,1306.07,usage-based,Sarah Chen,Mike Rivera,SMB,active,2024-03-29T14:00:00
ACC-411,ClearPathHealth Group 411,Growth,126087.9,10507.32,usage-based,Marcus Johnson,Mike Rivera,Mid-Market,active,2023-11-10T14:00:00
ACC-412,EvergreenHealth Group 412,Starter,13370.0,1114.17,hybrid,James Wilson,Lisa Chang,SMB,active,2023-04-13T14:00:00
ACC-413,SilverlineHealth Group 413,Starter,18919.7,1576.64,usage-based,Sarah Chen,David Park,SMB,active,2024-10-01T14:00:00
ACC-414,KeystoneHealth Group 414,Growth,170714.95,14226.25,usage-based,Sarah Chen,Lisa Chang,Mid-Market,active,2024-03-25T14:00:00
ACC-415,SummitHealth Group 415,Starter,13976.82,1164.73,usage-based,James Wilson,Rachel Kim,SMB,active,2024-11-17T14:00:00
ACC-416,RiverbendHealth Group 416,Starter,40712.47,3392.71,hybrid,Sarah Chen,Mike Rivera,SMB,active,2024-07-25T14:00:00
ACC-417,IroncladHealth Group 417,Growth,61099.52,5091.63,usage-based,Priya Patel,Tom Bradley,Mid-Market,active,2024-02-16T14:00:00
ACC-418,BrightForgeHealth Group 418,Starter,26472.22,2206.02,hybrid,Marcus Johnson,David Park,SMB,active,2024-02-02T14:00:00
ACC-419,CoreSignalHealth Group 419,Growth,185968.87,15497.41,usage-based,Priya Patel,Lisa Chang,Mid-Market,active,2023-05-09T14:00:00
ACC-420,TrueNorthHealth Group 420,Growth,87793.15,7316.1,usage-based,Marcus Johnson,Mike Rivera,Mid-Market,active,2023-05-03T14:00:00
ACC-421,NorthstarLogistics Group 421,Growth,94514.32,7876.19,usage-based,Marcus Johnson,Lisa Chang,Mid-Market,active,2023-09-09T14:00:00
ACC-422,BluePeakLogistics Group 422,Starter,38499.45,3208.29,hybrid,Ana Rodriguez,Tom Bradley,SMB,active,2025-02-27T14:00:00
ACC-423,ClearPathLogistics Group 423,Growth,58978.55,4914.88,usage-based,Marcus Johnson,Rachel Kim,Mid-Market,active,2024-06-29T14:00:00
ACC-424,EvergreenLogistics Group 424,Starter,8232.22,686.02,hybrid,Marcus Johnson,Rachel Kim,SMB,active,2023-04-16T14:00:00
ACC-425,SilverlineLogistics Group 425,Enterprise,344812.65,28734.39,usage-based,Ana Rodriguez,David Park,Enterprise,churned,2025-05-15T14:00:00
ACC-426,KeystoneLogistics Group 426,Enterprise,359776.05,29981.34,usage-based,Marcus Johnson,Mike Rivera,Enterprise,active,2023-07-13T14:00:00
ACC-427,SummitLogistics Group 427,Enterprise,333403.17,27783.6,usage-based,James Wilson,David Park,Enterprise,active,2023-06-06T14:00:00
ACC-428,RiverbendLogistics Group 428,Growth,164871.69,13739.31,usage-based,Priya Patel,Tom Bradley,Mid-Market,active,2023-09-05T14:00:00
ACC-429,IroncladLogistics Group 429,Enterprise,658680.27,54890.02,usage-based,James Wilson,Lisa Chang,Enterprise,active,2024-02-16T14:00:00
ACC-430,BrightForgeLogistics Group 430,Growth,149821.53,12485.13,usage-based,James Wilson,David Park,Mid-Market,active,2024-01-30T14:00:00
ACC-431,CoreSignalLogistics Group 431,Growth,184755.11,15396.26,usage-based,Marcus Johnson,Lisa Chang,Mid-Market,active,2023-06-30T14:00:00
ACC-432,TrueNorthLogistics Group 432,Growth,197418.04,16451.5,usage-based,Sarah Chen,David Park,Mid-Market,active,2024-02-24T14:00:00
ACC-433,NorthstarAnalytics Technologies 433,Growth,106397.71,8866.48,usage-based,Ana Rodriguez,Mike Rivera,Mid-Market,active,2025-03-24T14:00:00
ACC-434,BluePeakAnalytics Technologies 434,Starter,38698.2,3224.85,usage-based,Ana Rodriguez,David Park,SMB,active,2024-12-24T14:00:00
ACC-435,ClearPathAnalytics Technologies 435,Enterprise,607243.0,50603.58,usage-based,James Wilson,Mike Rivera,Enterprise,active,2023-06-30T14:00:00
ACC-436,EvergreenAnalytics Technologies 436,Enterprise,471573.84,39297.82,usage-based,Sarah Chen,David Park,Enterprise,active,2024-02-25T14:00:00
ACC-437,SilverlineAnalytics Technologies 437,Starter,23416.7,1951.39,hybrid,James Wilson,David Park,SMB,active,2025-03-28T14:00:00
ACC-438,KeystoneAnalytics Technologies 438,Growth,161752.65,13479.39,usage-based,Priya Patel,Mike Rivera,Mid-Market,active,2024-04-16T14:00:00
ACC-439,SummitAnalytics Technologies 439,Enterprise,181507.74,15125.64,usage-based,Marcus Johnson,David Park,Enterprise,active,2025-03-13T14:00:00
ACC-440,RiverbendAnalytics Technologies 440,Enterprise,352264.43,29355.37,usage-based,Sarah Chen,David Park,Enterprise,active,2025-03-26T14:00:00
ACC-441,IroncladAnalytics Technologies 441,Starter,10346.65,862.22,hybrid,Sarah Chen,Tom Bradley,SMB,active,2024-04-03T14:00:00
ACC-442,BrightForgeAnalytics Technologies 442,Enterprise,247714.43,20642.87,usage-based,James Wilson,Tom Bradley,Enterprise,active,2024-04-30T14:00:00
ACC-443,CoreSignalAnalytics Technologies 443,Growth,205246.48,17103.87,usage-based,James Wilson,Rachel Kim,Mid-Market,active,2025-03-05T14:00:00
ACC-444,TrueNorthAnalytics Technologies 444,Growth,159799.07,13316.59,usage-based,Ana Rodriguez,Lisa Chang,Mid-Market,active,2023-07-27T14:00:00
ACC-445,NorthstarCloud Technologies 445,Growth,63116.7,5259.72,usage-based,Ana Rodriguez,Rachel Kim,Mid-Market,active,2023-12-02T14:00:00
ACC-446,BluePeakCloud Technologies 446,Enterprise,669362.19,55780.18,usage-based,Sarah Chen,Mike Rivera,Enterprise,active,2024-07-25T14:00:00
ACC-447,ClearPathCloud Technologies 447,Growth,169998.73,14166.56,usage-based,James Wilson,David Park,Mid-Market,active,2024-05-03T14:00:00
ACC-448,EvergreenCloud Technologies 448,Starter,16415.41,1367.95,hybrid,Marcus Johnson,Tom Bradley,SMB,active,2024-11-14T14:00:00
ACC-449,SilverlineCloud Technologies 449,Starter,32650.81,2720.9,usage-based,Sarah Chen,Rachel Kim,SMB,active,2023-09-05T14:00:00
ACC-450,KeystoneCloud Technologies 450,Growth,199308.68,16609.06,usage-based,Sarah Chen,Lisa Chang,Mid-Market,active,2024-10-27T14:00:00
ACC-451,SummitCloud Technologies 451,Enterprise,476972.07,39747.67,usage-based,James Wilson,David Park,Enterprise,active,2023-07-08T14:00:00
ACC-452,RiverbendCloud Technologies 452,Growth,50664.39,4222.03,usage-based,Sarah Chen,Rachel Kim,Mid-Market,active,2024-03-03T14:00:00
ACC-453,IroncladCloud Technologies 453,Enterprise,288634.61,24052.88,usage-based,Sarah Chen,Lisa Chang,Enterprise,active,2023-12-28T14:00:00
ACC-454,BrightForgeCloud Technologies 454,Starter,15961.49,1330.12,hybrid,Ana Rodriguez,David Park,SMB,active,2023-03-27T14:00:00
ACC-455,CoreSignalCloud Technologies 455,Growth,99078.39,8256.53,usage-based,Priya Patel,Lisa Chang,Mid-Market,active,2023-07-20T14:00:00
ACC-456,TrueNorthCloud Technologies 456,Growth,115613.72,9634.48,usage-based,Priya Patel,Mike Rivera,Mid-Market,active,2023-11-03T14:00:00
ACC-457,NorthstarData Technologies 457,Starter,37910.27,3159.19,usage-based,James Wilson,David Park,SMB,active,2024-01-05T14:00:00
ACC-458,BluePeakData Technologies 458,Enterprise,352207.41,29350.62,usage-based,James Wilson,David Park,Enterprise,active,2024-07-04T14:00:00
ACC-459,ClearPathData Technologies 459,Growth,114670.13,9555.84,usage-based,Priya Patel,Rachel Kim,Mid-Market,active,2024-11-19T14:00:00
ACC-460,EvergreenData Technologies 460,Growth,126286.35,10523.86,usage-based,Marcus Johnson,Tom Bradley,Mid-Market,active,2023-06-02T14:00:00
ACC-461,SilverlineData Technologies 461,Enterprise,411512.58,34292.72,usage-based,Sarah Chen,David Park,Enterprise,active,2024-03-30T14:00:00
ACC-462,KeystoneData Technologies 462,Starter,26947.75,2245.65,usage-based,James Wilson,Lisa Chang,SMB,active,2024-09-07T14:00:00
ACC-463,SummitData Technologies 463,Enterprise,503352.93,41946.08,usage-based,James Wilson,Tom Bradley,Enterprise,active,2025-02-21T14:00:00
ACC-464,RiverbendData Technologies 464,Growth,189634.32,15802.86,usage-based,Sarah Chen,Tom Bradley,Mid-Market,active,2024-05-05T14:00:00
ACC-465,IroncladData Technologies 465,Growth,149320.12,12443.34,usage-based,Sarah Chen,Lisa Chang,Mid-Market,active,2023-02-23T14:00:00
ACC-466,BrightForgeData Technologies 466,Growth,170926.33,14243.86,usage-based,Ana Rodriguez,Lisa Chang,Mid-Market,active,2024-01-22T14:00:00
ACC-467,CoreSignalData Technologies 467,Enterprise,633516.41,52793.03,usage-based,Priya Patel,Mike Rivera,Enterprise,active,2024-10-22T14:00:00
ACC-468,TrueNorthData Technologies 468,Starter,40710.64,3392.55,usage-based,James Wilson,Lisa Chang,SMB,active,2023-06-14T14:00:00
ACC-469,NorthstarMetrics Technologies 469,Growth,78403.34,6533.61,usage-based,Marcus Johnson,David Park,Mid-Market,active,2024-07-01T14:00:00
ACC-470,BluePeakMetrics Technologies 470,Growth,109757.79,9146.48,usage-based,Ana Rodriguez,Tom Bradley,Mid-Market,active,2024-07-15T14:00:00
ACC-471,ClearPathMetrics Technologies 471,Growth,133281.34,11106.78,usage-based,James Wilson,Rachel Kim,Mid-Market,active,2025-02-15T14:00:00
ACC-472,EvergreenMetrics Technologies 472,Starter,32562.06,2713.51,hybrid,Marcus Johnson,Tom Bradley,SMB,active,2024-07-10T14:00:00
ACC-473,SilverlineMetrics Technologies 473,Growth,142129.4,11844.12,usage-based,Marcus Johnson,Lisa Chang,Mid-Market,active,2025-05-10T14:00:00
ACC-474,KeystoneMetrics Technologies 474,Enterprise,647379.13,53948.26,usage-based,Ana Rodriguez,Rachel Kim,Enterprise,active,2024-07-28T14:00:00
ACC-475,SummitMetrics Technologies 475,Enterprise,344932.64,28744.39,usage-based,James Wilson,David Park,Enterprise,active,2023-01-24T14:00:00
ACC-476,RiverbendMetrics Technologies 476,Growth,140014.37,11667.86,usage-based,Priya Patel,Tom Bradley,Mid-Market,active,2023-04-06T14:00:00
ACC-477,IroncladMetrics Technologies 477,Starter,40861.28,3405.11,hybrid,James Wilson,Lisa Chang,SMB,active,2023-05-07T14:00:00
ACC-478,BrightForgeMetrics Technologies 478,Starter,13755.03,1146.25,hybrid,Marcus Johnson,David Park,SMB,churned,2023-08-08T14:00:00
ACC-479,CoreSignalMetrics Technologies 479,Starter,25814.11,2151.18,usage-based,Sarah Chen,Mike Rivera,SMB,active,2024-03-30T14:00:00
ACC-480,TrueNorthMetrics Technologies 480,Enterprise,495350.82,41279.24,usage-based,Sarah Chen,Lisa Chang,Enterprise,active,2025-05-17T14:00:00
ACC-481,NorthstarOps Technologies 481,Enterprise,408004.83,34000.4,usage-based,Sarah Chen,David Park,Enterprise,active,2023-08-12T14:00:00
ACC-482,BluePeakOps Technologies 482,Enterprise,488259.68,40688.31,usage-based,James Wilson,Rachel Kim,Enterprise,active,2025-05-10T14:00:00
ACC-483,ClearPathOps Technologies 483,Enterprise,455821.78,37985.15,usage-based,Sarah Chen,Mike Rivera,Enterprise,active,2023-12-01T14:00:00
ACC-484,EvergreenOps Technologies 484,Growth,137361.38,11446.78,usage-based,Priya Patel,Mike Rivera,Mid-Market,active,2023-12-29T14:00:00
ACC-485,SilverlineOps Technologies 485,Starter,30917.12,2576.43,usage-based,Sarah Chen,Mike Rivera,SMB,active,2023-12-07T14:00:00
ACC-486,KeystoneOps Technologies 486,Enterprise,275966.03,22997.17,usage-based,Ana Rodriguez,Tom Bradley,Enterprise,active,2023-02-12T14:00:00
ACC-487,SummitOps Technologies 487,Growth,183498.67,15291.56,usage-based,Sarah Chen,Tom Bradley,Mid-Market,active,2024-04-06T14:00:00
ACC-488,RiverbendOps Technologies 488,Growth,85291.01,7107.58,usage-based,Marcus Johnson,Tom Bradley,Mid-Market,active,2023-06-26T14:00:00
ACC-489,IroncladOps Technologies 489,Starter,10740.98,895.08,usage-based,Sarah Chen,Rachel Kim,SMB,active,2024-05-03T14:00:00
ACC-490,BrightForgeOps Technologies 490,Growth,126728.91,10560.74,usage-based,Sarah Chen,Lisa Chang,Mid-Market,active,2025-03-03T14:00:00
ACC-491,CoreSignalOps Technologies 491,Growth,119235.92,9936.33,usage-based,Priya Patel,David Park,Mid-Market,active,2025-02-18T14:00:00
ACC-492,TrueNorthOps Technologies 492,Starter,39251.18,3270.93,usage-based,Marcus Johnson,David Park,SMB,active,2024-01-26T14:00:00
ACC-493,NorthstarRevenue Technologies 493,Enterprise,642079.63,53506.64,usage-based,Priya Patel,David Park,Enterprise,active,2023-10-27T14:00:00
ACC-494,BluePeakRevenue Technologies 494,Growth,73925.1,6160.43,usage-based,Priya Patel,Mike Rivera,Mid-Market,active,2024-10-26T14:00:00
ACC-495,ClearPathRevenue Technologies 495,Starter,33576.65,2798.05,hybrid,Sarah Chen,Tom Bradley,SMB,active,2024-12-11T14:00:00
ACC-496,EvergreenRevenue Technologies 496,Growth,142871.87,11905.99,usage-based,James Wilson,David Park,Mid-Market,active,2024-06-21T14:00:00
ACC-497,SilverlineRevenue Technologies 497,Enterprise,549872.59,45822.72,usage-based,Sarah Chen,David Park,Enterprise,active,2023-04-24T14:00:00
ACC-498,KeystoneRevenue Technologies 498,Starter,9825.68,818.81,hybrid,Marcus Johnson,Mike Rivera,SMB,active,2024-06-12T14:00:00
ACC-499,SummitRevenue Technologies 499,Growth,151268.01,12605.67,usage-based,Ana Rodriguez,Rachel Kim,Mid-Market,active,2023-03-26T14:00:00
ACC-500,RiverbendRevenue Technologies 500,Growth,154873.88,12906.16,usage-based,James Wilson,Rachel Kim,Mid-Market,active,2024-10-05T14:00:00
ACC-501,IroncladRevenue Technologies 501,Growth,209523.43,17460.29,usage-based,James Wilson,Lisa Chang,Mid-Market,active,2023-06-30T14:00:00
ACC-502,BrightForgeRevenue Technologies 502,Growth,109652.94,9137.75,usage-based,Ana Rodriguez,Tom Bradley,Mid-Market,active,2023-03-01T14:00:00
ACC-503,CoreSignalRevenue Technologies 503,Enterprise,216753.34,18062.78,usage-based,Priya Patel,Lisa Chang,Enterprise,active,2024-05-02T14:00:00
ACC-504,TrueNorthRevenue Technologies 504,Growth,154834.36,12902.86,usage-based,James Wilson,Tom Bradley,Mid-Market,active,2024-05-22T14:00:00
ACC-505,NorthstarWorkflow Technologies 505,Enterprise,182597.61,15216.47,usage-based,Priya Patel,Rachel Kim,Enterprise,active,2024-05-23T14:00:00
ACC-506,BluePeakWorkflow Technologies 506,Growth,60197.19,5016.43,usage-based,Sarah Chen,Lisa Chang,Mid-Market,active,2024-03-11T14:00:00
ACC-507,ClearPathWorkflow Technologies 507,Growth,140743.72,11728.64,usage-based,James Wilson,Mike Rivera,Mid-Market,active,2025-04-30T14:00:00
ACC-508,EvergreenWorkflow Technologies 508,Enterprise,457109.9,38092.49,usage-based,Ana Rodriguez,David Park,Enterprise,active,2023-03-15T14:00:00
ACC-509,SilverlineWorkflow Technologies 509,Growth,110572.35,9214.36,usage-based,Priya Patel,Rachel Kim,Mid-Market,active,2024-04-24T14:00:00
ACC-510,KeystoneWorkflow Technologies 510,Growth,171022.2,14251.85,usage-based,Ana Rodriguez,Lisa Chang,Mid-Market,active,2023-10-19T14:00:00
ACC-511,SummitWorkflow Technologies 511,Growth,163986.25,13665.52,usage-based,Marcus Johnson,Lisa Chang,Mid-Market,active,2024-08-24T14:00:00
ACC-512,RiverbendWorkflow Technologies 512,Growth,129776.06,10814.67,usage-based,Sarah Chen,Lisa Chang,Mid-Market,active,2024-03-07T14:00:00
ACC-513,IroncladWorkflow Technologies 513,Enterprise,329876.13,27489.68,usage-based,Sarah Chen,Tom Bradley,Enterprise,active,2024-09-11T14:00:00
ACC-514,BrightForgeWorkflow Technologies 514,Starter,32510.58,2709.22,hybrid,Ana Rodriguez,David Park,SMB,active,2024-11-07T14:00:00
ACC-515,CoreSignalWorkflow Technologies 515,Growth,66117.14,5509.76,usage-based,Sarah Chen,Rachel Kim,Mid-Market,active,2024-06-20T14:00:00
ACC-516,TrueNorthWorkflow Technologies 516,Starter,20916.26,1743.02,hybrid,James Wilson,Tom Bradley,SMB,active,2024-03-12T14:00:00
ACC-517,NorthstarAutomation Technologies 517,Starter,37223.29,3101.94,usage-based,Priya Patel,Tom Bradley,SMB,active,2023-09-17T14:00:00
ACC-518,BluePeakAutomation Technologies 518,Starter,14828.95,1235.75,hybrid,Marcus Johnson,Rachel Kim,SMB,active,2024-07-04T14:00:00
ACC-519,ClearPathAutomation Technologies 519,Enterprise,527478.88,43956.57,usage-based,James Wilson,David Park,Enterprise,active,2023-03-18T14:00:00
ACC-520,EvergreenAutomation Technologies 520,Enterprise,368027.65,30668.97,usage-based,James Wilson,Tom Bradley,Enterprise,active,2025-01-30T14:00:00
ACC-521,SilverlineAutomation Technologies 521,Starter,14793.2,1232.77,usage-based,Ana Rodriguez,Mike Rivera,SMB,active,2023-05-13T14:00:00
ACC-522,KeystoneAutomation Technologies 522,Growth,168089.34,14007.44,usage-based,James Wilson,Tom Bradley,Mid-Market,active,2023-01-26T14:00:00
ACC-523,SummitAutomation Technologies 523,Growth,187775.87,15647.99,usage-based,James Wilson,Rachel Kim,Mid-Market,active,2025-01-04T14:00:00
ACC-524,RiverbendAutomation Technologies 524,Growth,85079.77,7089.98,usage-based,Marcus Johnson,Rachel Kim,Mid-Market,active,2023-03-10T14:00:00
ACC-525,IroncladAutomation Technologies 525,Growth,121933.88,10161.16,usage-based,Ana Rodriguez,Rachel Kim,Mid-Market,active,2023-10-08T14:00:00
ACC-526,BrightForgeAutomation Technologies 526,Growth,132177.05,11014.75,usage-based,James Wilson,David Park,Mid-Market,active,2025-04-19T14:00:00
ACC-527,CoreSignalAutomation Technologies 527,Starter,20224.0,1685.33,usage-based,Sarah Chen,Lisa Chang,SMB,active,2023-07-23T14:00:00
ACC-528,TrueNorthAutomation Technologies 528,Enterprise,263169.25,21930.77,usage-based,Ana Rodriguez,Mike Rivera,Enterprise,active,2023-10-28T14:00:00
ACC-529,NorthstarSecurity Technologies 529,Starter,31034.04,2586.17,hybrid,Priya Patel,Rachel Kim,SMB,active,2025-02-07T14:00:00
ACC-530,BluePeakSecurity Technologies 530,Enterprise,309369.19,25780.77,usage-based,Ana Rodriguez,David Park,Enterprise,active,2023-11-02T14:00:00
ACC-531,ClearPathSecurity Technologies 531,Growth,144391.9,12032.66,usage-based,James Wilson,Tom Bradley,Mid-Market,churned,2024-04-21T14:00:00
ACC-532,EvergreenSecurity Technologies 532,Growth,162960.88,13580.07,usage-based,Ana Rodriguez,Lisa Chang,Mid-Market,active,2024-06-07T14:00:00
ACC-533,SilverlineSecurity Technologies 533,Starter,24414.22,2034.52,hybrid,James Wilson,Mike Rivera,SMB,active,2025-01-28T14:00:00
ACC-534,KeystoneSecurity Technologies 534,Starter,32825.12,2735.43,hybrid,Priya Patel,Tom Bradley,SMB,active,2024-02-15T14:00:00
ACC-535,SummitSecurity Technologies 535,Starter,25717.9,2143.16,hybrid,James Wilson,Mike Rivera,SMB,active,2024-03-04T14:00:00
ACC-536,RiverbendSecurity Technologies 536,Growth,122535.6,10211.3,usage-based,Sarah Chen,Tom Bradley,Mid-Market,active,2025-04-11T14:00:00
ACC-537,IroncladSecurity Technologies 537,Starter,11912.9,992.74,hybrid,Sarah Chen,Lisa Chang,SMB,active,2023-04-29T14:00:00
ACC-538,BrightForgeSecurity Technologies 538,Enterprise,267226.62,22268.88,usage-based,Marcus Johnson,Tom Bradley,Enterprise,active,2023-10-31T14:00:00
ACC-539,CoreSignalSecurity Technologies 539,Growth,124245.64,10353.8,usage-based,James Wilson,Lisa Chang,Mid-Market,active,2024-11-17T14:00:00
ACC-540,TrueNorthSecurity Technologies 540,Growth,118919.93,9909.99,usage-based,Sarah Chen,David Park,Mid-Market,active,2024-11-05T14:00:00
ACC-541,NorthstarCommerce Technologies 541,Growth,118460.41,9871.7,usage-based,Sarah Chen,Lisa Chang,Mid-Market,active,2024-10-28T14:00:00
ACC-542,BluePeakCommerce Technologies 542,Enterprise,531879.87,44323.32,usage-based,Sarah Chen,David Park,Enterprise,active,2025-02-11T14:00:00
ACC-543,ClearPathCommerce Technologies 543,Starter,26254.23,2187.85,hybrid,Priya Patel,Lisa Chang,SMB,active,2024-02-13T14:00:00
ACC-544,EvergreenCommerce Technologies 544,Enterprise,515350.71,42945.89,usage-based,James Wilson,David Park,Enterprise,active,2023-08-11T14:00:00
ACC-545,SilverlineCommerce Technologies 545,Growth,111177.79,9264.82,usage-based,James Wilson,David Park,Mid-Market,active,2025-01-30T14:00:00
ACC-546,KeystoneCommerce Technologies 546,Growth,192502.17,16041.85,usage-based,Ana Rodriguez,Lisa Chang,Mid-Market,active,2023-02-13T14:00:00
ACC-547,SummitCommerce Technologies 547,Growth,184509.18,15375.76,usage-based,Ana Rodriguez,David Park,Mid-Market,active,2025-03-01T14:00:00
ACC-548,RiverbendCommerce Technologies 548,Growth,97747.06,8145.59,usage-based,Marcus Johnson,Tom Bradley,Mid-Market,active,2025-01-27T14:00:00
ACC-549,IroncladCommerce Technologies 549,Enterprise,526718.27,43893.19,usage-based,Ana Rodriguez,Rachel Kim,Enterprise,active,2024-03-24T14:00:00
ACC-550,BrightForgeCommerce Technologies 550,Growth,144315.48,12026.29,usage-based,James Wilson,Lisa Chang,Mid-Market,active,2024-01-14T14:00:00
ACC-551,CoreSignalCommerce Technologies 551,Growth,165431.06,13785.92,usage-based,Marcus Johnson,David Park,Mid-Market,active,2024-12-07T14:00:00
ACC-552,TrueNorthCommerce Technologies 552,Growth,66972.78,5581.06,usage-based,Priya Patel,Rachel Kim,Mid-Market,active,2023-08-31T14:00:00
ACC-553,NorthstarHealth Technologies 553,Enterprise,359519.59,29959.97,usage-based,Sarah Chen,Rachel Kim,Enterprise,active,2025-01-07T14:00:00
ACC-554,BluePeakHealth Technologies 554,Enterprise,371972.09,30997.67,usage-based,Ana Rodriguez,David Park,Enterprise,active,2023-07-28T14:00:00
ACC-555,ClearPathHealth Technologies 555,Growth,163876.01,13656.33,usage-based,James Wilson,Rachel Kim,Mid-Market,active,2024-01-12T14:00:00
ACC-556,EvergreenHealth Technologies 556,Enterprise,462698.9,38558.24,usage-based,Marcus Johnson,Tom Bradley,Enterprise,active,2025-04-23T14:00:00
ACC-557,SilverlineHealth Technologies 557,Enterprise,448804.31,37400.36,usage-based,Marcus Johnson,Rachel Kim,Enterprise,active,2023-10-25T14:00:00
ACC-558,KeystoneHealth Technologies 558,Growth,178333.68,14861.14,usage-based,Ana Rodriguez,David Park,Mid-Market,active,2025-01-31T14:00:00
ACC-559,SummitHealth Technologies 559,Enterprise,313944.45,26162.04,usage-based,Ana Rodriguez,Tom Bradley,Enterprise,active,2023-11-18T14:00:00
ACC-560,RiverbendHealth Technologies 560,Starter,9414.76,784.56,hybrid,Ana Rodriguez,Lisa Chang,SMB,active,2024-03-17T14:00:00
ACC-561,IroncladHealth Technologies 561,Enterprise,595035.36,49586.28,usage-based,Marcus Johnson,Tom Bradley,Enterprise,active,2025-04-23T14:00:00
ACC-562,BrightForgeHealth Technologies 562,Growth,104046.7,8670.56,usage-based,Sarah Chen,Rachel Kim,Mid-Market,active,2025-01-26T14:00:00
ACC-563,CoreSignalHealth Technologies 563,Growth,84176.4,7014.7,usage-based,Ana Rodriguez,Tom Bradley,Mid-Market,active,2023-05-30T14:00:00
ACC-564,TrueNorthHealth Technologies 564,Growth,118213.74,9851.15,usage-based,Ana Rodriguez,Lisa Chang,Mid-Market,active,2023-03-15T14:00:00
ACC-565,NorthstarLogistics Technologies 565,Growth,78835.8,6569.65,usage-based,Sarah Chen,David Park,Mid-Market,active,2024-06-01T14:00:00
ACC-566,BluePeakLogistics Technologies 566,Growth,148240.67,12353.39,usage-based,Marcus Johnson,Tom Bradley,Mid-Market,active,2023-06-06T14:00:00
ACC-567,ClearPathLogistics Technologies 567,Growth,143946.93,11995.58,usage-based,Ana Rodriguez,Mike Rivera,Mid-Market,active,2025-01-08T14:00:00
ACC-568,EvergreenLogistics Technologies 568,Starter,34713.5,2892.79,usage-based,Priya Patel,Lisa Chang,SMB,active,2023-06-08T14:00:00
ACC-569,SilverlineLogistics Technologies 569,Starter,16489.03,1374.09,hybrid,Marcus Johnson,Rachel Kim,SMB,active,2024-01-11T14:00:00
ACC-570,KeystoneLogistics Technologies 570,Enterprise,496200.99,41350.08,usage-based,James Wilson,Rachel Kim,Enterprise,active,2024-02-19T14:00:00
ACC-571,SummitLogistics Technologies 571,Growth,183438.56,15286.55,usage-based,Sarah Chen,Rachel Kim,Mid-Market,active,2023-12-16T14:00:00
ACC-572,RiverbendLogistics Technologies 572,Growth,165657.24,13804.77,usage-based,Priya Patel,Rachel Kim,Mid-Market,active,2024-01-13T14:00:00
ACC-573,IroncladLogistics Technologies 573,Growth,42440.21,3536.68,usage-based,Sarah Chen,Rachel Kim,Mid-Market,active,2023-08-15T14:00:00
ACC-574,BrightForgeLogistics Technologies 574,Growth,105763.65,8813.64,usage-based,Sarah Chen,David Park,Mid-Market,active,2024-04-14T14:00:00
ACC-575,CoreSignalLogistics Technologies 575,Enterprise,394821.55,32901.8,usage-based,Marcus Johnson,Rachel Kim,Enterprise,active,2024-08-25T14:00:00
ACC-576,TrueNorthLogistics Technologies 576,Growth,92479.57,7706.63,usage-based,Ana Rodriguez,David Park,Mid-Market,active,2025-01-13T14:00:00
ACC-577,NorthstarAnalytics Software 577,Growth,128390.15,10699.18,usage-based,Priya Patel,Mike Rivera,Mid-Market,active,2025-04-09T14:00:00
ACC-578,BluePeakAnalytics Software 578,Enterprise,571944.88,47662.07,usage-based,James Wilson,Mike Rivera,Enterprise,active,2025-01-19T14:00:00
ACC-579,ClearPathAnalytics Software 579,Starter,13371.44,1114.29,hybrid,Sarah Chen,Rachel Kim,SMB,active,2024-10-31T14:00:00
ACC-580,EvergreenAnalytics Software 580,Starter,38919.85,3243.32,hybrid,Marcus Johnson,Tom Bradley,SMB,active,2025-02-20T14:00:00
ACC-581,SilverlineAnalytics Software 581,Growth,86569.29,7214.11,usage-based,Priya Patel,Lisa Chang,Mid-Market,active,2025-04-03T14:00:00
ACC-582,KeystoneAnalytics Software 582,Growth,96380.65,8031.72,usage-based,Marcus Johnson,Rachel Kim,Mid-Market,active,2023-07-25T14:00:00
ACC-583,SummitAnalytics Software 583,Enterprise,227591.84,18965.99,usage-based,Marcus Johnson,Rachel Kim,Enterprise,active,2025-03-08T14:00:00
ACC-584,RiverbendAnalytics Software 584,Enterprise,293095.43,24424.62,usage-based,James Wilson,Mike Rivera,Enterprise,churned,2025-05-18T14:00:00
ACC-585,IroncladAnalytics Software 585,Growth,187445.41,15620.45,usage-based,James Wilson,Lisa Chang,Mid-Market,active,2024-01-23T14:00:00
ACC-586,BrightForgeAnalytics Software 586,Enterprise,371534.96,30961.25,usage-based,Sarah Chen,Mike Rivera,Enterprise,active,2024-07-10T14:00:00
ACC-587,CoreSignalAnalytics Software 587,Growth,95267.45,7938.95,usage-based,James Wilson,Lisa Chang,Mid-Market,active,2023-08-09T14:00:00
ACC-588,TrueNorthAnalytics Software 588,Starter,12857.0,1071.42,usage-based,Ana Rodriguez,Lisa Chang,SMB,active,2024-03-02T14:00:00
ACC-589,NorthstarCloud Software 589,Growth,79923.87,6660.32,usage-based,Marcus Johnson,Rachel Kim,Mid-Market,active,2023-09-04T14:00:00
ACC-590,BluePeakCloud Software 590,Enterprise,609981.26,50831.77,usage-based,Sarah Chen,Mike Rivera,Enterprise,active,2025-01-03T14:00:00
ACC-591,ClearPathCloud Software 591,Growth,146944.16,12245.35,usage-based,James Wilson,Tom Bradley,Mid-Market,active,2024-03-13T14:00:00
ACC-592,EvergreenCloud Software 592,Growth,66889.77,5574.15,usage-based,Priya Patel,Mike Rivera,Mid-Market,active,2024-09-14T14:00:00
ACC-593,SilverlineCloud Software 593,Enterprise,480003.93,40000.33,usage-based,Ana Rodriguez,Tom Bradley,Enterprise,active,2023-03-21T14:00:00
ACC-594,KeystoneCloud Software 594,Starter,8912.03,742.67,hybrid,Marcus Johnson,David Park,SMB,active,2023-09-13T14:00:00
ACC-595,SummitCloud Software 595,Growth,175116.17,14593.01,usage-based,Priya Patel,Mike Rivera,Mid-Market,active,2023-03-16T14:00:00
ACC-596,RiverbendCloud Software 596,Starter,40458.83,3371.57,hybrid,James Wilson,Mike Rivera,SMB,active,2024-09-22T14:00:00
ACC-597,IroncladCloud Software 597,Growth,147719.5,12309.96,usage-based,Ana Rodriguez,Mike Rivera,Mid-Market,active,2024-05-22T14:00:00
ACC-598,BrightForgeCloud Software 598,Starter,12487.42,1040.62,hybrid,Priya Patel,David Park,SMB,active,2023-06-27T14:00:00
ACC-599,CoreSignalCloud Software 599,Enterprise,415507.31,34625.61,usage-based,Sarah Chen,Mike Rivera,Enterprise,active,2023-10-03T14:00:00
ACC-600,TrueNorthCloud Software 600,Enterprise,311092.64,25924.39,usage-based,Sarah Chen,Mike Rivera,Enterprise,active,2023-03-10T14:00:00
ACC-601,NorthstarData Software 601,Growth,92994.83,7749.57,usage-based,Ana Rodriguez,Rachel Kim,Mid-Market,active,2024-03-19T14:00:00
ACC-602,BluePeakData Software 602,Growth,56672.15,4722.68,usage-based,Ana Rodriguez,David Park,Mid-Market,active,2023-09-04T14:00:00
ACC-603,ClearPathData Software 603,Enterprise,221798.54,18483.21,usage-based,Sarah Chen,David Park,Enterprise,active,2024-10-30T14:00:00
ACC-604,EvergreenData Software 604,Starter,13282.82,1106.9,hybrid,James Wilson,David Park,SMB,active,2023-08-16T14:00:00
ACC-605,SilverlineData Software 605,Growth,157671.44,13139.29,usage-based,Sarah Chen,Tom Bradley,Mid-Market,active,2023-06-11T14:00:00
ACC-606,KeystoneData Software 606,Growth,211710.18,17642.51,usage-based,Marcus Johnson,Mike Rivera,Mid-Market,active,2024-09-18T14:00:00
ACC-607,SummitData Software 607,Enterprise,397241.79,33103.48,usage-based,James Wilson,David Park,Enterprise,active,2023-09-11T14:00:00
ACC-608,RiverbendData Software 608,Enterprise,513039.79,42753.32,usage-based,Marcus Johnson,Mike Rivera,Enterprise,active,2025-05-14T14:00:00
ACC-609,IroncladData Software 609,Starter,31850.99,2654.25,usage-based,James Wilson,Tom Bradley,SMB,active,2023-12-08T14:00:00
ACC-610,BrightForgeData Software 610,Growth,188406.22,15700.52,usage-based,Priya Patel,Lisa Chang,Mid-Market,active,2024-05-11T14:00:00
ACC-611,CoreSignalData Software 611,Enterprise,570561.99,47546.83,usage-based,Priya Patel,Mike Rivera,Enterprise,active,2023-03-29T14:00:00
ACC-612,TrueNorthData Software 612,Starter,19390.37,1615.86,hybrid,Priya Patel,David Park,SMB,active,2025-03-22T14:00:00
ACC-613,NorthstarMetrics Software 613,Enterprise,667525.29,55627.11,usage-based,Sarah Chen,Rachel Kim,Enterprise,active,2024-02-15T14:00:00
ACC-614,BluePeakMetrics Software 614,Growth,51868.16,4322.35,usage-based,Ana Rodriguez,Lisa Chang,Mid-Market,active,2024-05-15T14:00:00
ACC-615,ClearPathMetrics Software 615,Enterprise,566664.48,47222.04,usage-based,Ana Rodriguez,Mike Rivera,Enterprise,active,2024-10-05T14:00:00
ACC-616,EvergreenMetrics Software 616,Growth,42457.19,3538.1,usage-based,Sarah Chen,Lisa Chang,Mid-Market,active,2025-04-09T14:00:00
ACC-617,SilverlineMetrics Software 617,Growth,110170.35,9180.86,usage-based,Marcus Johnson,Lisa Chang,Mid-Market,active,2025-04-20T14:00:00
ACC-618,KeystoneMetrics Software 618,Growth,204682.69,17056.89,usage-based,James Wilson,Lisa Chang,Mid-Market,active,2024-07-01T14:00:00
ACC-619,SummitMetrics Software 619,Enterprise,637927.38,53160.61,usage-based,Priya Patel,Tom Bradley,Enterprise,active,2023-02-01T14:00:00
ACC-620,RiverbendMetrics Software 620,Enterprise,366404.08,30533.67,usage-based,Ana Rodriguez,Mike Rivera,Enterprise,active,2024-11-24T14:00:00
ACC-621,IroncladMetrics Software 621,Enterprise,437887.07,36490.59,usage-based,Sarah Chen,Rachel Kim,Enterprise,active,2025-03-17T14:00:00
ACC-622,BrightForgeMetrics Software 622,Starter,37445.1,3120.42,hybrid,Priya Patel,Mike Rivera,SMB,active,2023-11-07T14:00:00
ACC-623,CoreSignalMetrics Software 623,Growth,107667.65,8972.3,usage-based,Priya Patel,David Park,Mid-Market,active,2023-03-15T14:00:00
ACC-624,TrueNorthMetrics Software 624,Growth,152843.72,12736.98,usage-based,James Wilson,Tom Bradley,Mid-Market,active,2023-09-29T14:00:00
ACC-625,NorthstarOps Software 625,Starter,41924.76,3493.73,usage-based,Ana Rodriguez,Lisa Chang,SMB,active,2024-12-23T14:00:00
ACC-626,BluePeakOps Software 626,Enterprise,385018.05,32084.84,usage-based,Marcus Johnson,David Park,Enterprise,active,2024-06-06T14:00:00
ACC-627,ClearPathOps Software 627,Growth,165436.02,13786.33,usage-based,Sarah Chen,Tom Bradley,Mid-Market,active,2025-05-25T14:00:00
ACC-628,EvergreenOps Software 628,Starter,20793.34,1732.78,hybrid,Sarah Chen,Lisa Chang,SMB,active,2023-12-01T14:00:00
ACC-629,SilverlineOps Software 629,Starter,22273.74,1856.15,usage-based,Marcus Johnson,Tom Bradley,SMB,active,2025-02-20T14:00:00
ACC-630,KeystoneOps Software 630,Enterprise,295736.29,24644.69,usage-based,Ana Rodriguez,Rachel Kim,Enterprise,active,2023-06-09T14:00:00
ACC-631,SummitOps Software 631,Starter,23587.57,1965.63,usage-based,Ana Rodriguez,Mike Rivera,SMB,active,2023-12-26T14:00:00
ACC-632,RiverbendOps Software 632,Enterprise,589981.45,49165.12,usage-based,Sarah Chen,David Park,Enterprise,active,2023-10-23T14:00:00
ACC-633,IroncladOps Software 633,Enterprise,511221.96,42601.83,usage-based,Marcus Johnson,Lisa Chang,Enterprise,active,2024-08-01T14:00:00
ACC-634,BrightForgeOps Software 634,Enterprise,337504.46,28125.37,usage-based,James Wilson,Tom Bradley,Enterprise,active,2024-07-05T14:00:00
ACC-635,CoreSignalOps Software 635,Growth,83582.8,6965.23,usage-based,Marcus Johnson,Lisa Chang,Mid-Market,active,2023-03-20T14:00:00
ACC-636,TrueNorthOps Software 636,Growth,61397.16,5116.43,usage-based,Sarah Chen,Lisa Chang,Mid-Market,active,2024-02-21T14:00:00
ACC-637,NorthstarRevenue Software 637,Growth,114359.23,9529.94,usage-based,Ana Rodriguez,Tom Bradley,Mid-Market,churned,2023-03-30T14:00:00
ACC-638,BluePeakRevenue Software 638,Enterprise,334153.86,27846.15,usage-based,Priya Patel,Mike Rivera,Enterprise,active,2025-02-23T14:00:00
ACC-639,ClearPathRevenue Software 639,Enterprise,523027.42,43585.62,usage-based,Ana Rodriguez,Mike Rivera,Enterprise,active,2024-10-18T14:00:00
ACC-640,EvergreenRevenue Software 640,Starter,19144.98,1595.41,usage-based,Marcus Johnson,Tom Bradley,SMB,active,2024-04-16T14:00:00
ACC-641,SilverlineRevenue Software 641,Growth,162538.64,13544.89,usage-based,Priya Patel,Lisa Chang,Mid-Market,active,2025-04-25T14:00:00
ACC-642,KeystoneRevenue Software 642,Starter,37056.44,3088.04,usage-based,Sarah Chen,Rachel Kim,SMB,active,2025-02-11T14:00:00
ACC-643,SummitRevenue Software 643,Starter,12752.96,1062.75,usage-based,Sarah Chen,Lisa Chang,SMB,active,2025-01-13T14:00:00
ACC-644,RiverbendRevenue Software 644,Enterprise,380290.9,31690.91,usage-based,Sarah Chen,David Park,Enterprise,active,2023-10-04T14:00:00
ACC-645,IroncladRevenue Software 645,Enterprise,586373.55,48864.46,usage-based,Sarah Chen,Mike Rivera,Enterprise,active,2024-11-05T14:00:00
ACC-646,BrightForgeRevenue Software 646,Starter,23076.67,1923.06,usage-based,Sarah Chen,Tom Bradley,SMB,active,2025-01-21T14:00:00
ACC-647,CoreSignalRevenue Software 647,Growth,124057.1,10338.09,usage-based,Marcus Johnson,David Park,Mid-Market,active,2024-03-09T14:00:00
ACC-648,TrueNorthRevenue Software 648,Starter,21429.96,1785.83,usage-based,James Wilson,Rachel Kim,SMB,active,2024-12-01T14:00:00
ACC-649,NorthstarWorkflow Software 649,Growth,203678.15,16973.18,usage-based,Priya Patel,Tom Bradley,Mid-Market,active,2024-02-25T14:00:00
ACC-650,BluePeakWorkflow Software 650,Starter,9178.08,764.84,usage-based,Priya Patel,Rachel Kim,SMB,active,2024-03-31T14:00:00
ACC-651,ClearPathWorkflow Software 651,Starter,24287.05,2023.92,usage-based,Priya Patel,Rachel Kim,SMB,active,2025-01-06T14:00:00
ACC-652,EvergreenWorkflow Software 652,Enterprise,501326.26,41777.19,usage-based,Ana Rodriguez,Lisa Chang,Enterprise,active,2023-08-20T14:00:00
ACC-653,SilverlineWorkflow Software 653,Starter,26484.33,2207.03,usage-based,James Wilson,Tom Bradley,SMB,active,2024-01-21T14:00:00
ACC-654,KeystoneWorkflow Software 654,Growth,128272.95,10689.41,usage-based,Ana Rodriguez,David Park,Mid-Market,active,2024-07-01T14:00:00
ACC-655,SummitWorkflow Software 655,Growth,74007.23,6167.27,usage-based,Priya Patel,David Park,Mid-Market,active,2024-10-14T14:00:00
ACC-656,RiverbendWorkflow Software 656,Enterprise,585344.68,48778.72,usage-based,Priya Patel,Mike Rivera,Enterprise,active,2023-02-18T14:00:00
ACC-657,IroncladWorkflow Software 657,Starter,26000.7,2166.72,usage-based,Marcus Johnson,Mike Rivera,SMB,active,2024-09-15T14:00:00
ACC-658,BrightForgeWorkflow Software 658,Growth,89441.81,7453.48,usage-based,Sarah Chen,Lisa Chang,Mid-Market,active,2023-10-15T14:00:00
ACC-659,CoreSignalWorkflow Software 659,Starter,35111.28,2925.94,hybrid,Marcus Johnson,Lisa Chang,SMB,active,2024-09-26T14:00:00
ACC-660,TrueNorthWorkflow Software 660,Growth,185505.42,15458.79,usage-based,Priya Patel,David Park,Mid-Market,active,2025-04-28T14:00:00
ACC-661,NorthstarAutomation Software 661,Growth,104599.42,8716.62,usage-based,Ana Rodriguez,David Park,Mid-Market,active,2025-01-01T14:00:00
ACC-662,BluePeakAutomation Software 662,Growth,75505.59,6292.13,usage-based,James Wilson,David Park,Mid-Market,active,2024-07-14T14:00:00
ACC-663,ClearPathAutomation Software 663,Enterprise,198981.87,16581.82,usage-based,Sarah Chen,Lisa Chang,Enterprise,active,2023-09-18T14:00:00
ACC-664,EvergreenAutomation Software 664,Enterprise,443224.26,36935.36,usage-based,Sarah Chen,Tom Bradley,Enterprise,active,2023-09-06T14:00:00
ACC-665,SilverlineAutomation Software 665,Enterprise,245244.77,20437.06,usage-based,Marcus Johnson,Tom Bradley,Enterprise,active,2025-03-27T14:00:00
ACC-666,KeystoneAutomation Software 666,Growth,146416.43,12201.37,usage-based,Marcus Johnson,Mike Rivera,Mid-Market,active,2023-12-05T14:00:00
ACC-667,SummitAutomation Software 667,Growth,212979.46,17748.29,usage-based,Priya Patel,Rachel Kim,Mid-Market,active,2023-10-04T14:00:00
ACC-668,RiverbendAutomation Software 668,Enterprise,330882.58,27573.55,usage-based,Marcus Johnson,Lisa Chang,Enterprise,active,2023-05-08T14:00:00
ACC-669,IroncladAutomation Software 669,Starter,34922.65,2910.22,hybrid,Priya Patel,Lisa Chang,SMB,active,2023-06-02T14:00:00
ACC-670,BrightForgeAutomation Software 670,Starter,31581.05,2631.75,hybrid,Marcus Johnson,David Park,SMB,active,2023-02-12T14:00:00
ACC-671,CoreSignalAutomation Software 671,Enterprise,333411.61,27784.3,usage-based,Priya Patel,Lisa Chang,Enterprise,active,2024-11-26T14:00:00
ACC-672,TrueNorthAutomation Software 672,Growth,210884.28,17573.69,usage-based,Ana Rodriguez,Rachel Kim,Mid-Market,active,2023-03-29T14:00:00
ACC-673,NorthstarSecurity Software 673,Starter,9101.01,758.42,hybrid,Ana Rodriguez,Lisa Chang,SMB,active,2023-08-11T14:00:00
ACC-674,BluePeakSecurity Software 674,Growth,208730.43,17394.2,usage-based,Marcus Johnson,Tom Bradley,Mid-Market,active,2023-04-24T14:00:00
ACC-675,ClearPathSecurity Software 675,Enterprise,353405.06,29450.42,usage-based,Priya Patel,Lisa Chang,Enterprise,active,2023-08-14T14:00:00
ACC-676,EvergreenSecurity Software 676,Starter,11016.68,918.06,hybrid,James Wilson,Mike Rivera,SMB,active,2024-08-28T14:00:00
ACC-677,SilverlineSecurity Software 677,Enterprise,526588.04,43882.34,usage-based,Priya Patel,Tom Bradley,Enterprise,active,2023-03-13T14:00:00
ACC-678,KeystoneSecurity Software 678,Enterprise,180640.58,15053.38,usage-based,James Wilson,Rachel Kim,Enterprise,active,2023-05-07T14:00:00
ACC-679,SummitSecurity Software 679,Growth,71608.24,5967.35,usage-based,James Wilson,Rachel Kim,Mid-Market,active,2024-05-04T14:00:00
ACC-680,RiverbendSecurity Software 680,Growth,108811.87,9067.66,usage-based,James Wilson,David Park,Mid-Market,active,2023-07-30T14:00:00
ACC-681,IroncladSecurity Software 681,Growth,82153.73,6846.14,usage-based,James Wilson,Mike Rivera,Mid-Market,active,2023-02-28T14:00:00
ACC-682,BrightForgeSecurity Software 682,Starter,18026.89,1502.24,hybrid,Priya Patel,Mike Rivera,SMB,active,2025-03-12T14:00:00
ACC-683,CoreSignalSecurity Software 683,Enterprise,623965.63,51997.14,usage-based,Marcus Johnson,Mike Rivera,Enterprise,active,2023-11-13T14:00:00
ACC-684,TrueNorthSecurity Software 684,Starter,41253.41,3437.78,hybrid,Ana Rodriguez,David Park,SMB,active,2024-01-18T14:00:00
ACC-685,NorthstarCommerce Software 685,Starter,22664.99,1888.75,usage-based,Ana Rodriguez,Rachel Kim,SMB,active,2024-12-17T14:00:00
ACC-686,BluePeakCommerce Software 686,Enterprise,345547.29,28795.61,usage-based,Marcus Johnson,Rachel Kim,Enterprise,active,2023-06-13T14:00:00
ACC-687,ClearPathCommerce Software 687,Growth,206752.1,17229.34,usage-based,Ana Rodriguez,Tom Bradley,Mid-Market,active,2023-07-20T14:00:00
ACC-688,EvergreenCommerce Software 688,Growth,84283.59,7023.63,usage-based,Sarah Chen,Rachel Kim,Mid-Market,active,2023-10-19T14:00:00
ACC-689,SilverlineCommerce Software 689,Growth,129388.79,10782.4,usage-based,Sarah Chen,Tom Bradley,Mid-Market,active,2025-05-23T14:00:00
ACC-690,KeystoneCommerce Software 690,Growth,94429.8,7869.15,usage-based,Ana Rodriguez,Rachel Kim,Mid-Market,churned,2024-11-03T14:00:00
ACC-691,SummitCommerce Software 691,Enterprise,283476.49,23623.04,usage-based,Priya Patel,Mike Rivera,Enterprise,active,2024-01-28T14:00:00
ACC-692,RiverbendCommerce Software 692,Starter,18484.02,1540.34,hybrid,James Wilson,Rachel Kim,SMB,active,2023-07-20T14:00:00
ACC-693,IroncladCommerce Software 693,Enterprise,500933.19,41744.43,usage-based,James Wilson,Lisa Chang,Enterprise,active,2024-05-12T14:00:00
ACC-694,BrightForgeCommerce Software 694,Starter,20559.66,1713.31,hybrid,Sarah Chen,Tom Bradley,SMB,active,2024-03-02T14:00:00
ACC-695,CoreSignalCommerce Software 695,Growth,82271.13,6855.93,usage-based,Priya Patel,David Park,Mid-Market,active,2025-03-24T14:00:00
ACC-696,TrueNorthCommerce Software 696,Enterprise,528235.48,44019.62,usage-based,Sarah Chen,Mike Rivera,Enterprise,active,2023-07-12T14:00:00
ACC-697,NorthstarHealth Software 697,Growth,138377.92,11531.49,usage-based,Ana Rodriguez,Lisa Chang,Mid-Market,active,2023-11-07T14:00:00
ACC-698,BluePeakHealth Software 698,Enterprise,373553.05,31129.42,usage-based,Ana Rodriguez,Rachel Kim,Enterprise,active,2023-11-25T14:00:00
ACC-699,ClearPathHealth Software 699,Growth,208672.34,17389.36,usage-based,Ana Rodriguez,Lisa Chang,Mid-Market,active,2024-01-25T14:00:00
ACC-700,EvergreenHealth Software 700,Growth,112275.18,9356.26,usage-based,Sarah Chen,David Park,Mid-Market,active,2023-10-20T14:00:00
ACC-701,SilverlineHealth Software 701,Starter,35215.31,2934.61,usage-based,Sarah Chen,Rachel Kim,SMB,active,2024-11-30T14:00:00
ACC-702,KeystoneHealth Software 702,Starter,13683.6,1140.3,usage-based,Marcus Johnson,Lisa Chang,SMB,active,2025-04-13T14:00:00
ACC-703,SummitHealth Software 703,Growth,217913.83,18159.49,usage-based,James Wilson,Lisa Chang,Mid-Market,active,2023-02-04T14:00:00
ACC-704,RiverbendHealth Software 704,Enterprise,597054.06,49754.51,usage-based,Priya Patel,Tom Bradley,Enterprise,active,2023-05-13T14:00:00
ACC-705,IroncladHealth Software 705,Starter,10278.41,856.53,hybrid,Ana Rodriguez,Rachel Kim,SMB,active,2023-11-08T14:00:00
ACC-706,BrightForgeHealth Software 706,Growth,91163.75,7596.98,usage-based,James Wilson,Mike Rivera,Mid-Market,active,2023-03-13T14:00:00
ACC-707,CoreSignalHealth Software 707,Growth,146588.54,12215.71,usage-based,James Wilson,Mike Rivera,Mid-Market,active,2024-03-28T14:00:00
ACC-708,TrueNorthHealth Software 708,Enterprise,463296.96,38608.08,usage-based,Ana Rodriguez,Mike Rivera,Enterprise,active,2025-02-07T14:00:00
ACC-709,NorthstarLogistics Software 709,Growth,59976.3,4998.03,usage-based,Priya Patel,David Park,Mid-Market,active,2024-06-08T14:00:00
ACC-710,BluePeakLogistics Software 710,Starter,16980.65,1415.05,hybrid,Ana Rodriguez,David Park,SMB,active,2024-01-28T14:00:00
ACC-711,ClearPathLogistics Software 711,Enterprise,317707.07,26475.59,usage-based,Marcus Johnson,David Park,Enterprise,active,2023-09-11T14:00:00
ACC-712,EvergreenLogistics Software 712,Growth,113506.14,9458.84,usage-based,James Wilson,Tom Bradley,Mid-Market,active,2023-06-19T14:00:00
ACC-713,SilverlineLogistics Software 713,Enterprise,552874.91,46072.91,usage-based,Priya Patel,Tom Bradley,Enterprise,active,2025-05-06T14:00:00
ACC-714,KeystoneLogistics Software 714,Enterprise,576826.03,48068.84,usage-based,Priya Patel,Tom Bradley,Enterprise,active,2024-01-09T14:00:00
ACC-715,SummitLogistics Software 715,Starter,31284.97,2607.08,usage-based,Marcus Johnson,Tom Bradley,SMB,active,2023-04-26T14:00:00
ACC-716,RiverbendLogistics Software 716,Growth,188996.55,15749.71,usage-based,Priya Patel,Rachel Kim,Mid-Market,active,2023-09-15T14:00:00
ACC-717,IroncladLogistics Software 717,Growth,75452.55,6287.71,usage-based,Marcus Johnson,Rachel Kim,Mid-Market,active,2023-04-29T14:00:00
ACC-718,BrightForgeLogistics Software 718,Growth,133937.25,11161.44,usage-based,Priya Patel,Mike Rivera,Mid-Market,active,2023-12-16T14:00:00
ACC-719,CoreSignalLogistics Software 719,Starter,10230.98,852.58,hybrid,Marcus Johnson,David Park,SMB,active,2023-10-22T14:00:00
ACC-720,TrueNorthLogistics Software 720,Enterprise,276381.72,23031.81,usage-based,Marcus Johnson,Mike Rivera,Enterprise,active,2024-09-13T14:00:00
ACC-721,NorthstarAnalytics AI 721,Enterprise,205279.64,17106.64,usage-based,Priya Patel,Lisa Chang,Enterprise,active,2024-08-19T14:00:00
ACC-722,BluePeakAnalytics AI 722,Growth,124630.89,10385.91,usage-based,James Wilson,Mike Rivera,Mid-Market,active,2023-06-29T14:00:00
ACC-723,ClearPathAnalytics AI 723,Growth,108299.08,9024.92,usage-based,Ana Rodriguez,Rachel Kim,Mid-Market,active,2024-11-26T14:00:00
ACC-724,EvergreenAnalytics AI 724,Starter,24135.8,2011.32,hybrid,Priya Patel,Lisa Chang,SMB,active,2024-09-04T14:00:00
ACC-725,SilverlineAnalytics AI 725,Growth,164615.4,13717.95,usage-based,Priya Patel,Mike Rivera,Mid-Market,active,2024-04-26T14:00:00
ACC-726,KeystoneAnalytics AI 726,Enterprise,606910.66,50575.89,usage-based,Marcus Johnson,Lisa Chang,Enterprise,active,2023-08-03T14:00:00
ACC-727,SummitAnalytics AI 727,Enterprise,283365.49,23613.79,usage-based,James Wilson,David Park,Enterprise,active,2025-05-06T14:00:00
ACC-728,RiverbendAnalytics AI 728,Starter,40882.7,3406.89,usage-based,James Wilson,Lisa Chang,SMB,active,2023-08-03T14:00:00
ACC-729,IroncladAnalytics AI 729,Enterprise,580432.4,48369.37,usage-based,Marcus Johnson,Tom Bradley,Enterprise,active,2023-09-12T14:00:00
ACC-730,BrightForgeAnalytics AI 730,Starter,18385.63,1532.14,hybrid,James Wilson,Rachel Kim,SMB,active,2024-06-03T14:00:00
ACC-731,CoreSignalAnalytics AI 731,Growth,80841.21,6736.77,usage-based,Priya Patel,David Park,Mid-Market,active,2023-02-02T14:00:00
ACC-732,TrueNorthAnalytics AI 732,Growth,146038.71,12169.89,usage-based,Sarah Chen,David Park,Mid-Market,active,2023-07-18T14:00:00
ACC-733,NorthstarCloud AI 733,Starter,36538.87,3044.91,hybrid,Priya Patel,Mike Rivera,SMB,active,2024-01-19T14:00:00
ACC-734,BluePeakCloud AI 734,Enterprise,674180.48,56181.71,usage-based,Priya Patel,Tom Bradley,Enterprise,active,2024-09-01T14:00:00
ACC-735,ClearPathCloud AI 735,Growth,211489.43,17624.12,usage-based,Priya Patel,Lisa Chang,Mid-Market,active,2024-12-24T14:00:00
ACC-736,EvergreenCloud AI 736,Growth,84773.77,7064.48,usage-based,Sarah Chen,David Park,Mid-Market,active,2024-04-08T14:00:00
ACC-737,SilverlineCloud AI 737,Growth,163174.52,13597.88,usage-based,Sarah Chen,Rachel Kim,Mid-Market,active,2024-07-28T14:00:00
ACC-738,KeystoneCloud AI 738,Enterprise,389282.84,32440.24,usage-based,James Wilson,Mike Rivera,Enterprise,active,2023-10-07T14:00:00
ACC-739,SummitCloud AI 739,Growth,143823.55,11985.3,usage-based,Marcus Johnson,Tom Bradley,Mid-Market,active,2023-05-14T14:00:00
ACC-740,RiverbendCloud AI 740,Growth,164164.62,13680.39,usage-based,James Wilson,Tom Bradley,Mid-Market,active,2023-12-24T14:00:00
ACC-741,IroncladCloud AI 741,Enterprise,264993.33,22082.78,usage-based,Ana Rodriguez,Lisa Chang,Enterprise,active,2024-07-30T14:00:00
ACC-742,BrightForgeCloud AI 742,Growth,64774.06,5397.84,usage-based,Priya Patel,David Park,Mid-Market,active,2023-04-06T14:00:00
ACC-743,CoreSignalCloud AI 743,Starter,40195.39,3349.62,hybrid,Sarah Chen,Lisa Chang,SMB,churned,2024-05-28T14:00:00
ACC-744,TrueNorthCloud AI 744,Enterprise,615716.12,51309.68,usage-based,James Wilson,Tom Bradley,Enterprise,active,2024-05-11T14:00:00
ACC-745,NorthstarData AI 745,Enterprise,327025.56,27252.13,usage-based,Sarah Chen,Rachel Kim,Enterprise,active,2025-04-02T14:00:00
ACC-746,BluePeakData AI 746,Starter,27841.54,2320.13,usage-based,James Wilson,Lisa Chang,SMB,active,2023-12-31T14:00:00
ACC-747,ClearPathData AI 747,Enterprise,520348.88,43362.41,usage-based,Ana Rodriguez,Tom Bradley,Enterprise,active,2024-03-29T14:00:00
ACC-748,EvergreenData AI 748,Enterprise,607119.89,50593.32,usage-based,Marcus Johnson,Lisa Chang,Enterprise,active,2024-06-10T14:00:00
ACC-749,SilverlineData AI 749,Growth,143353.84,11946.15,usage-based,James Wilson,Lisa Chang,Mid-Market,active,2024-07-07T14:00:00
ACC-750,KeystoneData AI 750,Starter,14132.13,1177.68,usage-based,James Wilson,Tom Bradley,SMB,active,2023-08-19T14:00:00
