opportunity_id,account_id,opportunity_name,stage,amount,close_date,type,owner,created_at
OPP-REN-002,ACC-002,CloudPeak Analytics - Annual Renewal,proposal,231247.59,2025-09-18,renewal,Ana Rodriguez,2025-06-01T14:00:00
OPP-REN-003,ACC-003,MetricFlow Inc - Annual Renewal,negotiation,194898.61,2025-09-23,renewal,Marcus Johnson,2025-06-06T14:00:00
OPP-EXP-003,ACC-003,MetricFlow Inc - Usage Expansion,prospecting,126955.49,2025-11-09,expansion,Marcus Johnson,2025-06-28T14:00:00
OPP-REN-004,ACC-004,SignalPath Systems - Annual Renewal,qualification,460622.53,2025-12-19,renewal,Ana Rodriguez,2025-06-16T14:00:00
OPP-REN-005,ACC-005,NexusData Solutions - Annual Renewal,negotiation,91517.95,2025-09-26,renewal,Sarah Chen,2025-04-13T14:00:00
OPP-REN-006,ACC-006,PulsePoint Technologies - Annual Renewal,qualification,91461.1,2025-12-07,renewal,Marcus Johnson,2025-05-22T14:00:00
OPP-REN-007,ACC-007,StreamForge Labs - Annual Renewal,proposal,228358.19,2025-12-17,renewal,Priya Patel,2025-05-27T14:00:00
OPP-EXP-007,ACC-007,StreamForge Labs - Usage Expansion,proposal,88468.65,2025-08-12,expansion,Priya Patel,2025-06-27T14:00:00
OPP-REN-008,ACC-008,DataBridge AI - Annual Renewal,proposal,171892.26,2025-08-12,renewal,Ana Rodriguez,2025-05-16T14:00:00
OPP-REN-009,ACC-009,FlowState Computing - Annual Renewal,negotiation,326589.14,2025-10-09,renewal,Ana Rodriguez,2025-04-20T14:00:00
OPP-EXP-009,ACC-009,FlowState Computing - Usage Expansion,prospecting,191712.33,2025-08-12,expansion,Ana Rodriguez,2025-06-12T14:00:00
OPP-REN-010,ACC-010,Quantum Metrics Corp - Annual Renewal,negotiation,214777.57,2025-11-07,renewal,Marcus Johnson,2025-06-20T14:00:00
OPP-REN-011,ACC-011,TerraData Systems - Annual Renewal,proposal,37460.44,2025-08-15,renewal,Priya Patel,2025-04-17T14:00:00
OPP-REN-012,ACC-012,AeroSync Inc - Annual Renewal,qualification,70952.43,2025-09-30,renewal,Priya Patel,2025-05-23T14:00:00
OPP-REN-013,ACC-013,VortexCloud Solutions - Annual Renewal,negotiation,648327.29,2025-09-20,renewal,Sarah Chen,2025-05-07T14:00:00
OPP-EXP-013,ACC-013,VortexCloud Solutions - Usage Expansion,qualification,447041.68,2025-09-24,expansion,Sarah Chen,2025-05-26T14:00:00
OPP-REN-014,ACC-014,PrismAnalytics Co - Annual Renewal,qualification,544563.4,2025-11-15,renewal,Marcus Johnson,2025-05-31T14:00:00
OPP-EXP-014,ACC-014,PrismAnalytics Co - Usage Expansion,qualification,257816.23,2025-10-13,expansion,Marcus Johnson,2025-06-16T14:00:00
OPP-REN-015,ACC-015,CipherStream Tech - Annual Renewal,negotiation,642695.59,2025-11-14,renewal,Ana Rodriguez,2025-06-20T14:00:00
OPP-REN-016,ACC-016,HyperScale Data - Annual Renewal,proposal,564156.79,2025-10-23,renewal,Sarah Chen,2025-05-08T14:00:00
OPP-EXP-016,ACC-016,HyperScale Data - Usage Expansion,qualification,469910.81,2025-12-06,expansion,Sarah Chen,2025-06-06T14:00:00
OPP-REN-017,ACC-017,MeridianFlow Inc - Annual Renewal,proposal,337726.52,2025-09-19,renewal,Priya Patel,2025-05-06T14:00:00
OPP-REN-018,ACC-018,ApexCloud Systems - Annual Renewal,negotiation,27284.12,2025-09-02,renewal,Marcus Johnson,2025-05-07T14:00:00
OPP-REN-019,ACC-019,NovaMetrics Labs - Annual Renewal,qualification,29856.96,2025-10-26,renewal,Priya Patel,2025-04-26T14:00:00
OPP-REN-020,ACC-020,ZenithData Corp - Annual Renewal,proposal,137937.96,2025-10-14,renewal,Ana Rodriguez,2025-04-18T14:00:00
OPP-EXP-020,ACC-020,ZenithData Corp - Usage Expansion,proposal,26406.94,2025-10-22,expansion,Ana Rodriguez,2025-06-30T14:00:00
OPP-REN-021,ACC-021,SynapseStream Inc - Annual Renewal,proposal,289660.38,2025-08-16,renewal,Marcus Johnson,2025-05-17T14:00:00
OPP-REN-022,ACC-022,VertexAnalytics Co - Annual Renewal,negotiation,203558.19,2025-09-13,renewal,Sarah Chen,2025-05-08T14:00:00
OPP-REN-023,ACC-023,PolarisData Tech - Annual Renewal,qualification,520240.61,2025-10-10,renewal,Ana Rodriguez,2025-06-17T14:00:00
OPP-EXP-023,ACC-023,PolarisData Tech - Usage Expansion,proposal,97421.58,2025-11-09,expansion,Ana Rodriguez,2025-05-29T14:00:00
OPP-REN-024,ACC-024,EchoStream Solutions - Annual Renewal,proposal,219309.61,2025-10-03,renewal,Ana Rodriguez,2025-05-23T14:00:00
OPP-REN-025,ACC-025,AtlasFlow Computing - Annual Renewal,qualification,8390.35,2025-10-14,renewal,Ana Rodriguez,2025-06-19T14:00:00
OPP-REN-026,ACC-026,OrbitalData Inc - Annual Renewal,negotiation,235776.09,2025-11-03,renewal,James Wilson,2025-05-14T14:00:00
OPP-EXP-026,ACC-026,OrbitalData Inc - Usage Expansion,prospecting,81349.58,2025-12-02,expansion,James Wilson,2025-06-03T14:00:00
OPP-REN-027,ACC-027,SpectrumCloud Labs - Annual Renewal,proposal,541046.03,2025-10-27,renewal,Priya Patel,2025-06-13T14:00:00
OPP-REN-028,ACC-028,VectorMetrics Corp - Annual Renewal,qualification,636313.92,2025-07-30,renewal,Priya Patel,2025-06-04T14:00:00
OPP-REN-029,ACC-029,TitanStream Systems - Annual Renewal,proposal,366956.93,2025-12-04,renewal,Marcus Johnson,2025-06-30T14:00:00
OPP-EXP-029,ACC-029,TitanStream Systems - Usage Expansion,qualification,172621.52,2025-10-05,expansion,Marcus Johnson,2025-05-28T14:00:00
OPP-REN-030,ACC-030,GenesiData Analytics - Annual Renewal,qualification,39228.78,2026-01-05,renewal,James Wilson,2025-05-13T14:00:00
OPP-REN-031,ACC-031,CatalystCloud Co - Annual Renewal,proposal,37876.54,2025-12-16,renewal,Marcus Johnson,2025-05-09T14:00:00
OPP-REN-032,ACC-032,IonFlow Technologies - Annual Renewal,negotiation,210557.0,2025-08-04,renewal,Sarah Chen,2025-05-12T14:00:00
OPP-EXP-032,ACC-032,IonFlow Technologies - Usage Expansion,closed_lost,154613.13,2025-11-04,expansion,Sarah Chen,2025-06-28T14:00:00
OPP-REN-033,ACC-033,NimbusData Corp - Annual Renewal,negotiation,560301.08,2025-12-01,renewal,Marcus Johnson,2025-06-15T14:00:00
OPP-REN-034,ACC-034,ArcLight Analytics - Annual Renewal,proposal,454901.8,2025-12-15,renewal,Priya Patel,2025-06-08T14:00:00
OPP-REN-035,ACC-035,TridentStream Inc - Annual Renewal,qualification,285899.1,2025-09-18,renewal,Ana Rodriguez,2025-05-29T14:00:00
OPP-EXP-035,ACC-035,TridentStream Inc - Usage Expansion,closed_lost,78225.14,2025-10-04,expansion,Ana Rodriguez,2025-06-24T14:00:00
OPP-REN-036,ACC-036,KineticData Labs - Annual Renewal,qualification,219136.59,2025-11-01,renewal,Priya Patel,2025-05-17T14:00:00
OPP-REN-037,ACC-037,StellarFlow Systems - Annual Renewal,proposal,86127.2,2025-10-24,renewal,Sarah Chen,2025-04-22T14:00:00
OPP-REN-038,ACC-038,PhoenixMetrics Co - Annual Renewal,proposal,295057.37,2026-01-01,renewal,Marcus Johnson,2025-06-04T14:00:00
OPP-EXP-038,ACC-038,PhoenixMetrics Co - Usage Expansion,qualification,232584.88,2025-09-01,expansion,Marcus Johnson,2025-05-27T14:00:00
OPP-REN-039,ACC-039,DeltaCloud Solutions - Annual Renewal,qualification,10001.71,2025-10-23,renewal,Sarah Chen,2025-06-01T14:00:00
OPP-REN-040,ACC-040,HorizonData Tech - Annual Renewal,negotiation,319238.63,2025-09-27,renewal,James Wilson,2025-06-01T14:00:00
OPP-REN-041,ACC-041,PinnacleStream Corp - Annual Renewal,negotiation,647757.12,2025-12-19,renewal,Ana Rodriguez,2025-05-20T14:00:00
OPP-REN-042,ACC-042,RadiantFlow Inc - Annual Renewal,negotiation,416486.47,2025-08-18,renewal,James Wilson,2025-04-16T14:00:00
OPP-EXP-042,ACC-042,RadiantFlow Inc - Usage Expansion,proposal,179470.87,2025-09-29,expansion,James Wilson,2025-06-27T14:00:00
OPP-REN-043,ACC-043,QuantumBridge Labs - Annual Renewal,proposal,395525.59,2025-08-10,renewal,James Wilson,2025-05-27T14:00:00
OPP-REN-044,ACC-044,NexGenData Systems - Annual Renewal,qualification,9841.82,2025-09-25,renewal,Sarah Chen,2025-05-09T14:00:00
OPP-REN-045,ACC-045,AlphaStream Analytics - Annual Renewal,qualification,610836.27,2025-07-29,renewal,Marcus Johnson,2025-04-23T14:00:00
OPP-EXP-045,ACC-045,AlphaStream Analytics - Usage Expansion,prospecting,435594.92,2025-07-30,expansion,Marcus Johnson,2025-05-30T14:00:00
OPP-REN-046,ACC-046,OmegaCloud Corp - Annual Renewal,proposal,66952.45,2025-08-19,renewal,Marcus Johnson,2025-06-20T14:00:00
OPP-REN-047,ACC-047,FusionMetrics Inc - Annual Renewal,qualification,641632.8,2025-10-09,renewal,James Wilson,2025-06-21T14:00:00
OPP-REN-048,ACC-048,ZephyrData Solutions - Annual Renewal,qualification,219872.28,2025-10-19,renewal,Sarah Chen,2025-06-20T14:00:00
OPP-REN-049,ACC-049,CosmicFlow Tech - Annual Renewal,qualification,13654.58,2025-08-23,renewal,James Wilson,2025-04-13T14:00:00
OPP-EXP-049,ACC-049,CosmicFlow Tech - Usage Expansion,qualification,2870.09,2025-08-29,expansion,James Wilson,2025-06-01T14:00:00
OPP-REN-050,ACC-050,InfinityStream Labs - Annual Renewal,negotiation,13597.66,2025-09-23,renewal,James Wilson,2025-06-19T14:00:00
OPP-REN-051,ACC-051,AuroraData Corp - Annual Renewal,qualification,17698.47,2025-11-07,renewal,Marcus Johnson,2025-04-14T14:00:00
OPP-REN-052,ACC-052,TerraForge Analytics - Annual Renewal,negotiation,209241.65,2025-08-08,renewal,Ana Rodriguez,2025-06-27T14:00:00
OPP-REN-053,ACC-053,CelestialCloud Inc - Annual Renewal,negotiation,50925.34,2025-11-24,renewal,James Wilson,2025-04-22T14:00:00
OPP-REN-055,ACC-055,ThunderData Systems - Annual Renewal,proposal,162187.83,2025-08-13,renewal,Marcus Johnson,2025-06-19T14:00:00
OPP-REN-056,ACC-056,LuminousStream Labs - Annual Renewal,proposal,27368.96,2025-08-14,renewal,Ana Rodriguez,2025-06-11T14:00:00
OPP-EXP-056,ACC-056,LuminousStream Labs - Usage Expansion,qualification,14853.36,2025-08-17,expansion,Ana Rodriguez,2025-06-28T14:00:00
OPP-REN-057,ACC-057,EternalFlow Corp - Annual Renewal,qualification,142610.39,2025-08-31,renewal,Priya Patel,2025-05-26T14:00:00
OPP-REN-058,ACC-058,MajesticData Inc - Annual Renewal,proposal,18682.25,2025-12-10,renewal,James Wilson,2025-06-30T14:00:00
OPP-REN-059,ACC-059,SovereignCloud Tech - Annual Renewal,negotiation,123385.97,2025-07-27,renewal,Sarah Chen,2025-06-23T14:00:00
OPP-REN-060,ACC-060,GalacticMetrics Solutions - Annual Renewal,qualification,142212.87,2025-08-07,renewal,Sarah Chen,2025-06-23T14:00:00
OPP-REN-061,ACC-061,NorthstarRevenue Labs 061 - Annual Renewal,negotiation,312600.21,2025-11-25,renewal,Priya Patel,2025-05-25T14:00:00
OPP-REN-062,ACC-062,BluePeakRevenue Labs 062 - Annual Renewal,proposal,70078.94,2026-01-05,renewal,Ana Rodriguez,2025-06-19T14:00:00
OPP-REN-063,ACC-063,ClearPathRevenue Labs 063 - Annual Renewal,proposal,185663.79,2025-09-01,renewal,Ana Rodriguez,2025-05-28T14:00:00
OPP-EXP-063,ACC-063,ClearPathRevenue Labs 063 - Usage Expansion,qualification,93043.81,2025-11-12,expansion,Ana Rodriguez,2025-06-20T14:00:00
OPP-REN-064,ACC-064,EvergreenRevenue Labs 064 - Annual Renewal,qualification,18178.88,2025-10-01,renewal,Marcus Johnson,2025-05-01T14:00:00
OPP-REN-065,ACC-065,SilverlineRevenue Labs 065 - Annual Renewal,proposal,33242.17,2025-12-23,renewal,Priya Patel,2025-05-22T14:00:00
OPP-REN-066,ACC-066,KeystoneRevenue Labs 066 - Annual Renewal,qualification,351440.14,2025-10-05,renewal,Priya Patel,2025-05-05T14:00:00
OPP-EXP-066,ACC-066,KeystoneRevenue Labs 066 - Usage Expansion,proposal,277760.55,2025-12-04,expansion,Priya Patel,2025-06-17T14:00:00
OPP-REN-067,ACC-067,SummitRevenue Labs 067 - Annual Renewal,qualification,634079.52,2025-12-15,renewal,Sarah Chen,2025-05-09T14:00:00
OPP-EXP-067,ACC-067,SummitRevenue Labs 067 - Usage Expansion,prospecting,490868.19,2025-08-25,expansion,Sarah Chen,2025-06-20T14:00:00
OPP-REN-068,ACC-068,RiverbendRevenue Labs 068 - Annual Renewal,proposal,91249.08,2025-10-07,renewal,Sarah Chen,2025-05-03T14:00:00
OPP-REN-069,ACC-069,IroncladRevenue Labs 069 - Annual Renewal,negotiation,669898.98,2025-08-13,renewal,Marcus Johnson,2025-04-27T14:00:00
OPP-EXP-069,ACC-069,IroncladRevenue Labs 069 - Usage Expansion,proposal,410501.64,2025-10-26,expansion,Marcus Johnson,2025-07-05T14:00:00
OPP-REN-070,ACC-070,BrightForgeRevenue Labs 070 - Annual Renewal,qualification,141841.42,2025-08-14,renewal,Sarah Chen,2025-04-25T14:00:00
OPP-REN-071,ACC-071,CoreSignalRevenue Labs 071 - Annual Renewal,qualification,26550.07,2025-12-02,renewal,Ana Rodriguez,2025-06-14T14:00:00
OPP-EXP-071,ACC-071,CoreSignalRevenue Labs 071 - Usage Expansion,closed_lost,21393.69,2025-11-12,expansion,Ana Rodriguez,2025-05-26T14:00:00
OPP-REN-072,ACC-072,TrueNorthRevenue Labs 072 - Annual Renewal,negotiation,49445.54,2025-10-07,renewal,Priya Patel,2025-05-11T14:00:00
OPP-REN-073,ACC-073,NorthstarWorkflow Labs 073 - Annual Renewal,negotiation,304764.87,2025-11-10,renewal,Sarah Chen,2025-05-06T14:00:00
OPP-REN-074,ACC-074,BluePeakWorkflow Labs 074 - Annual Renewal,proposal,197698.86,2026-01-04,renewal,Ana Rodriguez,2025-05-16T14:00:00
OPP-REN-075,ACC-075,ClearPathWorkflow Labs 075 - Annual Renewal,qualification,215764.67,2025-11-15,renewal,Marcus Johnson,2025-04-16T14:00:00
OPP-EXP-075,ACC-075,ClearPathWorkflow Labs 075 - Usage Expansion,prospecting,167649.09,2025-07-30,expansion,Marcus Johnson,2025-06-26T14:00:00
OPP-REN-076,ACC-076,EvergreenWorkflow Labs 076 - Annual Renewal,negotiation,642243.65,2025-12-26,renewal,James Wilson,2025-06-25T14:00:00
OPP-REN-077,ACC-077,SilverlineWorkflow Labs 077 - Annual Renewal,qualification,166827.52,2025-10-21,renewal,James Wilson,2025-05-05T14:00:00
OPP-EXP-077,ACC-077,SilverlineWorkflow Labs 077 - Usage Expansion,qualification,107279.27,2025-11-02,expansion,James Wilson,2025-05-27T14:00:00
OPP-REN-078,ACC-078,KeystoneWorkflow Labs 078 - Annual Renewal,negotiation,588293.3,2025-10-02,renewal,James Wilson,2025-06-09T14:00:00
OPP-EXP-078,ACC-078,KeystoneWorkflow Labs 078 - Usage Expansion,proposal,336380.6,2025-08-12,expansion,James Wilson,2025-06-01T14:00:00
OPP-REN-079,ACC-079,SummitWorkflow Labs 079 - Annual Renewal,negotiation,37624.98,2025-08-13,renewal,Sarah Chen,2025-06-05T14:00:00
OPP-REN-080,ACC-080,RiverbendWorkflow Labs 080 - Annual Renewal,qualification,195854.82,2025-07-29,renewal,Priya Patel,2025-05-05T14:00:00
OPP-REN-081,ACC-081,IroncladWorkflow Labs 081 - Annual Renewal,proposal,162954.23,2025-09-13,renewal,Ana Rodriguez,2025-05-13T14:00:00
OPP-REN-082,ACC-082,BrightForgeWorkflow Labs 082 - Annual Renewal,qualification,665200.31,2025-08-25,renewal,Marcus Johnson,2025-05-10T14:00:00
OPP-EXP-082,ACC-082,BrightForgeWorkflow Labs 082 - Usage Expansion,qualification,420373.29,2025-11-05,expansion,Marcus Johnson,2025-06-21T14:00:00
OPP-REN-083,ACC-083,CoreSignalWorkflow Labs 083 - Annual Renewal,qualification,478285.63,2025-10-21,renewal,Priya Patel,2025-06-22T14:00:00
OPP-REN-084,ACC-084,TrueNorthWorkflow Labs 084 - Annual Renewal,proposal,133033.3,2025-10-26,renewal,James Wilson,2025-05-29T14:00:00
OPP-EXP-084,ACC-084,TrueNorthWorkflow Labs 084 - Usage Expansion,qualification,86857.81,2025-11-27,expansion,James Wilson,2025-06-15T14:00:00
OPP-REN-085,ACC-085,NorthstarAutomation Labs 085 - Annual Renewal,negotiation,534392.64,2025-12-28,renewal,Sarah Chen,2025-06-05T14:00:00
OPP-EXP-085,ACC-085,NorthstarAutomation Labs 085 - Usage Expansion,closed_lost,149582.3,2025-08-06,expansion,Sarah Chen,2025-06-12T14:00:00
OPP-REN-086,ACC-086,BluePeakAutomation Labs 086 - Annual Renewal,negotiation,170058.54,2025-09-13,renewal,Marcus Johnson,2025-04-14T14:00:00
OPP-REN-087,ACC-087,ClearPathAutomation Labs 087 - Annual Renewal,qualification,512118.84,2025-12-31,renewal,Priya Patel,2025-05-31T14:00:00
OPP-REN-088,ACC-088,EvergreenAutomation Labs 088 - Annual Renewal,negotiation,64183.31,2025-12-03,renewal,Priya Patel,2025-04-20T14:00:00
OPP-REN-089,ACC-089,SilverlineAutomation Labs 089 - Annual Renewal,qualification,100060.56,2025-09-23,renewal,Priya Patel,2025-05-18T14:00:00
OPP-EXP-089,ACC-089,SilverlineAutomation Labs 089 - Usage Expansion,qualification,62703.1,2025-10-31,expansion,Priya Patel,2025-06-03T14:00:00
OPP-REN-090,ACC-090,KeystoneAutomation Labs 090 - Annual Renewal,proposal,512464.72,2025-09-05,renewal,James Wilson,2025-05-19T14:00:00
OPP-REN-091,ACC-091,SummitAutomation Labs 091 - Annual Renewal,proposal,114281.38,2025-11-03,renewal,Sarah Chen,2025-06-13T14:00:00
OPP-REN-092,ACC-092,RiverbendAutomation Labs 092 - Annual Renewal,proposal,572879.41,2025-10-28,renewal,Ana Rodriguez,2025-06-06T14:00:00
OPP-EXP-092,ACC-092,RiverbendAutomation Labs 092 - Usage Expansion,closed_lost,372355.11,2025-10-12,expansion,Ana Rodriguez,2025-06-14T14:00:00
OPP-REN-093,ACC-093,IroncladAutomation Labs 093 - Annual Renewal,negotiation,162261.65,2025-08-27,renewal,Ana Rodriguez,2025-05-21T14:00:00
OPP-REN-094,ACC-094,BrightForgeAutomation Labs 094 - Annual Renewal,qualification,183692.41,2025-09-08,renewal,Marcus Johnson,2025-06-04T14:00:00
OPP-EXP-094,ACC-094,BrightForgeAutomation Labs 094 - Usage Expansion,closed_lost,58453.68,2025-12-03,expansion,Marcus Johnson,2025-06-02T14:00:00
OPP-REN-095,ACC-095,CoreSignalAutomation Labs 095 - Annual Renewal,proposal,154663.47,2025-10-27,renewal,Priya Patel,2025-06-20T14:00:00
OPP-EXP-095,ACC-095,CoreSignalAutomation Labs 095 - Usage Expansion,prospecting,52037.82,2025-10-09,expansion,Priya Patel,2025-07-01T14:00:00
OPP-REN-096,ACC-096,TrueNorthAutomation Labs 096 - Annual Renewal,qualification,15985.53,2025-11-26,renewal,Marcus Johnson,2025-04-17T14:00:00
OPP-REN-097,ACC-097,NorthstarSecurity Labs 097 - Annual Renewal,negotiation,302421.27,2025-08-07,renewal,James Wilson,2025-04-14T14:00:00
OPP-REN-098,ACC-098,BluePeakSecurity Labs 098 - Annual Renewal,proposal,387220.51,2025-09-08,renewal,Ana Rodriguez,2025-05-03T14:00:00
OPP-REN-099,ACC-099,ClearPathSecurity Labs 099 - Annual Renewal,negotiation,129999.14,2025-09-20,renewal,Marcus Johnson,2025-05-05T14:00:00
OPP-REN-100,ACC-100,EvergreenSecurity Labs 100 - Annual Renewal,proposal,200893.45,2025-11-08,renewal,Sarah Chen,2025-06-15T14:00:00
OPP-EXP-100,ACC-100,EvergreenSecurity Labs 100 - Usage Expansion,proposal,124738.47,2025-08-15,expansion,Sarah Chen,2025-06-23T14:00:00
OPP-REN-101,ACC-101,SilverlineSecurity Labs 101 - Annual Renewal,qualification,658983.02,2025-10-19,renewal,Ana Rodriguez,2025-06-11T14:00:00
OPP-EXP-101,ACC-101,SilverlineSecurity Labs 101 - Usage Expansion,closed_lost,382092.12,2025-11-10,expansion,Ana Rodriguez,2025-05-31T14:00:00
OPP-REN-102,ACC-102,KeystoneSecurity Labs 102 - Annual Renewal,qualification,205309.66,2025-10-31,renewal,Sarah Chen,2025-04-11T14:00:00
OPP-REN-103,ACC-103,SummitSecurity Labs 103 - Annual Renewal,negotiation,30697.64,2025-08-18,renewal,James Wilson,2025-06-07T14:00:00
OPP-REN-104,ACC-104,RiverbendSecurity Labs 104 - Annual Renewal,qualification,131850.51,2025-08-22,renewal,Ana Rodriguez,2025-05-22T14:00:00
OPP-REN-105,ACC-105,IroncladSecurity Labs 105 - Annual Renewal,proposal,126492.05,2025-12-01,renewal,Priya Patel,2025-06-13T14:00:00
OPP-EXP-105,ACC-105,IroncladSecurity Labs 105 - Usage Expansion,closed_lost,67398.3,2025-12-03,expansion,Priya Patel,2025-06-08T14:00:00
OPP-REN-106,ACC-106,BrightForgeSecurity Labs 106 - Annual Renewal,negotiation,568837.42,2025-11-30,renewal,James Wilson,2025-05-19T14:00:00
OPP-REN-108,ACC-108,TrueNorthSecurity Labs 108 - Annual Renewal,proposal,138147.1,2025-08-31,renewal,Marcus Johnson,2025-06-14T14:00:00
OPP-REN-109,ACC-109,NorthstarCommerce Labs 109 - Annual Renewal,qualification,69199.34,2026-01-05,renewal,Marcus Johnson,2025-04-13T14:00:00
OPP-REN-110,ACC-110,BluePeakCommerce Labs 110 - Annual Renewal,negotiation,138584.78,2025-08-20,renewal,James Wilson,2025-06-02T14:00:00
OPP-REN-111,ACC-111,ClearPathCommerce Labs 111 - Annual Renewal,qualification,21242.21,2026-01-06,renewal,Ana Rodriguez,2025-04-20T14:00:00
OPP-EXP-111,ACC-111,ClearPathCommerce Labs 111 - Usage Expansion,qualification,4860.78,2025-10-17,expansion,Ana Rodriguez,2025-06-11T14:00:00
OPP-REN-112,ACC-112,EvergreenCommerce Labs 112 - Annual Renewal,negotiation,355879.4,2025-12-12,renewal,James Wilson,2025-06-01T14:00:00
OPP-EXP-112,ACC-112,EvergreenCommerce Labs 112 - Usage Expansion,prospecting,108597.14,2025-09-12,expansion,James Wilson,2025-07-02T14:00:00
OPP-REN-113,ACC-113,SilverlineCommerce Labs 113 - Annual Renewal,proposal,139211.55,2025-11-29,renewal,Ana Rodriguez,2025-06-29T14:00:00
OPP-REN-114,ACC-114,KeystoneCommerce Labs 114 - Annual Renewal,qualification,397917.99,2025-11-27,renewal,Sarah Chen,2025-05-14T14:00:00
OPP-REN-115,ACC-115,SummitCommerce Labs 115 - Annual Renewal,qualification,35136.84,2025-09-09,renewal,James Wilson,2025-05-24T14:00:00
OPP-REN-116,ACC-116,RiverbendCommerce Labs 116 - Annual Renewal,negotiation,203433.34,2025-11-01,renewal,Ana Rodriguez,2025-05-15T14:00:00
OPP-EXP-116,ACC-116,RiverbendCommerce Labs 116 - Usage Expansion,closed_lost,163658.47,2025-08-04,expansion,Ana Rodriguez,2025-06-18T14:00:00
OPP-REN-117,ACC-117,IroncladCommerce Labs 117 - Annual Renewal,proposal,501374.82,2025-09-20,renewal,Marcus Johnson,2025-06-01T14:00:00
OPP-REN-118,ACC-118,BrightForgeCommerce Labs 118 - Annual Renewal,negotiation,369551.93,2025-08-30,renewal,Marcus Johnson,2025-06-11T14:00:00
OPP-REN-119,ACC-119,CoreSignalCommerce Labs 119 - Annual Renewal,qualification,198575.92,2025-11-16,renewal,Priya Patel,2025-06-14T14:00:00
OPP-REN-120,ACC-120,TrueNorthCommerce Labs 120 - Annual Renewal,negotiation,23990.43,2025-10-12,renewal,Priya Patel,2025-06-20T14:00:00
OPP-EXP-120,ACC-120,TrueNorthCommerce Labs 120 - Usage Expansion,qualification,5694.31,2025-09-10,expansion,Priya Patel,2025-06-28T14:00:00
OPP-REN-121,ACC-121,NorthstarHealth Labs 121 - Annual Renewal,qualification,658642.8,2025-11-07,renewal,Sarah Chen,2025-06-09T14:00:00
OPP-EXP-121,ACC-121,NorthstarHealth Labs 121 - Usage Expansion,closed_lost,370831.43,2025-08-25,expansion,Sarah Chen,2025-06-14T14:00:00
OPP-REN-122,ACC-122,BluePeakHealth Labs 122 - Annual Renewal,proposal,190190.01,2025-12-15,renewal,Marcus Johnson,2025-05-20T14:00:00
OPP-EXP-122,ACC-122,BluePeakHealth Labs 122 - Usage Expansion,prospecting,51104.68,2025-08-27,expansion,Marcus Johnson,2025-06-25T14:00:00
OPP-REN-123,ACC-123,ClearPathHealth Labs 123 - Annual Renewal,proposal,62361.32,2025-10-10,renewal,Marcus Johnson,2025-04-16T14:00:00
OPP-REN-124,ACC-124,EvergreenHealth Labs 124 - Annual Renewal,qualification,364447.59,2025-11-24,renewal,Ana Rodriguez,2025-04-17T14:00:00
OPP-REN-125,ACC-125,SilverlineHealth Labs 125 - Annual Renewal,negotiation,180446.96,2025-08-22,renewal,Marcus Johnson,2025-05-28T14:00:00
OPP-EXP-125,ACC-125,SilverlineHealth Labs 125 - Usage Expansion,qualification,92204.88,2025-12-02,expansion,Marcus Johnson,2025-06-08T14:00:00
OPP-REN-126,ACC-126,KeystoneHealth Labs 126 - Annual Renewal,proposal,207341.92,2025-09-14,renewal,Ana Rodriguez,2025-06-25T14:00:00
OPP-REN-127,ACC-127,SummitHealth Labs 127 - Annual Renewal,proposal,14743.21,2025-11-11,renewal,Sarah Chen,2025-06-17T14:00:00
OPP-REN-128,ACC-128,RiverbendHealth Labs 128 - Annual Renewal,negotiation,63547.8,2025-10-24,renewal,Ana Rodriguez,2025-06-30T14:00:00
OPP-REN-129,ACC-129,IroncladHealth Labs 129 - Annual Renewal,proposal,159750.8,2025-11-27,renewal,Sarah Chen,2025-04-17T14:00:00
OPP-REN-130,ACC-130,BrightForgeHealth Labs 130 - Annual Renewal,negotiation,193224.46,2025-07-25,renewal,James Wilson,2025-06-24T14:00:00
OPP-EXP-130,ACC-130,BrightForgeHealth Labs 130 - Usage Expansion,closed_lost,66766.86,2025-08-28,expansion,James Wilson,2025-05-29T14:00:00
OPP-REN-131,ACC-131,CoreSignalHealth Labs 131 - Annual Renewal,qualification,29609.89,2025-11-03,renewal,Marcus Johnson,2025-06-29T14:00:00
OPP-REN-132,ACC-132,TrueNorthHealth Labs 132 - Annual Renewal,qualification,213854.32,2025-10-29,renewal,Priya Patel,2025-06-30T14:00:00
OPP-REN-133,ACC-133,NorthstarLogistics Labs 133 - Annual Renewal,proposal,34337.81,2025-09-15,renewal,James Wilson,2025-05-21T14:00:00
OPP-EXP-133,ACC-133,NorthstarLogistics Labs 133 - Usage Expansion,proposal,25200.43,2025-11-22,expansion,James Wilson,2025-06-29T14:00:00
OPP-REN-134,ACC-134,BluePeakLogistics Labs 134 - Annual Renewal,qualification,85698.14,2025-10-02,renewal,Sarah Chen,2025-05-04T14:00:00
OPP-REN-135,ACC-135,ClearPathLogistics Labs 135 - Annual Renewal,qualification,412354.23,2025-10-02,renewal,Ana Rodriguez,2025-05-07T14:00:00
OPP-REN-136,ACC-136,EvergreenLogistics Labs 136 - Annual Renewal,qualification,605476.42,2025-12-19,renewal,Marcus Johnson,2025-05-13T14:00:00
OPP-REN-137,ACC-137,SilverlineLogistics Labs 137 - Annual Renewal,negotiation,87986.73,2025-12-14,renewal,Priya Patel,2025-05-11T14:00:00
OPP-REN-138,ACC-138,KeystoneLogistics Labs 138 - Annual Renewal,negotiation,26896.89,2025-07-31,renewal,Sarah Chen,2025-06-10T14:00:00
OPP-EXP-138,ACC-138,KeystoneLogistics Labs 138 - Usage Expansion,proposal,14886.77,2025-11-04,expansion,Sarah Chen,2025-06-29T14:00:00
OPP-REN-139,ACC-139,SummitLogistics Labs 139 - Annual Renewal,negotiation,140821.37,2025-11-16,renewal,Marcus Johnson,2025-06-22T14:00:00
OPP-REN-140,ACC-140,RiverbendLogistics Labs 140 - Annual Renewal,negotiation,121775.07,2025-11-09,renewal,Sarah Chen,2025-04-17T14:00:00
OPP-EXP-140,ACC-140,RiverbendLogistics Labs 140 - Usage Expansion,closed_lost,96572.96,2025-10-10,expansion,Sarah Chen,2025-06-07T14:00:00
OPP-REN-141,ACC-141,IroncladLogistics Labs 141 - Annual Renewal,qualification,525893.58,2025-11-19,renewal,Priya Patel,2025-04-18T14:00:00
OPP-REN-142,ACC-142,BrightForgeLogistics Labs 142 - Annual Renewal,qualification,136504.1,2025-07-29,renewal,James Wilson,2025-05-02T14:00:00
OPP-REN-143,ACC-143,CoreSignalLogistics Labs 143 - Annual Renewal,negotiation,122766.66,2025-11-29,renewal,Priya Patel,2025-06-06T14:00:00
OPP-EXP-143,ACC-143,CoreSignalLogistics Labs 143 - Usage Expansion,closed_lost,91292.4,2025-11-02,expansion,Priya Patel,2025-05-27T14:00:00
OPP-REN-144,ACC-144,TrueNorthLogistics Labs 144 - Annual Renewal,qualification,276292.15,2025-10-02,renewal,Sarah Chen,2025-05-21T14:00:00
OPP-REN-145,ACC-145,NorthstarAnalytics Systems 145 - Annual Renewal,negotiation,76094.29,2025-10-08,renewal,James Wilson,2025-06-15T14:00:00
OPP-REN-146,ACC-146,BluePeakAnalytics Systems 146 - Annual Renewal,qualification,177317.01,2025-12-20,renewal,Ana Rodriguez,2025-05-23T14:00:00
OPP-REN-147,ACC-147,ClearPathAnalytics Systems 147 - Annual Renewal,proposal,18072.38,2025-12-15,renewal,Marcus Johnson,2025-05-01T14:00:00
OPP-REN-148,ACC-148,EvergreenAnalytics Systems 148 - Annual Renewal,negotiation,64531.77,2025-10-24,renewal,Sarah Chen,2025-04-29T14:00:00
OPP-REN-149,ACC-149,SilverlineAnalytics Systems 149 - Annual Renewal,proposal,652044.81,2026-01-01,renewal,James Wilson,2025-04-19T14:00:00
OPP-EXP-149,ACC-149,SilverlineAnalytics Systems 149 - Usage Expansion,prospecting,305404.1,2025-10-06,expansion,James Wilson,2025-05-29T14:00:00
OPP-REN-150,ACC-150,KeystoneAnalytics Systems 150 - Annual Renewal,proposal,125552.66,2025-12-28,renewal,James Wilson,2025-06-17T14:00:00
OPP-EXP-150,ACC-150,KeystoneAnalytics Systems 150 - Usage Expansion,proposal,69736.99,2025-10-11,expansion,James Wilson,2025-06-29T14:00:00
OPP-REN-151,ACC-151,SummitAnalytics Systems 151 - Annual Renewal,qualification,16584.27,2025-11-17,renewal,Sarah Chen,2025-05-27T14:00:00
OPP-REN-152,ACC-152,RiverbendAnalytics Systems 152 - Annual Renewal,negotiation,144709.77,2025-09-08,renewal,Sarah Chen,2025-06-29T14:00:00
OPP-REN-153,ACC-153,IroncladAnalytics Systems 153 - Annual Renewal,negotiation,40270.27,2025-10-22,renewal,Marcus Johnson,2025-04-16T14:00:00
OPP-REN-154,ACC-154,BrightForgeAnalytics Systems 154 - Annual Renewal,negotiation,149924.54,2025-08-25,renewal,Ana Rodriguez,2025-06-12T14:00:00
OPP-REN-155,ACC-155,CoreSignalAnalytics Systems 155 - Annual Renewal,negotiation,122191.57,2025-10-10,renewal,James Wilson,2025-04-27T14:00:00
OPP-EXP-155,ACC-155,CoreSignalAnalytics Systems 155 - Usage Expansion,prospecting,29566.26,2025-09-10,expansion,James Wilson,2025-06-26T14:00:00
OPP-REN-156,ACC-156,TrueNorthAnalytics Systems 156 - Annual Renewal,proposal,96357.68,2025-09-08,renewal,Ana Rodriguez,2025-05-25T14:00:00
OPP-EXP-156,ACC-156,TrueNorthAnalytics Systems 156 - Usage Expansion,qualification,32716.48,2025-10-01,expansion,Ana Rodriguez,2025-06-22T14:00:00
OPP-REN-157,ACC-157,NorthstarCloud Systems 157 - Annual Renewal,negotiation,11373.94,2025-10-12,renewal,Marcus Johnson,2025-06-08T14:00:00
OPP-REN-158,ACC-158,BluePeakCloud Systems 158 - Annual Renewal,negotiation,299932.59,2025-09-10,renewal,Ana Rodriguez,2025-05-20T14:00:00
OPP-EXP-158,ACC-158,BluePeakCloud Systems 158 - Usage Expansion,closed_lost,105777.79,2025-08-24,expansion,Ana Rodriguez,2025-06-04T14:00:00
OPP-REN-159,ACC-159,ClearPathCloud Systems 159 - Annual Renewal,qualification,405251.85,2025-09-03,renewal,Ana Rodriguez,2025-05-28T14:00:00
OPP-EXP-159,ACC-159,ClearPathCloud Systems 159 - Usage Expansion,closed_lost,213619.49,2025-08-23,expansion,Ana Rodriguez,2025-05-28T14:00:00
OPP-REN-161,ACC-161,SilverlineCloud Systems 161 - Annual Renewal,proposal,206456.17,2025-12-24,renewal,Ana Rodriguez,2025-06-07T14:00:00
OPP-REN-162,ACC-162,KeystoneCloud Systems 162 - Annual Renewal,negotiation,292404.73,2025-10-04,renewal,Marcus Johnson,2025-04-27T14:00:00
OPP-REN-163,ACC-163,SummitCloud Systems 163 - Annual Renewal,proposal,209819.02,2025-07-26,renewal,Priya Patel,2025-04-16T14:00:00
OPP-REN-164,ACC-164,RiverbendCloud Systems 164 - Annual Renewal,negotiation,39320.55,2025-08-24,renewal,Sarah Chen,2025-05-27T14:00:00
OPP-REN-165,ACC-165,IroncladCloud Systems 165 - Annual Renewal,proposal,113646.52,2025-10-11,renewal,Priya Patel,2025-05-15T14:00:00
OPP-EXP-165,ACC-165,IroncladCloud Systems 165 - Usage Expansion,proposal,64829.78,2025-12-03,expansion,Priya Patel,2025-06-07T14:00:00
OPP-REN-166,ACC-166,BrightForgeCloud Systems 166 - Annual Renewal,proposal,56318.65,2025-10-24,renewal,Sarah Chen,2025-06-28T14:00:00
OPP-EXP-166,ACC-166,BrightForgeCloud Systems 166 - Usage Expansion,qualification,16953.12,2025-10-05,expansion,Sarah Chen,2025-06-21T14:00:00
OPP-REN-167,ACC-167,CoreSignalCloud Systems 167 - Annual Renewal,negotiation,86565.49,2025-09-21,renewal,Sarah Chen,2025-06-30T14:00:00
OPP-REN-168,ACC-168,TrueNorthCloud Systems 168 - Annual Renewal,qualification,27556.77,2025-10-30,renewal,Priya Patel,2025-06-02T14:00:00
OPP-EXP-168,ACC-168,TrueNorthCloud Systems 168 - Usage Expansion,closed_lost,16729.74,2025-10-24,expansion,Priya Patel,2025-06-08T14:00:00
OPP-REN-169,ACC-169,NorthstarData Systems 169 - Annual Renewal,proposal,73183.95,2025-08-27,renewal,Ana Rodriguez,2025-04-17T14:00:00
OPP-REN-170,ACC-170,BluePeakData Systems 170 - Annual Renewal,negotiation,472664.81,2025-10-22,renewal,James Wilson,2025-05-04T14:00:00
OPP-REN-171,ACC-171,ClearPathData Systems 171 - Annual Renewal,negotiation,101328.89,2025-10-20,renewal,Sarah Chen,2025-06-15T14:00:00
OPP-REN-172,ACC-172,EvergreenData Systems 172 - Annual Renewal,qualification,130193.49,2025-12-30,renewal,James Wilson,2025-05-22T14:00:00
OPP-REN-173,ACC-173,SilverlineData Systems 173 - Annual Renewal,proposal,97984.05,2025-08-26,renewal,Priya Patel,2025-06-20T14:00:00
OPP-REN-174,ACC-174,KeystoneData Systems 174 - Annual Renewal,qualification,133598.13,2025-12-17,renewal,Sarah Chen,2025-05-29T14:00:00
OPP-REN-175,ACC-175,SummitData Systems 175 - Annual Renewal,proposal,75389.69,2025-11-28,renewal,Priya Patel,2025-05-14T14:00:00
OPP-REN-176,ACC-176,RiverbendData Systems 176 - Annual Renewal,proposal,120683.29,2025-09-01,renewal,Sarah Chen,2025-04-17T14:00:00
OPP-REN-177,ACC-177,IroncladData Systems 177 - Annual Renewal,qualification,207125.75,2025-12-19,renewal,James Wilson,2025-05-28T14:00:00
OPP-EXP-177,ACC-177,IroncladData Systems 177 - Usage Expansion,qualification,157207.41,2025-10-28,expansion,James Wilson,2025-06-25T14:00:00
OPP-REN-178,ACC-178,BrightForgeData Systems 178 - Annual Renewal,qualification,495011.14,2025-12-27,renewal,Marcus Johnson,2025-05-02T14:00:00
OPP-REN-179,ACC-179,CoreSignalData Systems 179 - Annual Renewal,qualification,140300.75,2025-08-09,renewal,Sarah Chen,2025-05-27T14:00:00
OPP-REN-180,ACC-180,TrueNorthData Systems 180 - Annual Renewal,negotiation,62908.97,2025-08-15,renewal,Marcus Johnson,2025-05-17T14:00:00
OPP-EXP-180,ACC-180,TrueNorthData Systems 180 - Usage Expansion,qualification,49142.98,2025-10-07,expansion,Marcus Johnson,2025-06-19T14:00:00
OPP-REN-181,ACC-181,NorthstarMetrics Systems 181 - Annual Renewal,proposal,167563.27,2025-08-27,renewal,James Wilson,2025-06-11T14:00:00
OPP-REN-182,ACC-182,BluePeakMetrics Systems 182 - Annual Renewal,negotiation,455632.54,2025-11-29,renewal,James Wilson,2025-06-18T14:00:00
OPP-REN-183,ACC-183,ClearPathMetrics Systems 183 - Annual Renewal,negotiation,198520.07,2025-11-11,renewal,Sarah Chen,2025-05-17T14:00:00
OPP-REN-184,ACC-184,EvergreenMetrics Systems 184 - Annual Renewal,qualification,22108.04,2025-11-29,renewal,Sarah Chen,2025-05-26T14:00:00
OPP-REN-185,ACC-185,SilverlineMetrics Systems 185 - Annual Renewal,proposal,146474.91,2025-11-16,renewal,James Wilson,2025-05-09T14:00:00
OPP-REN-186,ACC-186,KeystoneMetrics Systems 186 - Annual Renewal,proposal,352561.97,2025-12-06,renewal,Ana Rodriguez,2025-06-09T14:00:00
OPP-EXP-186,ACC-186,KeystoneMetrics Systems 186 - Usage Expansion,proposal,278212.87,2025-11-16,expansion,Ana Rodriguez,2025-07-03T14:00:00
OPP-REN-187,ACC-187,SummitMetrics Systems 187 - Annual Renewal,qualification,340888.68,2025-11-06,renewal,Marcus Johnson,2025-06-10T14:00:00
OPP-EXP-187,ACC-187,SummitMetrics Systems 187 - Usage Expansion,closed_lost,167573.8,2025-08-05,expansion,Marcus Johnson,2025-07-01T14:00:00
OPP-REN-188,ACC-188,RiverbendMetrics Systems 188 - Annual Renewal,negotiation,194370.31,2025-10-12,renewal,James Wilson,2025-06-27T14:00:00
OPP-REN-189,ACC-189,IroncladMetrics Systems 189 - Annual Renewal,negotiation,31977.75,2025-10-29,renewal,James Wilson,2025-04-23T14:00:00
OPP-REN-190,ACC-190,BrightForgeMetrics Systems 190 - Annual Renewal,negotiation,12292.37,2025-11-17,renewal,Sarah Chen,2025-05-17T14:00:00
OPP-REN-191,ACC-191,CoreSignalMetrics Systems 191 - Annual Renewal,qualification,123333.2,2025-08-12,renewal,Marcus Johnson,2025-05-17T14:00:00
OPP-REN-192,ACC-192,TrueNorthMetrics Systems 192 - Annual Renewal,qualification,10544.16,2025-08-03,renewal,Priya Patel,2025-05-15T14:00:00
OPP-REN-193,ACC-193,NorthstarOps Systems 193 - Annual Renewal,qualification,56296.13,2025-08-17,renewal,Priya Patel,2025-05-22T14:00:00
OPP-REN-194,ACC-194,BluePeakOps Systems 194 - Annual Renewal,qualification,29311.17,2025-12-27,renewal,Ana Rodriguez,2025-04-12T14:00:00
OPP-REN-195,ACC-195,ClearPathOps Systems 195 - Annual Renewal,negotiation,495580.51,2025-10-02,renewal,Priya Patel,2025-04-24T14:00:00
OPP-REN-196,ACC-196,EvergreenOps Systems 196 - Annual Renewal,proposal,669168.86,2025-09-05,renewal,Sarah Chen,2025-05-15T14:00:00
OPP-REN-197,ACC-197,SilverlineOps Systems 197 - Annual Renewal,proposal,202809.48,2025-12-25,renewal,Sarah Chen,2025-05-02T14:00:00
OPP-REN-198,ACC-198,KeystoneOps Systems 198 - Annual Renewal,proposal,359231.67,2025-08-09,renewal,James Wilson,2025-04-20T14:00:00
OPP-REN-199,ACC-199,SummitOps Systems 199 - Annual Renewal,negotiation,142735.2,2025-10-24,renewal,Marcus Johnson,2025-05-07T14:00:00
OPP-EXP-199,ACC-199,SummitOps Systems 199 - Usage Expansion,prospecting,107782.8,2025-12-03,expansion,Marcus Johnson,2025-06-25T14:00:00
OPP-REN-200,ACC-200,RiverbendOps Systems 200 - Annual Renewal,qualification,615419.8,2025-08-12,renewal,Ana Rodriguez,2025-06-07T14:00:00
OPP-REN-201,ACC-201,IroncladOps Systems 201 - Annual Renewal,proposal,12866.0,2025-12-08,renewal,Priya Patel,2025-04-29T14:00:00
OPP-REN-202,ACC-202,BrightForgeOps Systems 202 - Annual Renewal,qualification,202005.72,2025-11-12,renewal,James Wilson,2025-04-28T14:00:00
OPP-REN-203,ACC-203,CoreSignalOps Systems 203 - Annual Renewal,proposal,55147.42,2025-07-29,renewal,Priya Patel,2025-06-12T14:00:00
OPP-REN-204,ACC-204,TrueNorthOps Systems 204 - Annual Renewal,qualification,117526.99,2025-09-10,renewal,Priya Patel,2025-04-11T14:00:00
OPP-REN-205,ACC-205,NorthstarRevenue Systems 205 - Annual Renewal,negotiation,372346.62,2025-10-10,renewal,James Wilson,2025-04-26T14:00:00
OPP-EXP-205,ACC-205,NorthstarRevenue Systems 205 - Usage Expansion,qualification,263232.33,2025-10-29,expansion,James Wilson,2025-07-02T14:00:00
OPP-REN-206,ACC-206,BluePeakRevenue Systems 206 - Annual Renewal,qualification,105894.73,2025-10-01,renewal,Priya Patel,2025-05-03T14:00:00
OPP-REN-207,ACC-207,ClearPathRevenue Systems 207 - Annual Renewal,negotiation,30379.81,2025-08-19,renewal,Sarah Chen,2025-06-04T14:00:00
OPP-EXP-207,ACC-207,ClearPathRevenue Systems 207 - Usage Expansion,qualification,10228.45,2025-09-13,expansion,Sarah Chen,2025-07-03T14:00:00
OPP-REN-208,ACC-208,EvergreenRevenue Systems 208 - Annual Renewal,negotiation,215301.3,2025-09-20,renewal,Ana Rodriguez,2025-04-30T14:00:00
OPP-REN-209,ACC-209,SilverlineRevenue Systems 209 - Annual Renewal,proposal,17730.6,2025-11-27,renewal,Ana Rodriguez,2025-06-17T14:00:00
OPP-REN-210,ACC-210,KeystoneRevenue Systems 210 - Annual Renewal,negotiation,29110.3,2025-10-14,renewal,Sarah Chen,2025-05-13T14:00:00
OPP-REN-211,ACC-211,SummitRevenue Systems 211 - Annual Renewal,negotiation,9134.39,2025-11-13,renewal,Marcus Johnson,2025-05-11T14:00:00
OPP-EXP-211,ACC-211,SummitRevenue Systems 211 - Usage Expansion,proposal,2511.63,2025-08-04,expansion,Marcus Johnson,2025-06-19T14:00:00
OPP-REN-212,ACC-212,RiverbendRevenue Systems 212 - Annual Renewal,qualification,115959.55,2025-10-19,renewal,Marcus Johnson,2025-06-14T14:00:00
OPP-REN-214,ACC-214,BrightForgeRevenue Systems 214 - Annual Renewal,negotiation,16736.98,2025-09-21,renewal,Priya Patel,2025-06-10T14:00:00
OPP-REN-215,ACC-215,CoreSignalRevenue Systems 215 - Annual Renewal,proposal,661446.65,2026-01-02,renewal,Marcus Johnson,2025-06-04T14:00:00
OPP-REN-216,ACC-216,TrueNorthRevenue Systems 216 - Annual Renewal,proposal,216429.72,2025-10-11,renewal,Ana Rodriguez,2025-05-01T14:00:00
OPP-REN-217,ACC-217,NorthstarWorkflow Systems 217 - Annual Renewal,negotiation,8473.23,2025-10-16,renewal,James Wilson,2025-05-06T14:00:00
OPP-REN-218,ACC-218,BluePeakWorkflow Systems 218 - Annual Renewal,proposal,88664.73,2025-08-12,renewal,James Wilson,2025-05-12T14:00:00
OPP-EXP-218,ACC-218,BluePeakWorkflow Systems 218 - Usage Expansion,closed_lost,31079.75,2025-09-03,expansion,James Wilson,2025-07-04T14:00:00
OPP-REN-219,ACC-219,ClearPathWorkflow Systems 219 - Annual Renewal,qualification,125922.88,2025-08-23,renewal,Ana Rodriguez,2025-06-13T14:00:00
OPP-REN-220,ACC-220,EvergreenWorkflow Systems 220 - Annual Renewal,negotiation,15526.48,2025-07-27,renewal,James Wilson,2025-06-24T14:00:00
OPP-REN-221,ACC-221,SilverlineWorkflow Systems 221 - Annual Renewal,qualification,66880.31,2025-08-04,renewal,Sarah Chen,2025-06-28T14:00:00
OPP-EXP-221,ACC-221,SilverlineWorkflow Systems 221 - Usage Expansion,proposal,30519.76,2025-09-11,expansion,Sarah Chen,2025-06-07T14:00:00
OPP-REN-222,ACC-222,KeystoneWorkflow Systems 222 - Annual Renewal,negotiation,297400.02,2025-11-28,renewal,Ana Rodriguez,2025-05-13T14:00:00
OPP-REN-223,ACC-223,SummitWorkflow Systems 223 - Annual Renewal,negotiation,515243.11,2025-12-18,renewal,Ana Rodriguez,2025-06-22T14:00:00
OPP-EXP-223,ACC-223,SummitWorkflow Systems 223 - Usage Expansion,closed_lost,296594.42,2025-10-11,expansion,Ana Rodriguez,2025-06-23T14:00:00
OPP-REN-224,ACC-224,RiverbendWorkflow Systems 224 - Annual Renewal,negotiation,69505.08,2025-11-08,renewal,James Wilson,2025-04-14T14:00:00
OPP-REN-225,ACC-225,IroncladWorkflow Systems 225 - Annual Renewal,qualification,114644.63,2025-10-07,renewal,Priya Patel,2025-06-11T14:00:00
OPP-REN-226,ACC-226,BrightForgeWorkflow Systems 226 - Annual Renewal,negotiation,120922.19,2025-09-04,renewal,Marcus Johnson,2025-06-12T14:00:00
OPP-REN-227,ACC-227,CoreSignalWorkflow Systems 227 - Annual Renewal,proposal,20489.39,2025-10-14,renewal,Sarah Chen,2025-04-18T14:00:00
OPP-REN-228,ACC-228,TrueNorthWorkflow Systems 228 - Annual Renewal,negotiation,241079.86,2025-10-10,renewal,James Wilson,2025-05-01T14:00:00
OPP-REN-229,ACC-229,NorthstarAutomation Systems 229 - Annual Renewal,qualification,155829.74,2026-01-01,renewal,Sarah Chen,2025-04-27T14:00:00
OPP-REN-230,ACC-230,BluePeakAutomation Systems 230 - Annual Renewal,proposal,218010.12,2025-11-10,renewal,Ana Rodriguez,2025-06-07T14:00:00
OPP-REN-231,ACC-231,ClearPathAutomation Systems 231 - Annual Renewal,qualification,26843.06,2025-08-20,renewal,Marcus Johnson,2025-06-23T14:00:00
OPP-REN-232,ACC-232,EvergreenAutomation Systems 232 - Annual Renewal,qualification,630265.52,2025-08-13,renewal,Sarah Chen,2025-05-22T14:00:00
OPP-EXP-232,ACC-232,EvergreenAutomation Systems 232 - Usage Expansion,qualification,193405.98,2025-10-11,expansion,Sarah Chen,2025-06-20T14:00:00
OPP-REN-233,ACC-233,SilverlineAutomation Systems 233 - Annual Renewal,qualification,26367.33,2025-12-06,renewal,Sarah Chen,2025-06-03T14:00:00
OPP-REN-234,ACC-234,KeystoneAutomation Systems 234 - Annual Renewal,qualification,574992.33,2025-09-30,renewal,Marcus Johnson,2025-05-27T14:00:00
OPP-REN-235,ACC-235,SummitAutomation Systems 235 - Annual Renewal,proposal,312683.75,2025-09-24,renewal,Marcus Johnson,2025-05-10T14:00:00
OPP-REN-236,ACC-236,RiverbendAutomation Systems 236 - Annual Renewal,proposal,53313.33,2025-11-13,renewal,James Wilson,2025-06-09T14:00:00
OPP-REN-237,ACC-237,IroncladAutomation Systems 237 - Annual Renewal,qualification,122456.96,2025-12-10,renewal,Marcus Johnson,2025-04-22T14:00:00
OPP-REN-238,ACC-238,BrightForgeAutomation Systems 238 - Annual Renewal,proposal,203757.8,2025-08-31,renewal,Ana Rodriguez,2025-06-18T14:00:00
OPP-REN-239,ACC-239,CoreSignalAutomation Systems 239 - Annual Renewal,negotiation,47544.81,2025-11-21,renewal,James Wilson,2025-04-26T14:00:00
OPP-REN-240,ACC-240,TrueNorthAutomation Systems 240 - Annual Renewal,qualification,129267.86,2025-10-11,renewal,James Wilson,2025-04-11T14:00:00
OPP-REN-241,ACC-241,NorthstarSecurity Systems 241 - Annual Renewal,qualification,68403.42,2025-12-29,renewal,Marcus Johnson,2025-04-14T14:00:00
OPP-REN-242,ACC-242,BluePeakSecurity Systems 242 - Annual Renewal,proposal,139607.45,2025-09-12,renewal,Priya Patel,2025-04-27T14:00:00
OPP-REN-243,ACC-243,ClearPathSecurity Systems 243 - Annual Renewal,proposal,122761.34,2025-12-19,renewal,Ana Rodriguez,2025-05-22T14:00:00
OPP-EXP-243,ACC-243,ClearPathSecurity Systems 243 - Usage Expansion,prospecting,55299.52,2025-09-28,expansion,Ana Rodriguez,2025-05-28T14:00:00
OPP-REN-244,ACC-244,EvergreenSecurity Systems 244 - Annual Renewal,negotiation,11890.08,2025-09-09,renewal,James Wilson,2025-04-26T14:00:00
OPP-REN-245,ACC-245,SilverlineSecurity Systems 245 - Annual Renewal,negotiation,189280.62,2025-07-29,renewal,James Wilson,2025-05-08T14:00:00
OPP-EXP-245,ACC-245,SilverlineSecurity Systems 245 - Usage Expansion,qualification,132773.43,2025-08-27,expansion,James Wilson,2025-05-27T14:00:00
OPP-REN-246,ACC-246,KeystoneSecurity Systems 246 - Annual Renewal,negotiation,393382.0,2025-10-21,renewal,Priya Patel,2025-04-22T14:00:00
OPP-REN-247,ACC-247,SummitSecurity Systems 247 - Annual Renewal,proposal,126419.68,2025-11-06,renewal,Sarah Chen,2025-05-07T14:00:00
OPP-REN-248,ACC-248,RiverbendSecurity Systems 248 - Annual Renewal,proposal,174536.84,2025-10-07,renewal,Priya Patel,2025-05-24T14:00:00
OPP-REN-249,ACC-249,IroncladSecurity Systems 249 - Annual Renewal,negotiation,658312.31,2025-09-23,renewal,Ana Rodriguez,2025-06-25T14:00:00
OPP-EXP-249,ACC-249,IroncladSecurity Systems 249 - Usage Expansion,prospecting,356146.87,2025-10-23,expansion,Ana Rodriguez,2025-06-10T14:00:00
OPP-REN-250,ACC-250,BrightForgeSecurity Systems 250 - Annual Renewal,qualification,356799.04,2025-10-09,renewal,James Wilson,2025-05-19T14:00:00
OPP-REN-251,ACC-251,CoreSignalSecurity Systems 251 - Annual Renewal,proposal,104593.02,2025-11-22,renewal,Ana Rodriguez,2025-04-23T14:00:00
OPP-REN-252,ACC-252,TrueNorthSecurity Systems 252 - Annual Renewal,qualification,421094.7,2025-11-26,renewal,Sarah Chen,2025-05-27T14:00:00
OPP-REN-253,ACC-253,NorthstarCommerce Systems 253 - Annual Renewal,qualification,177743.8,2025-10-19,renewal,Ana Rodriguez,2025-04-29T14:00:00
OPP-REN-254,ACC-254,BluePeakCommerce Systems 254 - Annual Renewal,proposal,141851.89,2025-09-14,renewal,Ana Rodriguez,2025-05-08T14:00:00
OPP-REN-255,ACC-255,ClearPathCommerce Systems 255 - Annual Renewal,proposal,46673.18,2025-09-11,renewal,Priya Patel,2025-04-15T14:00:00
OPP-EXP-255,ACC-255,ClearPathCommerce Systems 255 - Usage Expansion,qualification,18765.09,2025-10-26,expansion,Priya Patel,2025-05-27T14:00:00
OPP-REN-256,ACC-256,EvergreenCommerce Systems 256 - Annual Renewal,negotiation,561204.76,2025-10-13,renewal,Priya Patel,2025-05-27T14:00:00
OPP-REN-257,ACC-257,SilverlineCommerce Systems 257 - Annual Renewal,negotiation,251625.75,2025-11-05,renewal,James Wilson,2025-06-24T14:00:00
OPP-REN-258,ACC-258,KeystoneCommerce Systems 258 - Annual Renewal,qualification,214982.24,2025-08-06,renewal,Sarah Chen,2025-05-22T14:00:00
OPP-REN-259,ACC-259,SummitCommerce Systems 259 - Annual Renewal,qualification,122748.95,2025-10-05,renewal,Marcus Johnson,2025-06-01T14:00:00
OPP-REN-260,ACC-260,RiverbendCommerce Systems 260 - Annual Renewal,proposal,180276.74,2025-09-12,renewal,Ana Rodriguez,2025-05-08T14:00:00
OPP-EXP-260,ACC-260,RiverbendCommerce Systems 260 - Usage Expansion,qualification,54232.61,2025-08-01,expansion,Ana Rodriguez,2025-07-04T14:00:00
OPP-REN-261,ACC-261,IroncladCommerce Systems 261 - Annual Renewal,qualification,13289.72,2025-10-18,renewal,Sarah Chen,2025-04-20T14:00:00
OPP-EXP-261,ACC-261,IroncladCommerce Systems 261 - Usage Expansion,qualification,3078.36,2025-10-19,expansion,Sarah Chen,2025-06-25T14:00:00
OPP-REN-262,ACC-262,BrightForgeCommerce Systems 262 - Annual Renewal,proposal,128447.78,2025-08-08,renewal,James Wilson,2025-06-21T14:00:00
OPP-REN-263,ACC-263,CoreSignalCommerce Systems 263 - Annual Renewal,qualification,436173.15,2025-10-27,renewal,Priya Patel,2025-05-15T14:00:00
OPP-REN-264,ACC-264,TrueNorthCommerce Systems 264 - Annual Renewal,proposal,162770.55,2025-11-09,renewal,James Wilson,2025-06-21T14:00:00
OPP-REN-265,ACC-265,NorthstarHealth Systems 265 - Annual Renewal,qualification,81252.28,2025-10-12,renewal,Ana Rodriguez,2025-04-29T14:00:00
OPP-EXP-265,ACC-265,NorthstarHealth Systems 265 - Usage Expansion,proposal,16824.64,2025-09-09,expansion,Ana Rodriguez,2025-06-09T14:00:00
OPP-REN-267,ACC-267,ClearPathHealth Systems 267 - Annual Renewal,qualification,43375.92,2025-08-03,renewal,James Wilson,2025-06-03T14:00:00
OPP-REN-268,ACC-268,EvergreenHealth Systems 268 - Annual Renewal,negotiation,167253.48,2025-09-04,renewal,Ana Rodriguez,2025-04-22T14:00:00
OPP-REN-269,ACC-269,SilverlineHealth Systems 269 - Annual Renewal,negotiation,105041.76,2025-10-14,renewal,James Wilson,2025-06-18T14:00:00
OPP-EXP-269,ACC-269,SilverlineHealth Systems 269 - Usage Expansion,qualification,56963.96,2025-09-25,expansion,James Wilson,2025-06-22T14:00:00
OPP-REN-270,ACC-270,KeystoneHealth Systems 270 - Annual Renewal,proposal,640581.22,2025-12-12,renewal,Priya Patel,2025-05-20T14:00:00
OPP-REN-271,ACC-271,SummitHealth Systems 271 - Annual Renewal,qualification,168290.82,2025-12-10,renewal,James Wilson,2025-05-28T14:00:00
OPP-REN-272,ACC-272,RiverbendHealth Systems 272 - Annual Renewal,proposal,213983.55,2025-11-03,renewal,Marcus Johnson,2025-06-10T14:00:00
OPP-REN-273,ACC-273,IroncladHealth Systems 273 - Annual Renewal,negotiation,39272.17,2025-12-21,renewal,James Wilson,2025-06-18T14:00:00
OPP-REN-274,ACC-274,BrightForgeHealth Systems 274 - Annual Renewal,proposal,113280.07,2025-09-30,renewal,Sarah Chen,2025-06-08T14:00:00
OPP-REN-275,ACC-275,CoreSignalHealth Systems 275 - Annual Renewal,proposal,81439.83,2025-08-28,renewal,Marcus Johnson,2025-05-17T14:00:00
OPP-REN-276,ACC-276,TrueNorthHealth Systems 276 - Annual Renewal,proposal,136447.66,2026-01-05,renewal,Marcus Johnson,2025-04-29T14:00:00
OPP-EXP-276,ACC-276,TrueNorthHealth Systems 276 - Usage Expansion,closed_lost,110997.7,2025-11-29,expansion,Marcus Johnson,2025-07-02T14:00:00
OPP-REN-277,ACC-277,NorthstarLogistics Systems 277 - Annual Renewal,negotiation,187772.85,2025-09-24,renewal,Marcus Johnson,2025-05-09T14:00:00
OPP-REN-278,ACC-278,BluePeakLogistics Systems 278 - Annual Renewal,qualification,278635.9,2025-10-05,renewal,Ana Rodriguez,2025-06-10T14:00:00
OPP-REN-279,ACC-279,ClearPathLogistics Systems 279 - Annual Renewal,proposal,55412.88,2025-09-30,renewal,James Wilson,2025-05-10T14:00:00
OPP-REN-280,ACC-280,EvergreenLogistics Systems 280 - Annual Renewal,negotiation,469734.04,2025-12-08,renewal,Ana Rodriguez,2025-04-18T14:00:00
OPP-EXP-280,ACC-280,EvergreenLogistics Systems 280 - Usage Expansion,closed_lost,182392.96,2025-11-10,expansion,Ana Rodriguez,2025-06-24T14:00:00
OPP-REN-281,ACC-281,SilverlineLogistics Systems 281 - Annual Renewal,proposal,29325.39,2025-11-25,renewal,James Wilson,2025-05-25T14:00:00
OPP-REN-282,ACC-282,KeystoneLogistics Systems 282 - Annual Renewal,negotiation,95902.04,2025-09-01,renewal,Priya Patel,2025-05-17T14:00:00
OPP-REN-283,ACC-283,SummitLogistics Systems 283 - Annual Renewal,qualification,55205.94,2025-11-05,renewal,James Wilson,2025-06-20T14:00:00
OPP-REN-284,ACC-284,RiverbendLogistics Systems 284 - Annual Renewal,proposal,595848.32,2025-09-14,renewal,Sarah Chen,2025-06-29T14:00:00
OPP-REN-285,ACC-285,IroncladLogistics Systems 285 - Annual Renewal,qualification,110437.88,2025-08-31,renewal,Ana Rodriguez,2025-04-30T14:00:00
OPP-REN-286,ACC-286,BrightForgeLogistics Systems 286 - Annual Renewal,qualification,9394.77,2025-11-25,renewal,Priya Patel,2025-04-23T14:00:00
OPP-REN-287,ACC-287,CoreSignalLogistics Systems 287 - Annual Renewal,negotiation,212474.58,2025-07-25,renewal,James Wilson,2025-06-23T14:00:00
OPP-REN-288,ACC-288,TrueNorthLogistics Systems 288 - Annual Renewal,qualification,19676.88,2025-07-31,renewal,Ana Rodriguez,2025-05-10T14:00:00
OPP-EXP-288,ACC-288,TrueNorthLogistics Systems 288 - Usage Expansion,prospecting,5975.11,2025-09-15,expansion,Ana Rodriguez,2025-06-14T14:00:00
OPP-REN-289,ACC-289,NorthstarAnalytics Group 289 - Annual Renewal,negotiation,398879.14,2025-08-22,renewal,James Wilson,2025-05-25T14:00:00
OPP-REN-290,ACC-290,BluePeakAnalytics Group 290 - Annual Renewal,negotiation,106773.84,2025-10-30,renewal,Priya Patel,2025-05-22T14:00:00
OPP-EXP-290,ACC-290,BluePeakAnalytics Group 290 - Usage Expansion,prospecting,54808.2,2025-10-25,expansion,Priya Patel,2025-06-13T14:00:00
OPP-REN-291,ACC-291,ClearPathAnalytics Group 291 - Annual Renewal,negotiation,162843.79,2025-10-20,renewal,Sarah Chen,2025-06-02T14:00:00
OPP-EXP-291,ACC-291,ClearPathAnalytics Group 291 - Usage Expansion,closed_lost,82587.65,2025-10-15,expansion,Sarah Chen,2025-06-21T14:00:00
OPP-REN-292,ACC-292,EvergreenAnalytics Group 292 - Annual Renewal,negotiation,141317.45,2025-08-15,renewal,James Wilson,2025-05-20T14:00:00
OPP-EXP-292,ACC-292,EvergreenAnalytics Group 292 - Usage Expansion,prospecting,92771.8,2025-08-02,expansion,James Wilson,2025-06-30T14:00:00
OPP-REN-293,ACC-293,SilverlineAnalytics Group 293 - Annual Renewal,qualification,158868.41,2025-12-23,renewal,Ana Rodriguez,2025-06-26T14:00:00
OPP-REN-294,ACC-294,KeystoneAnalytics Group 294 - Annual Renewal,negotiation,511806.05,2025-08-13,renewal,Priya Patel,2025-05-30T14:00:00
OPP-REN-295,ACC-295,SummitAnalytics Group 295 - Annual Renewal,proposal,111768.52,2025-08-03,renewal,Ana Rodriguez,2025-06-26T14:00:00
OPP-REN-296,ACC-296,RiverbendAnalytics Group 296 - Annual Renewal,proposal,156541.8,2025-09-17,renewal,Priya Patel,2025-06-21T14:00:00
OPP-REN-297,ACC-297,IroncladAnalytics Group 297 - Annual Renewal,negotiation,210585.34,2025-12-14,renewal,Ana Rodriguez,2025-06-11T14:00:00
OPP-EXP-297,ACC-297,IroncladAnalytics Group 297 - Usage Expansion,qualification,79328.45,2025-08-27,expansion,Ana Rodriguez,2025-06-06T14:00:00
OPP-REN-298,ACC-298,BrightForgeAnalytics Group 298 - Annual Renewal,qualification,132510.95,2025-10-01,renewal,Sarah Chen,2025-04-15T14:00:00
OPP-EXP-298,ACC-298,BrightForgeAnalytics Group 298 - Usage Expansion,prospecting,85952.55,2025-10-05,expansion,Sarah Chen,2025-07-03T14:00:00
OPP-REN-299,ACC-299,CoreSignalAnalytics Group 299 - Annual Renewal,negotiation,287096.33,2025-10-20,renewal,James Wilson,2025-05-24T14:00:00
OPP-REN-300,ACC-300,TrueNorthAnalytics Group 300 - Annual Renewal,qualification,13268.14,2025-09-01,renewal,Sarah Chen,2025-04-17T14:00:00
OPP-REN-301,ACC-301,NorthstarCloud Group 301 - Annual Renewal,proposal,173478.63,2025-09-18,renewal,Ana Rodriguez,2025-05-11T14:00:00
OPP-REN-302,ACC-302,BluePeakCloud Group 302 - Annual Renewal,negotiation,178402.75,2025-11-01,renewal,Marcus Johnson,2025-04-30T14:00:00
OPP-REN-303,ACC-303,ClearPathCloud Group 303 - Annual Renewal,proposal,270422.98,2025-12-10,renewal,Ana Rodriguez,2025-04-15T14:00:00
OPP-REN-304,ACC-304,EvergreenCloud Group 304 - Annual Renewal,proposal,115132.83,2025-12-01,renewal,Marcus Johnson,2025-06-16T14:00:00
OPP-REN-305,ACC-305,SilverlineCloud Group 305 - Annual Renewal,qualification,175239.5,2026-01-01,renewal,James Wilson,2025-06-09T14:00:00
OPP-REN-306,ACC-306,KeystoneCloud Group 306 - Annual Renewal,proposal,662798.32,2025-07-26,renewal,James Wilson,2025-06-04T14:00:00
OPP-EXP-306,ACC-306,KeystoneCloud Group 306 - Usage Expansion,proposal,398619.54,2025-07-31,expansion,James Wilson,2025-06-17T14:00:00
OPP-REN-307,ACC-307,SummitCloud Group 307 - Annual Renewal,negotiation,143534.65,2025-10-23,renewal,James Wilson,2025-06-08T14:00:00
OPP-REN-308,ACC-308,RiverbendCloud Group 308 - Annual Renewal,proposal,109973.29,2025-09-17,renewal,Ana Rodriguez,2025-05-16T14:00:00
OPP-EXP-308,ACC-308,RiverbendCloud Group 308 - Usage Expansion,qualification,23466.74,2025-11-20,expansion,Ana Rodriguez,2025-06-13T14:00:00
OPP-REN-309,ACC-309,IroncladCloud Group 309 - Annual Renewal,qualification,35242.81,2025-12-07,renewal,Priya Patel,2025-05-13T14:00:00
OPP-EXP-309,ACC-309,IroncladCloud Group 309 - Usage Expansion,proposal,27293.87,2025-08-01,expansion,Priya Patel,2025-06-26T14:00:00
OPP-REN-310,ACC-310,BrightForgeCloud Group 310 - Annual Renewal,qualification,108075.75,2025-07-29,renewal,Sarah Chen,2025-06-03T14:00:00
OPP-REN-311,ACC-311,CoreSignalCloud Group 311 - Annual Renewal,proposal,561558.42,2025-09-21,renewal,Priya Patel,2025-05-07T14:00:00
OPP-EXP-311,ACC-311,CoreSignalCloud Group 311 - Usage Expansion,proposal,446352.11,2025-08-31,expansion,Priya Patel,2025-06-14T14:00:00
OPP-REN-312,ACC-312,TrueNorthCloud Group 312 - Annual Renewal,qualification,398736.28,2025-09-06,renewal,Marcus Johnson,2025-06-19T14:00:00
OPP-REN-313,ACC-313,NorthstarData Group 313 - Annual Renewal,proposal,22106.49,2025-11-19,renewal,Ana Rodriguez,2025-04-24T14:00:00
OPP-REN-314,ACC-314,BluePeakData Group 314 - Annual Renewal,proposal,56525.77,2025-11-22,renewal,Marcus Johnson,2025-05-29T14:00:00
OPP-REN-315,ACC-315,ClearPathData Group 315 - Annual Renewal,proposal,36531.99,2025-12-02,renewal,Marcus Johnson,2025-06-17T14:00:00
OPP-EXP-315,ACC-315,ClearPathData Group 315 - Usage Expansion,prospecting,19664.72,2025-10-26,expansion,Marcus Johnson,2025-06-06T14:00:00
OPP-REN-316,ACC-316,EvergreenData Group 316 - Annual Renewal,proposal,189697.56,2025-11-17,renewal,Marcus Johnson,2025-05-06T14:00:00
OPP-REN-317,ACC-317,SilverlineData Group 317 - Annual Renewal,negotiation,203242.63,2025-08-07,renewal,Sarah Chen,2025-04-23T14:00:00
OPP-REN-318,ACC-318,KeystoneData Group 318 - Annual Renewal,proposal,26659.34,2025-10-14,renewal,Sarah Chen,2025-04-13T14:00:00
OPP-REN-320,ACC-320,RiverbendData Group 320 - Annual Renewal,proposal,598343.86,2025-11-28,renewal,James Wilson,2025-05-07T14:00:00
OPP-REN-321,ACC-321,IroncladData Group 321 - Annual Renewal,negotiation,437687.87,2025-09-04,renewal,Marcus Johnson,2025-06-23T14:00:00
OPP-EXP-321,ACC-321,IroncladData Group 321 - Usage Expansion,closed_lost,314113.84,2025-10-01,expansion,Marcus Johnson,2025-06-26T14:00:00
OPP-REN-322,ACC-322,BrightForgeData Group 322 - Annual Renewal,negotiation,151436.11,2025-07-29,renewal,Marcus Johnson,2025-04-18T14:00:00
OPP-REN-323,ACC-323,CoreSignalData Group 323 - Annual Renewal,proposal,514107.45,2025-07-28,renewal,Ana Rodriguez,2025-05-02T14:00:00
OPP-REN-324,ACC-324,TrueNorthData Group 324 - Annual Renewal,proposal,26498.79,2025-09-21,renewal,James Wilson,2025-04-25T14:00:00
OPP-REN-325,ACC-325,NorthstarMetrics Group 325 - Annual Renewal,negotiation,216625.02,2025-08-21,renewal,Priya Patel,2025-06-29T14:00:00
OPP-EXP-325,ACC-325,NorthstarMetrics Group 325 - Usage Expansion,qualification,93271.79,2025-08-09,expansion,Priya Patel,2025-06-29T14:00:00
OPP-REN-326,ACC-326,BluePeakMetrics Group 326 - Annual Renewal,proposal,19723.28,2025-10-11,renewal,Ana Rodriguez,2025-05-17T14:00:00
OPP-REN-327,ACC-327,ClearPathMetrics Group 327 - Annual Renewal,qualification,453006.87,2025-12-21,renewal,Marcus Johnson,2025-06-27T14:00:00
OPP-REN-328,ACC-328,EvergreenMetrics Group 328 - Annual Renewal,negotiation,74445.48,2025-09-05,renewal,Marcus Johnson,2025-04-12T14:00:00
OPP-REN-329,ACC-329,SilverlineMetrics Group 329 - Annual Renewal,qualification,123466.96,2026-01-01,renewal,Priya Patel,2025-04-21T14:00:00
OPP-REN-330,ACC-330,KeystoneMetrics Group 330 - Annual Renewal,negotiation,38116.87,2025-11-13,renewal,Priya Patel,2025-05-03T14:00:00
OPP-REN-331,ACC-331,SummitMetrics Group 331 - Annual Renewal,proposal,26463.04,2025-08-29,renewal,Sarah Chen,2025-06-20T14:00:00
OPP-EXP-331,ACC-331,SummitMetrics Group 331 - Usage Expansion,qualification,14009.2,2025-08-24,expansion,Sarah Chen,2025-06-13T14:00:00
OPP-REN-332,ACC-332,RiverbendMetrics Group 332 - Annual Renewal,negotiation,180989.8,2025-12-13,renewal,Priya Patel,2025-04-20T14:00:00
OPP-EXP-332,ACC-332,RiverbendMetrics Group 332 - Usage Expansion,prospecting,137524.87,2025-11-06,expansion,Priya Patel,2025-06-14T14:00:00
OPP-REN-333,ACC-333,IroncladMetrics Group 333 - Annual Renewal,negotiation,22856.35,2025-12-31,renewal,James Wilson,2025-05-28T14:00:00
OPP-REN-334,ACC-334,BrightForgeMetrics Group 334 - Annual Renewal,negotiation,130324.17,2025-09-02,renewal,James Wilson,2025-06-06T14:00:00
OPP-EXP-334,ACC-334,BrightForgeMetrics Group 334 - Usage Expansion,prospecting,36208.45,2025-08-27,expansion,James Wilson,2025-06-01T14:00:00
OPP-REN-335,ACC-335,CoreSignalMetrics Group 335 - Annual Renewal,negotiation,184604.36,2025-08-10,renewal,James Wilson,2025-05-25T14:00:00
OPP-REN-336,ACC-336,TrueNorthMetrics Group 336 - Annual Renewal,proposal,188376.75,2025-12-06,renewal,Ana Rodriguez,2025-04-22T14:00:00
OPP-REN-337,ACC-337,NorthstarOps Group 337 - Annual Renewal,negotiation,343959.95,2025-10-11,renewal,Priya Patel,2025-06-12T14:00:00
OPP-EXP-337,ACC-337,NorthstarOps Group 337 - Usage Expansion,qualification,233953.7,2025-09-11,expansion,Priya Patel,2025-06-26T14:00:00
OPP-REN-338,ACC-338,BluePeakOps Group 338 - Annual Renewal,qualification,117848.66,2025-11-21,renewal,James Wilson,2025-05-28T14:00:00
OPP-REN-339,ACC-339,ClearPathOps Group 339 - Annual Renewal,qualification,615018.59,2025-09-26,renewal,Priya Patel,2025-06-30T14:00:00
OPP-REN-340,ACC-340,EvergreenOps Group 340 - Annual Renewal,negotiation,670013.64,2025-08-09,renewal,Sarah Chen,2025-06-20T14:00:00
OPP-REN-341,ACC-341,SilverlineOps Group 341 - Annual Renewal,negotiation,106669.38,2025-09-08,renewal,Marcus Johnson,2025-06-20T14:00:00
OPP-REN-342,ACC-342,KeystoneOps Group 342 - Annual Renewal,negotiation,162699.82,2025-08-20,renewal,James Wilson,2025-05-22T14:00:00
OPP-EXP-342,ACC-342,KeystoneOps Group 342 - Usage Expansion,closed_lost,52155.02,2025-11-12,expansion,James Wilson,2025-06-21T14:00:00
OPP-REN-343,ACC-343,SummitOps Group 343 - Annual Renewal,negotiation,180575.74,2025-09-23,renewal,Priya Patel,2025-06-30T14:00:00
OPP-EXP-343,ACC-343,SummitOps Group 343 - Usage Expansion,proposal,150724.72,2025-09-07,expansion,Priya Patel,2025-07-01T14:00:00
OPP-REN-344,ACC-344,RiverbendOps Group 344 - Annual Renewal,negotiation,9101.1,2025-11-10,renewal,James Wilson,2025-05-01T14:00:00
OPP-REN-345,ACC-345,IroncladOps Group 345 - Annual Renewal,negotiation,55685.61,2025-11-04,renewal,Marcus Johnson,2025-05-13T14:00:00
OPP-REN-346,ACC-346,BrightForgeOps Group 346 - Annual Renewal,negotiation,157621.81,2025-10-05,renewal,Marcus Johnson,2025-05-28T14:00:00
OPP-REN-347,ACC-347,CoreSignalOps Group 347 - Annual Renewal,negotiation,130829.82,2025-11-20,renewal,James Wilson,2025-04-25T14:00:00
OPP-REN-348,ACC-348,TrueNorthOps Group 348 - Annual Renewal,negotiation,310144.89,2025-09-15,renewal,James Wilson,2025-06-13T14:00:00
OPP-REN-349,ACC-349,NorthstarRevenue Group 349 - Annual Renewal,qualification,205133.25,2025-12-31,renewal,James Wilson,2025-05-23T14:00:00
OPP-REN-350,ACC-350,BluePeakRevenue Group 350 - Annual Renewal,negotiation,217026.02,2025-08-07,renewal,Marcus Johnson,2025-06-11T14:00:00
OPP-REN-351,ACC-351,ClearPathRevenue Group 351 - Annual Renewal,qualification,40897.08,2025-12-18,renewal,Priya Patel,2025-05-22T14:00:00
OPP-REN-352,ACC-352,EvergreenRevenue Group 352 - Annual Renewal,qualification,200657.04,2025-10-19,renewal,Marcus Johnson,2025-06-15T14:00:00
OPP-REN-353,ACC-353,SilverlineRevenue Group 353 - Annual Renewal,negotiation,81915.01,2025-12-14,renewal,Marcus Johnson,2025-05-02T14:00:00
OPP-EXP-353,ACC-353,SilverlineRevenue Group 353 - Usage Expansion,qualification,52619.34,2025-09-08,expansion,Marcus Johnson,2025-06-08T14:00:00
OPP-REN-354,ACC-354,KeystoneRevenue Group 354 - Annual Renewal,negotiation,8893.66,2026-01-04,renewal,James Wilson,2025-05-04T14:00:00
OPP-REN-355,ACC-355,SummitRevenue Group 355 - Annual Renewal,proposal,57346.36,2025-09-21,renewal,Priya Patel,2025-04-29T14:00:00
OPP-REN-356,ACC-356,RiverbendRevenue Group 356 - Annual Renewal,proposal,135573.83,2026-01-03,renewal,James Wilson,2025-06-04T14:00:00
OPP-REN-357,ACC-357,IroncladRevenue Group 357 - Annual Renewal,negotiation,338513.84,2025-08-29,renewal,Sarah Chen,2025-06-27T14:00:00
OPP-EXP-357,ACC-357,IroncladRevenue Group 357 - Usage Expansion,closed_lost,269848.73,2025-10-14,expansion,Sarah Chen,2025-07-05T14:00:00
OPP-REN-358,ACC-358,BrightForgeRevenue Group 358 - Annual Renewal,negotiation,103323.63,2025-08-31,renewal,Ana Rodriguez,2025-06-07T14:00:00
OPP-REN-359,ACC-359,CoreSignalRevenue Group 359 - Annual Renewal,proposal,64967.87,2025-09-24,renewal,Ana Rodriguez,2025-05-04T14:00:00
OPP-REN-360,ACC-360,TrueNorthRevenue Group 360 - Annual Renewal,negotiation,256507.73,2025-08-11,renewal,Marcus Johnson,2025-06-26T14:00:00
OPP-REN-361,ACC-361,NorthstarWorkflow Group 361 - Annual Renewal,proposal,15665.99,2025-12-08,renewal,Sarah Chen,2025-06-23T14:00:00
OPP-REN-362,ACC-362,BluePeakWorkflow Group 362 - Annual Renewal,negotiation,26728.61,2025-11-21,renewal,Priya Patel,2025-05-07T14:00:00
OPP-EXP-362,ACC-362,BluePeakWorkflow Group 362 - Usage Expansion,prospecting,19894.38,2025-10-12,expansion,Priya Patel,2025-06-06T14:00:00
OPP-REN-363,ACC-363,ClearPathWorkflow Group 363 - Annual Renewal,negotiation,500493.71,2025-08-08,renewal,Ana Rodriguez,2025-06-02T14:00:00
OPP-REN-364,ACC-364,EvergreenWorkflow Group 364 - Annual Renewal,qualification,492239.59,2025-11-11,renewal,Ana Rodriguez,2025-04-13T14:00:00
OPP-EXP-364,ACC-364,EvergreenWorkflow Group 364 - Usage Expansion,qualification,95393.74,2025-10-20,expansion,Ana Rodriguez,2025-06-29T14:00:00
OPP-REN-365,ACC-365,SilverlineWorkflow Group 365 - Annual Renewal,negotiation,611890.6,2025-09-23,renewal,Sarah Chen,2025-05-23T14:00:00
OPP-REN-366,ACC-366,KeystoneWorkflow Group 366 - Annual Renewal,proposal,89108.75,2025-12-05,renewal,Marcus Johnson,2025-06-11T14:00:00
OPP-EXP-366,ACC-366,KeystoneWorkflow Group 366 - Usage Expansion,closed_lost,52867.13,2025-08-28,expansion,Marcus Johnson,2025-06-21T14:00:00
OPP-REN-367,ACC-367,SummitWorkflow Group 367 - Annual Renewal,qualification,47390.89,2025-09-17,renewal,Ana Rodriguez,2025-05-28T14:00:00
OPP-REN-368,ACC-368,RiverbendWorkflow Group 368 - Annual Renewal,qualification,24420.12,2025-09-22,renewal,Priya Patel,2025-06-23T14:00:00
OPP-REN-369,ACC-369,IroncladWorkflow Group 369 - Annual Renewal,negotiation,70138.32,2025-08-11,renewal,James Wilson,2025-05-31T14:00:00
OPP-REN-370,ACC-370,BrightForgeWorkflow Group 370 - Annual Renewal,qualification,483330.13,2025-09-13,renewal,Priya Patel,2025-05-25T14:00:00
OPP-REN-371,ACC-371,CoreSignalWorkflow Group 371 - Annual Renewal,qualification,103475.96,2025-12-27,renewal,James Wilson,2025-04-27T14:00:00
OPP-EXP-371,ACC-371,CoreSignalWorkflow Group 371 - Usage Expansion,prospecting,69684.67,2025-12-04,expansion,James Wilson,2025-06-05T14:00:00
OPP-REN-373,ACC-373,NorthstarAutomation Group 373 - Annual Renewal,proposal,404798.01,2025-12-06,renewal,Marcus Johnson,2025-05-15T14:00:00
OPP-EXP-373,ACC-373,NorthstarAutomation Group 373 - Usage Expansion,proposal,95722.32,2025-09-02,expansion,Marcus Johnson,2025-06-21T14:00:00
OPP-REN-374,ACC-374,BluePeakAutomation Group 374 - Annual Renewal,qualification,110378.67,2025-12-11,renewal,Ana Rodriguez,2025-06-20T14:00:00
OPP-REN-375,ACC-375,ClearPathAutomation Group 375 - Annual Renewal,negotiation,38678.57,2025-08-24,renewal,Ana Rodriguez,2025-05-15T14:00:00
OPP-REN-376,ACC-376,EvergreenAutomation Group 376 - Annual Renewal,qualification,130691.27,2025-12-11,renewal,Ana Rodriguez,2025-04-28T14:00:00
OPP-EXP-376,ACC-376,EvergreenAutomation Group 376 - Usage Expansion,closed_lost,71890.25,2025-08-20,expansion,Ana Rodriguez,2025-06-19T14:00:00
OPP-REN-377,ACC-377,SilverlineAutomation Group 377 - Annual Renewal,qualification,24910.59,2025-07-26,renewal,James Wilson,2025-06-18T14:00:00
OPP-REN-378,ACC-378,KeystoneAutomation Group 378 - Annual Renewal,qualification,15314.91,2025-11-05,renewal,Sarah Chen,2025-06-04T14:00:00
OPP-REN-379,ACC-379,SummitAutomation Group 379 - Annual Renewal,negotiation,199056.43,2025-09-28,renewal,James Wilson,2025-06-09T14:00:00
OPP-REN-380,ACC-380,RiverbendAutomation Group 380 - Annual Renewal,proposal,233748.54,2025-12-04,renewal,Marcus Johnson,2025-04-19T14:00:00
OPP-EXP-380,ACC-380,RiverbendAutomation Group 380 - Usage Expansion,proposal,96188.13,2025-11-13,expansion,Marcus Johnson,2025-06-19T14:00:00
OPP-REN-381,ACC-381,IroncladAutomation Group 381 - Annual Renewal,negotiation,113779.22,2025-10-12,renewal,Sarah Chen,2025-05-16T14:00:00
OPP-REN-382,ACC-382,BrightForgeAutomation Group 382 - Annual Renewal,negotiation,76648.64,2025-11-19,renewal,Ana Rodriguez,2025-04-19T14:00:00
OPP-REN-383,ACC-383,CoreSignalAutomation Group 383 - Annual Renewal,qualification,122163.08,2025-10-24,renewal,Ana Rodriguez,2025-05-01T14:00:00
OPP-REN-384,ACC-384,TrueNorthAutomation Group 384 - Annual Renewal,negotiation,31133.55,2026-01-05,renewal,Marcus Johnson,2025-04-14T14:00:00
OPP-REN-385,ACC-385,NorthstarSecurity Group 385 - Annual Renewal,proposal,217648.2,2025-11-19,renewal,Ana Rodriguez,2025-04-25T14:00:00
OPP-REN-386,ACC-386,BluePeakSecurity Group 386 - Annual Renewal,proposal,481231.48,2025-10-18,renewal,James Wilson,2025-05-02T14:00:00
OPP-EXP-386,ACC-386,BluePeakSecurity Group 386 - Usage Expansion,prospecting,219495.92,2025-11-20,expansion,James Wilson,2025-07-05T14:00:00
OPP-REN-387,ACC-387,ClearPathSecurity Group 387 - Annual Renewal,qualification,248518.19,2025-12-28,renewal,Priya Patel,2025-06-09T14:00:00
OPP-EXP-387,ACC-387,ClearPathSecurity Group 387 - Usage Expansion,closed_lost,108905.55,2025-10-27,expansion,Priya Patel,2025-06-09T14:00:00
OPP-REN-388,ACC-388,EvergreenSecurity Group 388 - Annual Renewal,proposal,149914.37,2025-08-26,renewal,Ana Rodriguez,2025-05-31T14:00:00
OPP-REN-389,ACC-389,SilverlineSecurity Group 389 - Annual Renewal,negotiation,18830.02,2025-11-26,renewal,Ana Rodriguez,2025-05-08T14:00:00
OPP-REN-390,ACC-390,KeystoneSecurity Group 390 - Annual Renewal,negotiation,189435.51,2025-10-26,renewal,Ana Rodriguez,2025-06-07T14:00:00
OPP-REN-391,ACC-391,SummitSecurity Group 391 - Annual Renewal,proposal,126530.88,2025-10-29,renewal,Sarah Chen,2025-06-17T14:00:00
OPP-REN-392,ACC-392,RiverbendSecurity Group 392 - Annual Renewal,negotiation,216421.85,2025-10-05,renewal,Ana Rodriguez,2025-06-12T14:00:00
OPP-REN-393,ACC-393,IroncladSecurity Group 393 - Annual Renewal,negotiation,37651.37,2025-08-02,renewal,Ana Rodriguez,2025-04-13T14:00:00
OPP-REN-394,ACC-394,BrightForgeSecurity Group 394 - Annual Renewal,proposal,34618.74,2025-11-20,renewal,Sarah Chen,2025-04-27T14:00:00
OPP-REN-395,ACC-395,CoreSignalSecurity Group 395 - Annual Renewal,negotiation,494512.62,2025-11-21,renewal,Ana Rodriguez,2025-06-23T14:00:00
OPP-REN-396,ACC-396,TrueNorthSecurity Group 396 - Annual Renewal,negotiation,16234.68,2025-08-30,renewal,Marcus Johnson,2025-05-18T14:00:00
OPP-REN-397,ACC-397,NorthstarCommerce Group 397 - Annual Renewal,proposal,68954.76,2026-01-06,renewal,Marcus Johnson,2025-04-17T14:00:00
OPP-EXP-397,ACC-397,NorthstarCommerce Group 397 - Usage Expansion,proposal,37836.0,2025-09-18,expansion,Marcus Johnson,2025-06-26T14:00:00
OPP-REN-398,ACC-398,BluePeakCommerce Group 398 - Annual Renewal,proposal,205852.73,2025-09-14,renewal,Sarah Chen,2025-06-12T14:00:00
OPP-REN-399,ACC-399,ClearPathCommerce Group 399 - Annual Renewal,qualification,342524.77,2025-09-23,renewal,James Wilson,2025-06-01T14:00:00
OPP-REN-400,ACC-400,EvergreenCommerce Group 400 - Annual Renewal,negotiation,72826.47,2025-11-07,renewal,Ana Rodriguez,2025-06-23T14:00:00
OPP-REN-401,ACC-401,SilverlineCommerce Group 401 - Annual Renewal,qualification,179414.18,2025-10-07,renewal,Priya Patel,2025-04-15T14:00:00
OPP-REN-402,ACC-402,KeystoneCommerce Group 402 - Annual Renewal,qualification,303259.57,2025-11-21,renewal,Ana Rodriguez,2025-05-21T14:00:00
OPP-REN-403,ACC-403,SummitCommerce Group 403 - Annual Renewal,qualification,41396.85,2025-12-14,renewal,Marcus Johnson,2025-04-30T14:00:00
OPP-REN-404,ACC-404,RiverbendCommerce Group 404 - Annual Renewal,proposal,460243.8,2025-08-10,renewal,Priya Patel,2025-06-01T14:00:00
OPP-EXP-404,ACC-404,RiverbendCommerce Group 404 - Usage Expansion,closed_lost,165772.84,2025-09-26,expansion,Priya Patel,2025-06-30T14:00:00
OPP-REN-405,ACC-405,IroncladCommerce Group 405 - Annual Renewal,negotiation,138687.98,2025-10-02,renewal,James Wilson,2025-06-12T14:00:00
OPP-REN-406,ACC-406,BrightForgeCommerce Group 406 - Annual Renewal,qualification,17875.39,2025-12-17,renewal,Sarah Chen,2025-04-14T14:00:00
OPP-REN-407,ACC-407,CoreSignalCommerce Group 407 - Annual Renewal,negotiation,175026.25,2025-10-14,renewal,Marcus Johnson,2025-06-14T14:00:00
OPP-REN-408,ACC-408,TrueNorthCommerce Group 408 - Annual Renewal,proposal,646511.97,2025-08-30,renewal,Priya Patel,2025-05-25T14:00:00
OPP-EXP-408,ACC-408,TrueNorthCommerce Group 408 - Usage Expansion,closed_lost,404692.1,2025-10-15,expansion,Priya Patel,2025-06-23T14:00:00
OPP-REN-409,ACC-409,NorthstarHealth Group 409 - Annual Renewal,negotiation,146455.83,2025-11-16,renewal,Marcus Johnson,2025-06-20T14:00:00
OPP-REN-410,ACC-410,BluePeakHealth Group 410 - Annual Renewal,proposal,15672.84,2025-08-28,renewal,Sarah Chen,2025-05-25T14:00:00
OPP-REN-411,ACC-411,ClearPathHealth Group 411 - Annual Renewal,negotiation,126087.9,2025-09-06,renewal,Marcus Johnson,2025-05-15T14:00:00
OPP-REN-412,ACC-412,EvergreenHealth Group 412 - Annual Renewal,qualification,13370.0,2025-08-06,renewal,James Wilson,2025-06-28T14:00:00
OPP-REN-413,ACC-413,SilverlineHealth Group 413 - Annual Renewal,negotiation,18919.7,2025-12-22,renewal,Sarah Chen,2025-05-12T14:00:00
OPP-REN-414,ACC-414,KeystoneHealth Group 414 - Annual Renewal,qualification,170714.95,2025-08-14,renewal,Sarah Chen,2025-06-15T14:00:00
OPP-EXP-414,ACC-414,KeystoneHealth Group 414 - Usage Expansion,qualification,75301.58,2025-10-10,expansion,Sarah Chen,2025-05-28T14:00:00
OPP-REN-415,ACC-415,SummitHealth Group 415 - Annual Renewal,proposal,13976.82,2025-09-14,renewal,James Wilson,2025-05-11T14:00:00
OPP-REN-416,ACC-416,RiverbendHealth Group 416 - Annual Renewal,negotiation,40712.47,2025-08-06,renewal,Sarah Chen,2025-06-25T14:00:00
OPP-REN-417,ACC-417,IroncladHealth Group 417 - Annual Renewal,qualification,61099.52,2025-09-30,renewal,Priya Patel,2025-04-26T14:00:00
OPP-REN-418,ACC-418,BrightForgeHealth Group 418 - Annual Renewal,proposal,26472.22,2025-12-14,renewal,Marcus Johnson,2025-05-06T14:00:00
OPP-EXP-418,ACC-418,BrightForgeHealth Group 418 - Usage Expansion,proposal,10119.34,2025-11-13,expansion,Marcus Johnson,2025-07-03T14:00:00
OPP-REN-419,ACC-419,CoreSignalHealth Group 419 - Annual Renewal,proposal,185968.87,2025-09-12,renewal,Priya Patel,2025-05-09T14:00:00
OPP-REN-420,ACC-420,TrueNorthHealth Group 420 - Annual Renewal,proposal,87793.15,2025-11-04,renewal,Marcus Johnson,2025-05-04T14:00:00
OPP-REN-421,ACC-421,NorthstarLogistics Group 421 - Annual Renewal,qualification,94514.32,2025-11-12,renewal,Marcus Johnson,2025-04-13T14:00:00
OPP-REN-422,ACC-422,BluePeakLogistics Group 422 - Annual Renewal,negotiation,38499.45,2025-08-22,renewal,Ana Rodriguez,2025-05-27T14:00:00
OPP-REN-423,ACC-423,ClearPathLogistics Group 423 - Annual Renewal,negotiation,58978.55,2025-09-22,renewal,Marcus Johnson,2025-04-27T14:00:00
OPP-REN-424,ACC-424,EvergreenLogistics Group 424 - Annual Renewal,qualification,8232.22,2025-10-13,renewal,Marcus Johnson,2025-05-15T14:00:00
OPP-REN-426,ACC-426,KeystoneLogistics Group 426 - Annual Renewal,negotiation,359776.05,2025-09-29,renewal,Marcus Johnson,2025-05-29T14:00:00
OPP-REN-427,ACC-427,SummitLogistics Group 427 - Annual Renewal,qualification,333403.17,2025-12-07,renewal,James Wilson,2025-06-15T14:00:00
OPP-REN-428,ACC-428,RiverbendLogistics Group 428 - Annual Renewal,negotiation,164871.69,2025-08-17,renewal,Priya Patel,2025-04-23T14:00:00
OPP-REN-429,ACC-429,IroncladLogistics Group 429 - Annual Renewal,proposal,658680.27,2025-12-18,renewal,James Wilson,2025-06-22T14:00:00
OPP-REN-430,ACC-430,BrightForgeLogistics Group 430 - Annual Renewal,qualification,149821.53,2025-12-09,renewal,James Wilson,2025-04-18T14:00:00
OPP-REN-431,ACC-431,CoreSignalLogistics Group 431 - Annual Renewal,negotiation,184755.11,2025-07-28,renewal,Marcus Johnson,2025-06-10T14:00:00
OPP-EXP-431,ACC-431,CoreSignalLogistics Group 431 - Usage Expansion,prospecting,115851.67,2025-09-03,expansion,Marcus Johnson,2025-06-27T14:00:00
OPP-REN-432,ACC-432,TrueNorthLogistics Group 432 - Annual Renewal,negotiation,197418.04,2025-12-29,renewal,Sarah Chen,2025-06-18T14:00:00
OPP-REN-433,ACC-433,NorthstarAnalytics Technologies 433 - Annual Renewal,qualification,106397.71,2025-12-08,renewal,Ana Rodriguez,2025-04-16T14:00:00
OPP-REN-434,ACC-434,BluePeakAnalytics Technologies 434 - Annual Renewal,qualification,38698.2,2025-07-25,renewal,Ana Rodriguez,2025-06-04T14:00:00
OPP-REN-435,ACC-435,ClearPathAnalytics Technologies 435 - Annual Renewal,negotiation,607243.0,2025-12-10,renewal,James Wilson,2025-04-12T14:00:00
OPP-EXP-435,ACC-435,ClearPathAnalytics Technologies 435 - Usage Expansion,closed_lost,238607.93,2025-09-10,expansion,James Wilson,2025-05-31T14:00:00
OPP-REN-436,ACC-436,EvergreenAnalytics Technologies 436 - Annual Renewal,negotiation,471573.84,2025-11-07,renewal,Sarah Chen,2025-05-21T14:00:00
OPP-REN-437,ACC-437,SilverlineAnalytics Technologies 437 - Annual Renewal,negotiation,23416.7,2025-12-25,renewal,James Wilson,2025-06-06T14:00:00
OPP-REN-438,ACC-438,KeystoneAnalytics Technologies 438 - Annual Renewal,qualification,161752.65,2025-10-12,renewal,Priya Patel,2025-06-19T14:00:00
OPP-REN-439,ACC-439,SummitAnalytics Technologies 439 - Annual Renewal,proposal,181507.74,2025-12-14,renewal,Marcus Johnson,2025-04-27T14:00:00
OPP-EXP-439,ACC-439,SummitAnalytics Technologies 439 - Usage Expansion,qualification,142958.31,2025-10-01,expansion,Marcus Johnson,2025-06-28T14:00:00
OPP-REN-440,ACC-440,RiverbendAnalytics Technologies 440 - Annual Renewal,qualification,352264.43,2025-12-14,renewal,Sarah Chen,2025-05-06T14:00:00
OPP-REN-441,ACC-441,IroncladAnalytics Technologies 441 - Annual Renewal,proposal,10346.65,2025-12-30,renewal,Sarah Chen,2025-06-28T14:00:00
OPP-EXP-441,ACC-441,IroncladAnalytics Technologies 441 - Usage Expansion,qualification,6356.87,2025-08-27,expansion,Sarah Chen,2025-06-18T14:00:00
OPP-REN-442,ACC-442,BrightForgeAnalytics Technologies 442 - Annual Renewal,negotiation,247714.43,2025-12-07,renewal,James Wilson,2025-05-16T14:00:00
OPP-REN-443,ACC-443,CoreSignalAnalytics Technologies 443 - Annual Renewal,negotiation,205246.48,2025-08-19,renewal,James Wilson,2025-05-20T14:00:00
OPP-EXP-443,ACC-443,CoreSignalAnalytics Technologies 443 - Usage Expansion,closed_lost,51652.17,2025-11-28,expansion,James Wilson,2025-07-03T14:00:00
OPP-REN-444,ACC-444,TrueNorthAnalytics Technologies 444 - Annual Renewal,negotiation,159799.07,2025-12-04,renewal,Ana Rodriguez,2025-04-21T14:00:00
OPP-REN-445,ACC-445,NorthstarCloud Technologies 445 - Annual Renewal,proposal,63116.7,2025-12-27,renewal,Ana Rodriguez,2025-04-14T14:00:00
OPP-EXP-445,ACC-445,NorthstarCloud Technologies 445 - Usage Expansion,qualification,12913.81,2025-11-28,expansion,Ana Rodriguez,2025-06-13T14:00:00
OPP-REN-446,ACC-446,BluePeakCloud Technologies 446 - Annual Renewal,qualification,669362.19,2026-01-05,renewal,Sarah Chen,2025-05-20T14:00:00
OPP-REN-447,ACC-447,ClearPathCloud Technologies 447 - Annual Renewal,negotiation,169998.73,2025-11-06,renewal,James Wilson,2025-06-23T14:00:00
OPP-EXP-447,ACC-447,ClearPathCloud Technologies 447 - Usage Expansion,qualification,45194.61,2025-11-12,expansion,James Wilson,2025-06-27T14:00:00
OPP-REN-448,ACC-448,EvergreenCloud Technologies 448 - Annual Renewal,negotiation,16415.41,2025-12-11,renewal,Marcus Johnson,2025-05-07T14:00:00
OPP-REN-449,ACC-449,SilverlineCloud Technologies 449 - Annual Renewal,proposal,32650.81,2025-12-27,renewal,Sarah Chen,2025-04-14T14:00:00
OPP-REN-450,ACC-450,KeystoneCloud Technologies 450 - Annual Renewal,negotiation,199308.68,2025-12-10,renewal,Sarah Chen,2025-06-27T14:00:00
OPP-REN-451,ACC-451,SummitCloud Technologies 451 - Annual Renewal,proposal,476972.07,2025-09-27,renewal,James Wilson,2025-05-02T14:00:00
OPP-REN-452,ACC-452,RiverbendCloud Technologies 452 - Annual Renewal,proposal,50664.39,2025-11-12,renewal,Sarah Chen,2025-06-13T14:00:00
OPP-EXP-452,ACC-452,RiverbendCloud Technologies 452 - Usage Expansion,proposal,36255.37,2025-11-09,expansion,Sarah Chen,2025-06-05T14:00:00
OPP-REN-453,ACC-453,IroncladCloud Technologies 453 - Annual Renewal,negotiation,288634.61,2025-07-29,renewal,Sarah Chen,2025-06-12T14:00:00
OPP-REN-454,ACC-454,BrightForgeCloud Technologies 454 - Annual Renewal,qualification,15961.49,2025-08-21,renewal,Ana Rodriguez,2025-05-11T14:00:00
OPP-REN-455,ACC-455,CoreSignalCloud Technologies 455 - Annual Renewal,negotiation,99078.39,2025-08-23,renewal,Priya Patel,2025-05-12T14:00:00
OPP-REN-456,ACC-456,TrueNorthCloud Technologies 456 - Annual Renewal,negotiation,115613.72,2025-10-02,renewal,Priya Patel,2025-06-19T14:00:00
OPP-REN-457,ACC-457,NorthstarData Technologies 457 - Annual Renewal,negotiation,37910.27,2025-10-16,renewal,James Wilson,2025-04-25T14:00:00
OPP-EXP-457,ACC-457,NorthstarData Technologies 457 - Usage Expansion,proposal,29256.65,2025-09-22,expansion,James Wilson,2025-06-06T14:00:00
OPP-REN-458,ACC-458,BluePeakData Technologies 458 - Annual Renewal,qualification,352207.41,2025-12-11,renewal,James Wilson,2025-05-31T14:00:00
OPP-REN-459,ACC-459,ClearPathData Technologies 459 - Annual Renewal,negotiation,114670.13,2025-09-01,renewal,Priya Patel,2025-06-26T14:00:00
OPP-REN-460,ACC-460,EvergreenData Technologies 460 - Annual Renewal,negotiation,126286.35,2025-07-25,renewal,Marcus Johnson,2025-06-29T14:00:00
OPP-REN-461,ACC-461,SilverlineData Technologies 461 - Annual Renewal,negotiation,411512.58,2025-11-24,renewal,Sarah Chen,2025-05-28T14:00:00
OPP-REN-462,ACC-462,KeystoneData Technologies 462 - Annual Renewal,negotiation,26947.75,2025-08-25,renewal,James Wilson,2025-04-11T14:00:00
OPP-REN-463,ACC-463,SummitData Technologies 463 - Annual Renewal,negotiation,503352.93,2025-10-12,renewal,James Wilson,2025-04-23T14:00:00
OPP-EXP-463,ACC-463,SummitData Technologies 463 - Usage Expansion,qualification,383183.15,2025-12-05,expansion,James Wilson,2025-07-02T14:00:00
OPP-REN-464,ACC-464,RiverbendData Technologies 464 - Annual Renewal,proposal,189634.32,2025-09-26,renewal,Sarah Chen,2025-05-08T14:00:00
OPP-REN-465,ACC-465,IroncladData Technologies 465 - Annual Renewal,proposal,149320.12,2025-08-17,renewal,Sarah Chen,2025-06-16T14:00:00
OPP-REN-466,ACC-466,BrightForgeData Technologies 466 - Annual Renewal,negotiation,170926.33,2025-12-04,renewal,Ana Rodriguez,2025-05-08T14:00:00
OPP-EXP-466,ACC-466,BrightForgeData Technologies 466 - Usage Expansion,closed_lost,79964.68,2025-10-27,expansion,Ana Rodriguez,2025-06-29T14:00:00
OPP-REN-467,ACC-467,CoreSignalData Technologies 467 - Annual Renewal,negotiation,633516.41,2025-09-28,renewal,Priya Patel,2025-05-29T14:00:00
OPP-REN-468,ACC-468,TrueNorthData Technologies 468 - Annual Renewal,negotiation,40710.64,2025-10-24,renewal,James Wilson,2025-06-13T14:00:00
OPP-REN-469,ACC-469,NorthstarMetrics Technologies 469 - Annual Renewal,proposal,78403.34,2025-08-30,renewal,Marcus Johnson,2025-06-27T14:00:00
OPP-REN-470,ACC-470,BluePeakMetrics Technologies 470 - Annual Renewal,proposal,109757.79,2025-11-16,renewal,Ana Rodriguez,2025-06-13T14:00:00
OPP-REN-471,ACC-471,ClearPathMetrics Technologies 471 - Annual Renewal,qualification,133281.34,2025-11-27,renewal,James Wilson,2025-04-25T14:00:00
OPP-REN-472,ACC-472,EvergreenMetrics Technologies 472 - Annual Renewal,qualification,32562.06,2025-12-01,renewal,Marcus Johnson,2025-05-21T14:00:00
OPP-REN-473,ACC-473,SilverlineMetrics Technologies 473 - Annual Renewal,proposal,142129.4,2025-11-16,renewal,Marcus Johnson,2025-05-05T14:00:00
OPP-REN-474,ACC-474,KeystoneMetrics Technologies 474 - Annual Renewal,proposal,647379.13,2025-11-24,renewal,Ana Rodriguez,2025-05-21T14:00:00
OPP-REN-475,ACC-475,SummitMetrics Technologies 475 - Annual Renewal,proposal,344932.64,2025-12-15,renewal,James Wilson,2025-04-11T14:00:00
OPP-REN-476,ACC-476,RiverbendMetrics Technologies 476 - Annual Renewal,proposal,140014.37,2025-08-24,renewal,Priya Patel,2025-06-17T14:00:00
OPP-REN-477,ACC-477,IroncladMetrics Technologies 477 - Annual Renewal,negotiation,40861.28,2025-11-19,renewal,James Wilson,2025-05-23T14:00:00
OPP-REN-479,ACC-479,CoreSignalMetrics Technologies 479 - Annual Renewal,negotiation,25814.11,2025-11-04,renewal,Sarah Chen,2025-06-28T14:00:00
OPP-REN-480,ACC-480,TrueNorthMetrics Technologies 480 - Annual Renewal,negotiation,495350.82,2025-12-27,renewal,Sarah Chen,2025-06-01T14:00:00
OPP-REN-481,ACC-481,NorthstarOps Technologies 481 - Annual Renewal,qualification,408004.83,2025-10-17,renewal,Sarah Chen,2025-06-13T14:00:00
OPP-REN-482,ACC-482,BluePeakOps Technologies 482 - Annual Renewal,qualification,488259.68,2025-10-28,renewal,James Wilson,2025-06-10T14:00:00
OPP-EXP-482,ACC-482,BluePeakOps Technologies 482 - Usage Expansion,proposal,337726.48,2025-08-23,expansion,James Wilson,2025-06-22T14:00:00
OPP-REN-483,ACC-483,ClearPathOps Technologies 483 - Annual Renewal,negotiation,455821.78,2025-11-19,renewal,Sarah Chen,2025-06-13T14:00:00
OPP-EXP-483,ACC-483,ClearPathOps Technologies 483 - Usage Expansion,closed_lost,201898.93,2025-11-02,expansion,Sarah Chen,2025-06-05T14:00:00
OPP-REN-484,ACC-484,EvergreenOps Technologies 484 - Annual Renewal,qualification,137361.38,2025-10-17,renewal,Priya Patel,2025-04-23T14:00:00
OPP-EXP-484,ACC-484,EvergreenOps Technologies 484 - Usage Expansion,proposal,86194.48,2025-07-30,expansion,Priya Patel,2025-06-30T14:00:00
OPP-REN-485,ACC-485,SilverlineOps Technologies 485 - Annual Renewal,negotiation,30917.12,2025-08-12,renewal,Sarah Chen,2025-06-02T14:00:00
OPP-EXP-485,ACC-485,SilverlineOps Technologies 485 - Usage Expansion,closed_lost,9997.88,2025-08-23,expansion,Sarah Chen,2025-06-09T14:00:00
OPP-REN-486,ACC-486,KeystoneOps Technologies 486 - Annual Renewal,proposal,275966.03,2025-12-20,renewal,Ana Rodriguez,2025-05-28T14:00:00
OPP-EXP-486,ACC-486,KeystoneOps Technologies 486 - Usage Expansion,closed_lost,167059.5,2025-07-30,expansion,Ana Rodriguez,2025-06-07T14:00:00
OPP-REN-487,ACC-487,SummitOps Technologies 487 - Annual Renewal,proposal,183498.67,2025-12-12,renewal,Sarah Chen,2025-06-05T14:00:00
OPP-REN-488,ACC-488,RiverbendOps Technologies 488 - Annual Renewal,proposal,85291.01,2025-11-04,renewal,Marcus Johnson,2025-04-25T14:00:00
OPP-REN-489,ACC-489,IroncladOps Technologies 489 - Annual Renewal,proposal,10740.98,2025-08-23,renewal,Sarah Chen,2025-04-16T14:00:00
OPP-REN-490,ACC-490,BrightForgeOps Technologies 490 - Annual Renewal,qualification,126728.91,2025-09-10,renewal,Sarah Chen,2025-06-22T14:00:00
OPP-EXP-490,ACC-490,BrightForgeOps Technologies 490 - Usage Expansion,closed_lost,49318.67,2025-08-31,expansion,Sarah Chen,2025-05-31T14:00:00
OPP-REN-491,ACC-491,CoreSignalOps Technologies 491 - Annual Renewal,proposal,119235.92,2025-08-30,renewal,Priya Patel,2025-04-25T14:00:00
OPP-EXP-491,ACC-491,CoreSignalOps Technologies 491 - Usage Expansion,qualification,49880.41,2025-09-01,expansion,Priya Patel,2025-05-31T14:00:00
OPP-REN-492,ACC-492,TrueNorthOps Technologies 492 - Annual Renewal,negotiation,39251.18,2025-08-19,renewal,Marcus Johnson,2025-06-15T14:00:00
OPP-EXP-492,ACC-492,TrueNorthOps Technologies 492 - Usage Expansion,closed_lost,10808.35,2025-09-10,expansion,Marcus Johnson,2025-06-23T14:00:00
OPP-REN-493,ACC-493,NorthstarRevenue Technologies 493 - Annual Renewal,proposal,642079.63,2025-12-14,renewal,Priya Patel,2025-05-18T14:00:00
OPP-REN-494,ACC-494,BluePeakRevenue Technologies 494 - Annual Renewal,negotiation,73925.1,2025-11-17,renewal,Priya Patel,2025-06-21T14:00:00
OPP-REN-495,ACC-495,ClearPathRevenue Technologies 495 - Annual Renewal,proposal,33576.65,2025-09-29,renewal,Sarah Chen,2025-05-31T14:00:00
OPP-REN-496,ACC-496,EvergreenRevenue Technologies 496 - Annual Renewal,negotiation,142871.87,2025-09-27,renewal,James Wilson,2025-05-27T14:00:00
OPP-EXP-496,ACC-496,EvergreenRevenue Technologies 496 - Usage Expansion,qualification,31016.53,2025-11-10,expansion,James Wilson,2025-06-12T14:00:00
OPP-REN-497,ACC-497,SilverlineRevenue Technologies 497 - Annual Renewal,qualification,549872.59,2025-11-05,renewal,Sarah Chen,2025-05-03T14:00:00
OPP-EXP-497,ACC-497,SilverlineRevenue Technologies 497 - Usage Expansion,proposal,414857.08,2025-08-06,expansion,Sarah Chen,2025-06-01T14:00:00
OPP-REN-498,ACC-498,KeystoneRevenue Technologies 498 - Annual Renewal,qualification,9825.68,2025-08-14,renewal,Marcus Johnson,2025-06-26T14:00:00
OPP-REN-499,ACC-499,SummitRevenue Technologies 499 - Annual Renewal,negotiation,151268.01,2025-12-26,renewal,Ana Rodriguez,2025-05-10T14:00:00
OPP-REN-500,ACC-500,RiverbendRevenue Technologies 500 - Annual Renewal,negotiation,154873.88,2025-08-03,renewal,James Wilson,2025-06-25T14:00:00
OPP-EXP-500,ACC-500,RiverbendRevenue Technologies 500 - Usage Expansion,closed_lost,131147.85,2025-10-13,expansion,James Wilson,2025-06-07T14:00:00
OPP-REN-501,ACC-501,IroncladRevenue Technologies 501 - Annual Renewal,qualification,209523.43,2025-10-20,renewal,James Wilson,2025-06-30T14:00:00
OPP-REN-502,ACC-502,BrightForgeRevenue Technologies 502 - Annual Renewal,proposal,109652.94,2025-08-14,renewal,Ana Rodriguez,2025-06-23T14:00:00
OPP-EXP-502,ACC-502,BrightForgeRevenue Technologies 502 - Usage Expansion,closed_lost,62079.95,2025-09-16,expansion,Ana Rodriguez,2025-06-13T14:00:00
OPP-REN-503,ACC-503,CoreSignalRevenue Technologies 503 - Annual Renewal,negotiation,216753.34,2025-10-07,renewal,Priya Patel,2025-06-07T14:00:00
OPP-REN-504,ACC-504,TrueNorthRevenue Technologies 504 - Annual Renewal,proposal,154834.36,2025-08-25,renewal,James Wilson,2025-05-13T14:00:00
OPP-REN-505,ACC-505,NorthstarWorkflow Technologies 505 - Annual Renewal,proposal,182597.61,2025-12-14,renewal,Priya Patel,2025-05-03T14:00:00
OPP-EXP-505,ACC-505,NorthstarWorkflow Technologies 505 - Usage Expansion,closed_lost,32881.97,2025-11-12,expansion,Priya Patel,2025-06-26T14:00:00
OPP-REN-506,ACC-506,BluePeakWorkflow Technologies 506 - Annual Renewal,proposal,60197.19,2025-10-10,renewal,Sarah Chen,2025-06-07T14:00:00
OPP-EXP-506,ACC-506,BluePeakWorkflow Technologies 506 - Usage Expansion,prospecting,22810.02,2025-09-09,expansion,Sarah Chen,2025-06-15T14:00:00
OPP-REN-507,ACC-507,ClearPathWorkflow Technologies 507 - Annual Renewal,negotiation,140743.72,2025-12-23,renewal,James Wilson,2025-05-22T14:00:00
OPP-REN-508,ACC-508,EvergreenWorkflow Technologies 508 - Annual Renewal,qualification,457109.9,2026-01-01,renewal,Ana Rodriguez,2025-06-04T14:00:00
OPP-REN-509,ACC-509,SilverlineWorkflow Technologies 509 - Annual Renewal,proposal,110572.35,2025-09-24,renewal,Priya Patel,2025-05-29T14:00:00
OPP-REN-510,ACC-510,KeystoneWorkflow Technologies 510 - Annual Renewal,qualification,171022.2,2025-11-04,renewal,Ana Rodriguez,2025-05-05T14:00:00
OPP-REN-511,ACC-511,SummitWorkflow Technologies 511 - Annual Renewal,negotiation,163986.25,2025-10-12,renewal,Marcus Johnson,2025-05-17T14:00:00
OPP-EXP-511,ACC-511,SummitWorkflow Technologies 511 - Usage Expansion,qualification,63352.0,2025-09-06,expansion,Marcus Johnson,2025-06-03T14:00:00
OPP-REN-512,ACC-512,RiverbendWorkflow Technologies 512 - Annual Renewal,negotiation,129776.06,2025-08-01,renewal,Sarah Chen,2025-06-28T14:00:00
OPP-EXP-512,ACC-512,RiverbendWorkflow Technologies 512 - Usage Expansion,qualification,63382.19,2025-10-15,expansion,Sarah Chen,2025-06-10T14:00:00
OPP-REN-513,ACC-513,IroncladWorkflow Technologies 513 - Annual Renewal,proposal,329876.13,2025-10-19,renewal,Sarah Chen,2025-04-30T14:00:00
OPP-EXP-513,ACC-513,IroncladWorkflow Technologies 513 - Usage Expansion,prospecting,221161.43,2025-08-06,expansion,Sarah Chen,2025-06-21T14:00:00
OPP-REN-514,ACC-514,BrightForgeWorkflow Technologies 514 - Annual Renewal,proposal,32510.58,2025-08-12,renewal,Ana Rodriguez,2025-04-18T14:00:00
OPP-REN-515,ACC-515,CoreSignalWorkflow Technologies 515 - Annual Renewal,proposal,66117.14,2025-10-01,renewal,Sarah Chen,2025-06-08T14:00:00
OPP-EXP-515,ACC-515,CoreSignalWorkflow Technologies 515 - Usage Expansion,qualification,42788.72,2025-07-30,expansion,Sarah Chen,2025-06-30T14:00:00
OPP-REN-516,ACC-516,TrueNorthWorkflow Technologies 516 - Annual Renewal,proposal,20916.26,2025-08-08,renewal,James Wilson,2025-05-10T14:00:00
OPP-REN-517,ACC-517,NorthstarAutomation Technologies 517 - Annual Renewal,proposal,37223.29,2025-11-12,renewal,Priya Patel,2025-05-03T14:00:00
OPP-REN-518,ACC-518,BluePeakAutomation Technologies 518 - Annual Renewal,qualification,14828.95,2025-10-29,renewal,Marcus Johnson,2025-04-24T14:00:00
OPP-REN-519,ACC-519,ClearPathAutomation Technologies 519 - Annual Renewal,qualification,527478.88,2025-09-21,renewal,James Wilson,2025-05-13T14:00:00
OPP-EXP-519,ACC-519,ClearPathAutomation Technologies 519 - Usage Expansion,prospecting,246452.75,2025-08-27,expansion,James Wilson,2025-05-27T14:00:00
OPP-REN-520,ACC-520,EvergreenAutomation Technologies 520 - Annual Renewal,qualification,368027.65,2025-11-28,renewal,James Wilson,2025-05-12T14:00:00
OPP-REN-521,ACC-521,SilverlineAutomation Technologies 521 - Annual Renewal,proposal,14793.2,2025-11-30,renewal,Ana Rodriguez,2025-06-24T14:00:00
OPP-REN-522,ACC-522,KeystoneAutomation Technologies 522 - Annual Renewal,qualification,168089.34,2025-08-25,renewal,James Wilson,2025-06-06T14:00:00
OPP-REN-523,ACC-523,SummitAutomation Technologies 523 - Annual Renewal,negotiation,187775.87,2025-10-08,renewal,James Wilson,2025-05-27T14:00:00
OPP-REN-524,ACC-524,RiverbendAutomation Technologies 524 - Annual Renewal,proposal,85079.77,2025-09-06,renewal,Marcus Johnson,2025-06-10T14:00:00
OPP-REN-525,ACC-525,IroncladAutomation Technologies 525 - Annual Renewal,negotiation,121933.88,2025-08-17,renewal,Ana Rodriguez,2025-05-09T14:00:00
OPP-REN-526,ACC-526,BrightForgeAutomation Technologies 526 - Annual Renewal,proposal,132177.05,2025-08-07,renewal,James Wilson,2025-05-18T14:00:00
OPP-REN-527,ACC-527,CoreSignalAutomation Technologies 527 - Annual Renewal,negotiation,20224.0,2025-09-25,renewal,Sarah Chen,2025-04-30T14:00:00
OPP-REN-528,ACC-528,TrueNorthAutomation Technologies 528 - Annual Renewal,negotiation,263169.25,2025-10-11,renewal,Ana Rodriguez,2025-05-19T14:00:00
OPP-EXP-528,ACC-528,TrueNorthAutomation Technologies 528 - Usage Expansion,proposal,47853.51,2025-11-05,expansion,Ana Rodriguez,2025-06-17T14:00:00
OPP-REN-529,ACC-529,NorthstarSecurity Technologies 529 - Annual Renewal,negotiation,31034.04,2025-08-29,renewal,Priya Patel,2025-06-05T14:00:00
OPP-EXP-529,ACC-529,NorthstarSecurity Technologies 529 - Usage Expansion,qualification,13386.05,2025-10-20,expansion,Priya Patel,2025-06-20T14:00:00
OPP-REN-530,ACC-530,BluePeakSecurity Technologies 530 - Annual Renewal,proposal,309369.19,2025-12-02,renewal,Ana Rodriguez,2025-04-25T14:00:00
OPP-REN-532,ACC-532,EvergreenSecurity Technologies 532 - Annual Renewal,proposal,162960.88,2025-12-06,renewal,Ana Rodriguez,2025-05-15T14:00:00
OPP-REN-533,ACC-533,SilverlineSecurity Technologies 533 - Annual Renewal,proposal,24414.22,2025-08-14,renewal,James Wilson,2025-05-14T14:00:00
OPP-REN-534,ACC-534,KeystoneSecurity Technologies 534 - Annual Renewal,negotiation,32825.12,2025-08-13,renewal,Priya Patel,2025-05-07T14:00:00
OPP-EXP-534,ACC-534,KeystoneSecurity Technologies 534 - Usage Expansion,prospecting,12457.1,2025-12-05,expansion,Priya Patel,2025-06-02T14:00:00
OPP-REN-535,ACC-535,SummitSecurity Technologies 535 - Annual Renewal,proposal,25717.9,2025-12-08,renewal,James Wilson,2025-05-31T14:00:00
OPP-REN-536,ACC-536,RiverbendSecurity Technologies 536 - Annual Renewal,qualification,122535.6,2025-08-01,renewal,Sarah Chen,2025-05-10T14:00:00
OPP-REN-537,ACC-537,IroncladSecurity Technologies 537 - Annual Renewal,proposal,11912.9,2025-08-04,renewal,Sarah Chen,2025-05-21T14:00:00
OPP-EXP-537,ACC-537,IroncladSecurity Technologies 537 - Usage Expansion,qualification,8711.32,2025-09-17,expansion,Sarah Chen,2025-06-12T14:00:00
OPP-REN-538,ACC-538,BrightForgeSecurity Technologies 538 - Annual Renewal,qualification,267226.62,2025-12-03,renewal,Marcus Johnson,2025-06-09T14:00:00
OPP-REN-539,ACC-539,CoreSignalSecurity Technologies 539 - Annual Renewal,negotiation,124245.64,2025-08-21,renewal,James Wilson,2025-06-13T14:00:00
OPP-REN-540,ACC-540,TrueNorthSecurity Technologies 540 - Annual Renewal,negotiation,118919.93,2025-09-09,renewal,Sarah Chen,2025-04-13T14:00:00
OPP-EXP-540,ACC-540,TrueNorthSecurity Technologies 540 - Usage Expansion,closed_lost,48007.53,2025-10-04,expansion,Sarah Chen,2025-06-16T14:00:00
OPP-REN-541,ACC-541,NorthstarCommerce Technologies 541 - Annual Renewal,qualification,118460.41,2025-07-29,renewal,Sarah Chen,2025-05-19T14:00:00
OPP-REN-542,ACC-542,BluePeakCommerce Technologies 542 - Annual Renewal,qualification,531879.87,2025-11-08,renewal,Sarah Chen,2025-06-11T14:00:00
OPP-REN-543,ACC-543,ClearPathCommerce Technologies 543 - Annual Renewal,proposal,26254.23,2025-10-15,renewal,Priya Patel,2025-06-18T14:00:00
OPP-REN-544,ACC-544,EvergreenCommerce Technologies 544 - Annual Renewal,proposal,515350.71,2025-09-15,renewal,James Wilson,2025-04-21T14:00:00
OPP-REN-545,ACC-545,SilverlineCommerce Technologies 545 - Annual Renewal,negotiation,111177.79,2025-12-11,renewal,James Wilson,2025-05-18T14:00:00
OPP-REN-546,ACC-546,KeystoneCommerce Technologies 546 - Annual Renewal,proposal,192502.17,2025-12-11,renewal,Ana Rodriguez,2025-05-11T14:00:00
OPP-REN-547,ACC-547,SummitCommerce Technologies 547 - Annual Renewal,negotiation,184509.18,2026-01-04,renewal,Ana Rodriguez,2025-06-22T14:00:00
OPP-REN-548,ACC-548,RiverbendCommerce Technologies 548 - Annual Renewal,proposal,97747.06,2025-09-21,renewal,Marcus Johnson,2025-05-15T14:00:00
OPP-REN-549,ACC-549,IroncladCommerce Technologies 549 - Annual Renewal,qualification,526718.27,2025-09-21,renewal,Ana Rodriguez,2025-06-26T14:00:00
OPP-REN-550,ACC-550,BrightForgeCommerce Technologies 550 - Annual Renewal,proposal,144315.48,2025-09-08,renewal,James Wilson,2025-06-01T14:00:00
OPP-REN-551,ACC-551,CoreSignalCommerce Technologies 551 - Annual Renewal,negotiation,165431.06,2025-09-02,renewal,Marcus Johnson,2025-06-25T14:00:00
OPP-EXP-551,ACC-551,CoreSignalCommerce Technologies 551 - Usage Expansion,closed_lost,101605.19,2025-11-23,expansion,Marcus Johnson,2025-06-16T14:00:00
OPP-REN-552,ACC-552,TrueNorthCommerce Technologies 552 - Annual Renewal,negotiation,66972.78,2025-10-28,renewal,Priya Patel,2025-05-04T14:00:00
OPP-REN-553,ACC-553,NorthstarHealth Technologies 553 - Annual Renewal,qualification,359519.59,2025-09-06,renewal,Sarah Chen,2025-05-03T14:00:00
OPP-REN-554,ACC-554,BluePeakHealth Technologies 554 - Annual Renewal,qualification,371972.09,2025-08-17,renewal,Ana Rodriguez,2025-05-30T14:00:00
OPP-REN-555,ACC-555,ClearPathHealth Technologies 555 - Annual Renewal,proposal,163876.01,2025-09-21,renewal,James Wilson,2025-06-21T14:00:00
OPP-EXP-555,ACC-555,ClearPathHealth Technologies 555 - Usage Expansion,closed_lost,46573.31,2025-12-05,expansion,James Wilson,2025-06-25T14:00:00
OPP-REN-556,ACC-556,EvergreenHealth Technologies 556 - Annual Renewal,negotiation,462698.9,2025-11-08,renewal,Marcus Johnson,2025-06-29T14:00:00
OPP-EXP-556,ACC-556,EvergreenHealth Technologies 556 - Usage Expansion,proposal,163653.96,2025-11-26,expansion,Marcus Johnson,2025-06-27T14:00:00
OPP-REN-557,ACC-557,SilverlineHealth Technologies 557 - Annual Renewal,qualification,448804.31,2025-09-01,renewal,Marcus Johnson,2025-05-03T14:00:00
OPP-EXP-557,ACC-557,SilverlineHealth Technologies 557 - Usage Expansion,closed_lost,128115.17,2025-11-03,expansion,Marcus Johnson,2025-06-22T14:00:00
OPP-REN-558,ACC-558,KeystoneHealth Technologies 558 - Annual Renewal,proposal,178333.68,2025-12-10,renewal,Ana Rodriguez,2025-06-08T14:00:00
OPP-REN-559,ACC-559,SummitHealth Technologies 559 - Annual Renewal,proposal,313944.45,2025-11-26,renewal,Ana Rodriguez,2025-05-13T14:00:00
OPP-EXP-559,ACC-559,SummitHealth Technologies 559 - Usage Expansion,proposal,209818.34,2025-08-04,expansion,Ana Rodriguez,2025-06-18T14:00:00
OPP-REN-560,ACC-560,RiverbendHealth Technologies 560 - Annual Renewal,negotiation,9414.76,2025-12-31,renewal,Ana Rodriguez,2025-05-06T14:00:00
OPP-REN-561,ACC-561,IroncladHealth Technologies 561 - Annual Renewal,negotiation,595035.36,2025-10-27,renewal,Marcus Johnson,2025-04-13T14:00:00
OPP-REN-562,ACC-562,BrightForgeHealth Technologies 562 - Annual Renewal,negotiation,104046.7,2025-08-20,renewal,Sarah Chen,2025-05-24T14:00:00
OPP-REN-563,ACC-563,CoreSignalHealth Technologies 563 - Annual Renewal,qualification,84176.4,2025-12-03,renewal,Ana Rodriguez,2025-05-28T14:00:00
OPP-REN-564,ACC-564,TrueNorthHealth Technologies 564 - Annual Renewal,negotiation,118213.74,2025-12-13,renewal,Ana Rodriguez,2025-06-03T14:00:00
OPP-EXP-564,ACC-564,TrueNorthHealth Technologies 564 - Usage Expansion,prospecting,70674.22,2025-10-28,expansion,Ana Rodriguez,2025-06-07T14:00:00
OPP-REN-565,ACC-565,NorthstarLogistics Technologies 565 - Annual Renewal,negotiation,78835.8,2025-12-05,renewal,Sarah Chen,2025-06-30T14:00:00
OPP-REN-566,ACC-566,BluePeakLogistics Technologies 566 - Annual Renewal,qualification,148240.67,2025-11-24,renewal,Marcus Johnson,2025-04-21T14:00:00
OPP-REN-567,ACC-567,ClearPathLogistics Technologies 567 - Annual Renewal,negotiation,143946.93,2025-09-19,renewal,Ana Rodriguez,2025-05-19T14:00:00
OPP-REN-568,ACC-568,EvergreenLogistics Technologies 568 - Annual Renewal,negotiation,34713.5,2025-09-05,renewal,Priya Patel,2025-05-24T14:00:00
OPP-REN-569,ACC-569,SilverlineLogistics Technologies 569 - Annual Renewal,negotiation,16489.03,2025-08-10,renewal,Marcus Johnson,2025-06-02T14:00:00
OPP-EXP-569,ACC-569,SilverlineLogistics Technologies 569 - Usage Expansion,closed_lost,10323.14,2025-10-14,expansion,Marcus Johnson,2025-06-29T14:00:00
OPP-REN-570,ACC-570,KeystoneLogistics Technologies 570 - Annual Renewal,qualification,496200.99,2025-11-03,renewal,James Wilson,2025-05-15T14:00:00
OPP-REN-571,ACC-571,SummitLogistics Technologies 571 - Annual Renewal,negotiation,183438.56,2025-12-29,renewal,Sarah Chen,2025-06-25T14:00:00
OPP-REN-572,ACC-572,RiverbendLogistics Technologies 572 - Annual Renewal,proposal,165657.24,2025-08-25,renewal,Priya Patel,2025-06-29T14:00:00
OPP-REN-573,ACC-573,IroncladLogistics Technologies 573 - Annual Renewal,qualification,42440.21,2025-09-19,renewal,Sarah Chen,2025-06-15T14:00:00
OPP-EXP-573,ACC-573,IroncladLogistics Technologies 573 - Usage Expansion,closed_lost,20816.69,2025-08-17,expansion,Sarah Chen,2025-06-25T14:00:00
OPP-REN-574,ACC-574,BrightForgeLogistics Technologies 574 - Annual Renewal,negotiation,105763.65,2025-11-29,renewal,Sarah Chen,2025-05-17T14:00:00
OPP-REN-575,ACC-575,CoreSignalLogistics Technologies 575 - Annual Renewal,qualification,394821.55,2025-11-06,renewal,Marcus Johnson,2025-06-14T14:00:00
OPP-EXP-575,ACC-575,CoreSignalLogistics Technologies 575 - Usage Expansion,prospecting,130498.17,2025-11-09,expansion,Marcus Johnson,2025-06-22T14:00:00
OPP-REN-576,ACC-576,TrueNorthLogistics Technologies 576 - Annual Renewal,proposal,92479.57,2025-11-11,renewal,Ana Rodriguez,2025-05-19T14:00:00
OPP-REN-577,ACC-577,NorthstarAnalytics Software 577 - Annual Renewal,negotiation,128390.15,2025-08-31,renewal,Priya Patel,2025-06-13T14:00:00
OPP-REN-578,ACC-578,BluePeakAnalytics Software 578 - Annual Renewal,negotiation,571944.88,2025-08-02,renewal,James Wilson,2025-05-21T14:00:00
OPP-REN-579,ACC-579,ClearPathAnalytics Software 579 - Annual Renewal,negotiation,13371.44,2025-12-21,renewal,Sarah Chen,2025-05-09T14:00:00
OPP-REN-580,ACC-580,EvergreenAnalytics Software 580 - Annual Renewal,qualification,38919.85,2025-08-06,renewal,Marcus Johnson,2025-06-12T14:00:00
OPP-REN-581,ACC-581,SilverlineAnalytics Software 581 - Annual Renewal,proposal,86569.29,2025-08-19,renewal,Priya Patel,2025-06-12T14:00:00
OPP-REN-582,ACC-582,KeystoneAnalytics Software 582 - Annual Renewal,qualification,96380.65,2025-08-04,renewal,Marcus Johnson,2025-04-22T14:00:00
OPP-EXP-582,ACC-582,KeystoneAnalytics Software 582 - Usage Expansion,prospecting,56562.05,2025-12-05,expansion,Marcus Johnson,2025-06-01T14:00:00
OPP-REN-583,ACC-583,SummitAnalytics Software 583 - Annual Renewal,qualification,227591.84,2025-09-14,renewal,Marcus Johnson,2025-04-11T14:00:00
OPP-REN-585,ACC-585,IroncladAnalytics Software 585 - Annual Renewal,proposal,187445.41,2025-10-13,renewal,James Wilson,2025-04-11T14:00:00
OPP-REN-586,ACC-586,BrightForgeAnalytics Software 586 - Annual Renewal,qualification,371534.96,2025-12-13,renewal,Sarah Chen,2025-06-01T14:00:00
OPP-REN-587,ACC-587,CoreSignalAnalytics Software 587 - Annual Renewal,negotiation,95267.45,2025-11-19,renewal,James Wilson,2025-04-18T14:00:00
OPP-REN-588,ACC-588,TrueNorthAnalytics Software 588 - Annual Renewal,negotiation,12857.0,2025-09-03,renewal,Ana Rodriguez,2025-04-11T14:00:00
OPP-REN-589,ACC-589,NorthstarCloud Software 589 - Annual Renewal,proposal,79923.87,2025-07-31,renewal,Marcus Johnson,2025-06-13T14:00:00
OPP-REN-590,ACC-590,BluePeakCloud Software 590 - Annual Renewal,proposal,609981.26,2025-08-20,renewal,Sarah Chen,2025-06-20T14:00:00
OPP-EXP-590,ACC-590,BluePeakCloud Software 590 - Usage Expansion,closed_lost,467848.72,2025-11-29,expansion,Sarah Chen,2025-06-27T14:00:00
OPP-REN-591,ACC-591,ClearPathCloud Software 591 - Annual Renewal,negotiation,146944.16,2025-11-05,renewal,James Wilson,2025-06-23T14:00:00
OPP-EXP-591,ACC-591,ClearPathCloud Software 591 - Usage Expansion,qualification,111363.42,2025-09-05,expansion,James Wilson,2025-05-31T14:00:00
OPP-REN-592,ACC-592,EvergreenCloud Software 592 - Annual Renewal,proposal,66889.77,2025-10-07,renewal,Priya Patel,2025-05-09T14:00:00
OPP-REN-593,ACC-593,SilverlineCloud Software 593 - Annual Renewal,qualification,480003.93,2025-11-22,renewal,Ana Rodriguez,2025-06-09T14:00:00
OPP-EXP-593,ACC-593,SilverlineCloud Software 593 - Usage Expansion,closed_lost,351682.35,2025-10-10,expansion,Ana Rodriguez,2025-07-05T14:00:00
OPP-REN-594,ACC-594,KeystoneCloud Software 594 - Annual Renewal,qualification,8912.03,2025-11-01,renewal,Marcus Johnson,2025-04-25T14:00:00
OPP-REN-595,ACC-595,SummitCloud Software 595 - Annual Renewal,negotiation,175116.17,2025-09-13,renewal,Priya Patel,2025-04-21T14:00:00
OPP-EXP-595,ACC-595,SummitCloud Software 595 - Usage Expansion,prospecting,126231.99,2025-11-20,expansion,Priya Patel,2025-06-10T14:00:00
OPP-REN-596,ACC-596,RiverbendCloud Software 596 - Annual Renewal,negotiation,40458.83,2025-11-25,renewal,James Wilson,2025-06-25T14:00:00
OPP-REN-597,ACC-597,IroncladCloud Software 597 - Annual Renewal,proposal,147719.5,2025-08-25,renewal,Ana Rodriguez,2025-06-27T14:00:00
OPP-REN-598,ACC-598,BrightForgeCloud Software 598 - Annual Renewal,proposal,12487.42,2025-08-06,renewal,Priya Patel,2025-04-15T14:00:00
OPP-EXP-598,ACC-598,BrightForgeCloud Software 598 - Usage Expansion,proposal,3917.38,2025-09-09,expansion,Priya Patel,2025-06-01T14:00:00
OPP-REN-599,ACC-599,CoreSignalCloud Software 599 - Annual Renewal,proposal,415507.31,2025-12-21,renewal,Sarah Chen,2025-05-24T14:00:00
OPP-EXP-599,ACC-599,CoreSignalCloud Software 599 - Usage Expansion,prospecting,322520.04,2025-09-13,expansion,Sarah Chen,2025-06-06T14:00:00
OPP-REN-600,ACC-600,TrueNorthCloud Software 600 - Annual Renewal,qualification,311092.64,2025-12-18,renewal,Sarah Chen,2025-05-17T14:00:00
OPP-EXP-600,ACC-600,TrueNorthCloud Software 600 - Usage Expansion,closed_lost,227346.11,2025-11-19,expansion,Sarah Chen,2025-06-23T14:00:00
OPP-REN-601,ACC-601,NorthstarData Software 601 - Annual Renewal,proposal,92994.83,2025-11-02,renewal,Ana Rodriguez,2025-05-15T14:00:00
OPP-REN-602,ACC-602,BluePeakData Software 602 - Annual Renewal,proposal,56672.15,2025-09-19,renewal,Ana Rodriguez,2025-05-26T14:00:00
OPP-REN-603,ACC-603,ClearPathData Software 603 - Annual Renewal,proposal,221798.54,2025-08-23,renewal,Sarah Chen,2025-05-15T14:00:00
OPP-EXP-603,ACC-603,ClearPathData Software 603 - Usage Expansion,closed_lost,166188.6,2025-10-02,expansion,Sarah Chen,2025-06-23T14:00:00
OPP-REN-604,ACC-604,EvergreenData Software 604 - Annual Renewal,negotiation,13282.82,2025-12-20,renewal,James Wilson,2025-05-31T14:00:00
OPP-REN-605,ACC-605,SilverlineData Software 605 - Annual Renewal,proposal,157671.44,2025-10-06,renewal,Sarah Chen,2025-05-12T14:00:00
OPP-REN-606,ACC-606,KeystoneData Software 606 - Annual Renewal,qualification,211710.18,2025-10-05,renewal,Marcus Johnson,2025-04-23T14:00:00
OPP-EXP-606,ACC-606,KeystoneData Software 606 - Usage Expansion,closed_lost,45803.45,2025-10-20,expansion,Marcus Johnson,2025-06-19T14:00:00
OPP-REN-607,ACC-607,SummitData Software 607 - Annual Renewal,negotiation,397241.79,2025-09-10,renewal,James Wilson,2025-06-02T14:00:00
OPP-REN-608,ACC-608,RiverbendData Software 608 - Annual Renewal,qualification,513039.79,2025-09-06,renewal,Marcus Johnson,2025-06-19T14:00:00
OPP-REN-609,ACC-609,IroncladData Software 609 - Annual Renewal,qualification,31850.99,2025-12-08,renewal,James Wilson,2025-06-05T14:00:00
OPP-EXP-609,ACC-609,IroncladData Software 609 - Usage Expansion,closed_lost,21051.38,2025-11-26,expansion,James Wilson,2025-06-03T14:00:00
OPP-REN-610,ACC-610,BrightForgeData Software 610 - Annual Renewal,qualification,188406.22,2025-11-05,renewal,Priya Patel,2025-04-21T14:00:00
OPP-REN-611,ACC-611,CoreSignalData Software 611 - Annual Renewal,proposal,570561.99,2025-12-07,renewal,Priya Patel,2025-05-19T14:00:00
OPP-REN-612,ACC-612,TrueNorthData Software 612 - Annual Renewal,qualification,19390.37,2025-10-02,renewal,Priya Patel,2025-04-26T14:00:00
OPP-EXP-612,ACC-612,TrueNorthData Software 612 - Usage Expansion,proposal,3803.0,2025-11-01,expansion,Priya Patel,2025-05-30T14:00:00
OPP-REN-613,ACC-613,NorthstarMetrics Software 613 - Annual Renewal,negotiation,667525.29,2025-09-24,renewal,Sarah Chen,2025-05-09T14:00:00
OPP-REN-614,ACC-614,BluePeakMetrics Software 614 - Annual Renewal,proposal,51868.16,2025-11-20,renewal,Ana Rodriguez,2025-06-24T14:00:00
OPP-EXP-614,ACC-614,BluePeakMetrics Software 614 - Usage Expansion,prospecting,36282.86,2025-10-20,expansion,Ana Rodriguez,2025-06-01T14:00:00
OPP-REN-615,ACC-615,ClearPathMetrics Software 615 - Annual Renewal,qualification,566664.48,2025-08-03,renewal,Ana Rodriguez,2025-05-30T14:00:00
OPP-EXP-615,ACC-615,ClearPathMetrics Software 615 - Usage Expansion,closed_lost,341501.81,2025-08-02,expansion,Ana Rodriguez,2025-07-03T14:00:00
OPP-REN-616,ACC-616,EvergreenMetrics Software 616 - Annual Renewal,negotiation,42457.19,2025-09-01,renewal,Sarah Chen,2025-05-18T14:00:00
OPP-REN-617,ACC-617,SilverlineMetrics Software 617 - Annual Renewal,qualification,110170.35,2025-09-03,renewal,Marcus Johnson,2025-04-18T14:00:00
OPP-EXP-617,ACC-617,SilverlineMetrics Software 617 - Usage Expansion,prospecting,31973.56,2025-11-16,expansion,Marcus Johnson,2025-06-26T14:00:00
OPP-REN-618,ACC-618,KeystoneMetrics Software 618 - Annual Renewal,negotiation,204682.69,2025-12-04,renewal,James Wilson,2025-05-11T14:00:00
OPP-REN-619,ACC-619,SummitMetrics Software 619 - Annual Renewal,negotiation,637927.38,2025-11-08,renewal,Priya Patel,2025-06-23T14:00:00
OPP-REN-620,ACC-620,RiverbendMetrics Software 620 - Annual Renewal,negotiation,366404.08,2025-08-11,renewal,Ana Rodriguez,2025-05-04T14:00:00
OPP-REN-621,ACC-621,IroncladMetrics Software 621 - Annual Renewal,proposal,437887.07,2025-09-02,renewal,Sarah Chen,2025-04-19T14:00:00
OPP-EXP-621,ACC-621,IroncladMetrics Software 621 - Usage Expansion,prospecting,195375.22,2025-10-03,expansion,Sarah Chen,2025-06-18T14:00:00
OPP-REN-622,ACC-622,BrightForgeMetrics Software 622 - Annual Renewal,negotiation,37445.1,2025-12-17,renewal,Priya Patel,2025-05-16T14:00:00
OPP-REN-623,ACC-623,CoreSignalMetrics Software 623 - Annual Renewal,proposal,107667.65,2025-12-21,renewal,Priya Patel,2025-04-16T14:00:00
OPP-REN-624,ACC-624,TrueNorthMetrics Software 624 - Annual Renewal,qualification,152843.72,2025-10-28,renewal,James Wilson,2025-04-30T14:00:00
OPP-REN-625,ACC-625,NorthstarOps Software 625 - Annual Renewal,negotiation,41924.76,2025-12-11,renewal,Ana Rodriguez,2025-05-26T14:00:00
OPP-REN-626,ACC-626,BluePeakOps Software 626 - Annual Renewal,negotiation,385018.05,2025-11-06,renewal,Marcus Johnson,2025-06-21T14:00:00
OPP-EXP-626,ACC-626,BluePeakOps Software 626 - Usage Expansion,prospecting,185593.19,2025-12-06,expansion,Marcus Johnson,2025-06-23T14:00:00
OPP-REN-627,ACC-627,ClearPathOps Software 627 - Annual Renewal,proposal,165436.02,2025-10-04,renewal,Sarah Chen,2025-04-16T14:00:00
OPP-REN-628,ACC-628,EvergreenOps Software 628 - Annual Renewal,negotiation,20793.34,2025-10-23,renewal,Sarah Chen,2025-05-19T14:00:00
OPP-EXP-628,ACC-628,EvergreenOps Software 628 - Usage Expansion,closed_lost,7469.4,2025-11-04,expansion,Sarah Chen,2025-06-19T14:00:00
OPP-REN-629,ACC-629,SilverlineOps Software 629 - Annual Renewal,negotiation,22273.74,2025-12-08,renewal,Marcus Johnson,2025-05-11T14:00:00
OPP-REN-630,ACC-630,KeystoneOps Software 630 - Annual Renewal,proposal,295736.29,2025-12-05,renewal,Ana Rodriguez,2025-05-31T14:00:00
OPP-EXP-630,ACC-630,KeystoneOps Software 630 - Usage Expansion,proposal,131407.06,2025-10-27,expansion,Ana Rodriguez,2025-06-15T14:00:00
OPP-REN-631,ACC-631,SummitOps Software 631 - Annual Renewal,qualification,23587.57,2025-12-03,renewal,Ana Rodriguez,2025-04-30T14:00:00
OPP-REN-632,ACC-632,RiverbendOps Software 632 - Annual Renewal,qualification,589981.45,2025-10-06,renewal,Sarah Chen,2025-06-04T14:00:00
OPP-REN-633,ACC-633,IroncladOps Software 633 - Annual Renewal,negotiation,511221.96,2025-10-25,renewal,Marcus Johnson,2025-06-24T14:00:00
OPP-EXP-633,ACC-633,IroncladOps Software 633 - Usage Expansion,prospecting,144425.81,2025-10-15,expansion,Marcus Johnson,2025-06-15T14:00:00
OPP-REN-634,ACC-634,BrightForgeOps Software 634 - Annual Renewal,negotiation,337504.46,2025-10-29,renewal,James Wilson,2025-06-17T14:00:00
OPP-REN-635,ACC-635,CoreSignalOps Software 635 - Annual Renewal,proposal,83582.8,2026-01-04,renewal,Marcus Johnson,2025-05-07T14:00:00
OPP-REN-636,ACC-636,TrueNorthOps Software 636 - Annual Renewal,negotiation,61397.16,2025-12-18,renewal,Sarah Chen,2025-05-06T14:00:00
OPP-REN-638,ACC-638,BluePeakRevenue Software 638 - Annual Renewal,proposal,334153.86,2025-09-19,renewal,Priya Patel,2025-05-20T14:00:00
OPP-REN-639,ACC-639,ClearPathRevenue Software 639 - Annual Renewal,qualification,523027.42,2025-12-29,renewal,Ana Rodriguez,2025-05-25T14:00:00
OPP-REN-640,ACC-640,EvergreenRevenue Software 640 - Annual Renewal,qualification,19144.98,2025-09-01,renewal,Marcus Johnson,2025-06-21T14:00:00
OPP-REN-641,ACC-641,SilverlineRevenue Software 641 - Annual Renewal,negotiation,162538.64,2025-11-02,renewal,Priya Patel,2025-06-23T14:00:00
OPP-EXP-641,ACC-641,SilverlineRevenue Software 641 - Usage Expansion,proposal,124960.42,2025-10-18,expansion,Priya Patel,2025-06-14T14:00:00
OPP-REN-642,ACC-642,KeystoneRevenue Software 642 - Annual Renewal,negotiation,37056.44,2025-10-21,renewal,Sarah Chen,2025-06-06T14:00:00
OPP-REN-643,ACC-643,SummitRevenue Software 643 - Annual Renewal,proposal,12752.96,2025-10-02,renewal,Sarah Chen,2025-04-26T14:00:00
OPP-REN-644,ACC-644,RiverbendRevenue Software 644 - Annual Renewal,negotiation,380290.9,2026-01-03,renewal,Sarah Chen,2025-05-09T14:00:00
OPP-EXP-644,ACC-644,RiverbendRevenue Software 644 - Usage Expansion,proposal,138434.07,2025-09-23,expansion,Sarah Chen,2025-06-03T14:00:00
OPP-REN-645,ACC-645,IroncladRevenue Software 645 - Annual Renewal,negotiation,586373.55,2025-12-29,renewal,Sarah Chen,2025-05-07T14:00:00
OPP-REN-646,ACC-646,BrightForgeRevenue Software 646 - Annual Renewal,negotiation,23076.67,2025-09-22,renewal,Sarah Chen,2025-06-09T14:00:00
OPP-REN-647,ACC-647,CoreSignalRevenue Software 647 - Annual Renewal,negotiation,124057.1,2025-09-27,renewal,Marcus Johnson,2025-06-26T14:00:00
OPP-EXP-647,ACC-647,CoreSignalRevenue Software 647 - Usage Expansion,qualification,99174.83,2025-09-16,expansion,Marcus Johnson,2025-06-08T14:00:00
OPP-REN-648,ACC-648,TrueNorthRevenue Software 648 - Annual Renewal,qualification,21429.96,2025-10-15,renewal,James Wilson,2025-06-14T14:00:00
OPP-REN-649,ACC-649,NorthstarWorkflow Software 649 - Annual Renewal,qualification,203678.15,2025-11-18,renewal,Priya Patel,2025-04-17T14:00:00
OPP-REN-650,ACC-650,BluePeakWorkflow Software 650 - Annual Renewal,negotiation,9178.08,2025-12-24,renewal,Priya Patel,2025-05-19T14:00:00
OPP-EXP-650,ACC-650,BluePeakWorkflow Software 650 - Usage Expansion,proposal,4283.3,2025-11-29,expansion,Priya Patel,2025-06-22T14:00:00
OPP-REN-651,ACC-651,ClearPathWorkflow Software 651 - Annual Renewal,qualification,24287.05,2025-12-15,renewal,Priya Patel,2025-04-24T14:00:00
OPP-REN-652,ACC-652,EvergreenWorkflow Software 652 - Annual Renewal,proposal,501326.26,2025-08-21,renewal,Ana Rodriguez,2025-06-01T14:00:00
OPP-EXP-652,ACC-652,EvergreenWorkflow Software 652 - Usage Expansion,closed_lost,405639.87,2025-09-03,expansion,Ana Rodriguez,2025-06-07T14:00:00
OPP-REN-653,ACC-653,SilverlineWorkflow Software 653 - Annual Renewal,proposal,26484.33,2026-01-03,renewal,James Wilson,2025-04-26T14:00:00
OPP-EXP-653,ACC-653,SilverlineWorkflow Software 653 - Usage Expansion,closed_lost,16245.68,2025-10-25,expansion,James Wilson,2025-06-09T14:00:00
OPP-REN-654,ACC-654,KeystoneWorkflow Software 654 - Annual Renewal,qualification,128272.95,2025-09-18,renewal,Ana Rodriguez,2025-06-03T14:00:00
OPP-REN-655,ACC-655,SummitWorkflow Software 655 - Annual Renewal,negotiation,74007.23,2025-10-04,renewal,Priya Patel,2025-05-02T14:00:00
OPP-REN-656,ACC-656,RiverbendWorkflow Software 656 - Annual Renewal,negotiation,585344.68,2025-10-29,renewal,Priya Patel,2025-06-20T14:00:00
OPP-EXP-656,ACC-656,RiverbendWorkflow Software 656 - Usage Expansion,prospecting,176000.49,2025-11-03,expansion,Priya Patel,2025-06-12T14:00:00
OPP-REN-657,ACC-657,IroncladWorkflow Software 657 - Annual Renewal,proposal,26000.7,2025-09-10,renewal,Marcus Johnson,2025-05-08T14:00:00
OPP-REN-658,ACC-658,BrightForgeWorkflow Software 658 - Annual Renewal,qualification,89441.81,2025-07-28,renewal,Sarah Chen,2025-05-10T14:00:00
OPP-REN-659,ACC-659,CoreSignalWorkflow Software 659 - Annual Renewal,proposal,35111.28,2025-07-28,renewal,Marcus Johnson,2025-06-23T14:00:00
OPP-REN-660,ACC-660,TrueNorthWorkflow Software 660 - Annual Renewal,proposal,185505.42,2025-10-15,renewal,Priya Patel,2025-06-10T14:00:00
OPP-REN-661,ACC-661,NorthstarAutomation Software 661 - Annual Renewal,qualification,104599.42,2025-12-23,renewal,Ana Rodriguez,2025-04-22T14:00:00
OPP-EXP-661,ACC-661,NorthstarAutomation Software 661 - Usage Expansion,closed_lost,55448.45,2025-09-27,expansion,Ana Rodriguez,2025-05-31T14:00:00
OPP-REN-662,ACC-662,BluePeakAutomation Software 662 - Annual Renewal,qualification,75505.59,2025-09-15,renewal,James Wilson,2025-06-04T14:00:00
OPP-EXP-662,ACC-662,BluePeakAutomation Software 662 - Usage Expansion,prospecting,26130.39,2025-10-22,expansion,James Wilson,2025-05-29T14:00:00
OPP-REN-663,ACC-663,ClearPathAutomation Software 663 - Annual Renewal,negotiation,198981.87,2025-11-18,renewal,Sarah Chen,2025-05-23T14:00:00
OPP-REN-664,ACC-664,EvergreenAutomation Software 664 - Annual Renewal,negotiation,443224.26,2025-09-26,renewal,Sarah Chen,2025-04-30T14:00:00
OPP-EXP-664,ACC-664,EvergreenAutomation Software 664 - Usage Expansion,qualification,274885.18,2025-11-22,expansion,Sarah Chen,2025-06-07T14:00:00
OPP-REN-665,ACC-665,SilverlineAutomation Software 665 - Annual Renewal,negotiation,245244.77,2025-09-03,renewal,Marcus Johnson,2025-04-29T14:00:00
OPP-REN-666,ACC-666,KeystoneAutomation Software 666 - Annual Renewal,negotiation,146416.43,2025-10-09,renewal,Marcus Johnson,2025-05-16T14:00:00
OPP-REN-667,ACC-667,SummitAutomation Software 667 - Annual Renewal,qualification,212979.46,2025-08-04,renewal,Priya Patel,2025-06-14T14:00:00
OPP-EXP-667,ACC-667,SummitAutomation Software 667 - Usage Expansion,qualification,141587.45,2025-11-25,expansion,Priya Patel,2025-06-01T14:00:00
OPP-REN-668,ACC-668,RiverbendAutomation Software 668 - Annual Renewal,negotiation,330882.58,2025-08-22,renewal,Marcus Johnson,2025-04-13T14:00:00
OPP-REN-669,ACC-669,IroncladAutomation Software 669 - Annual Renewal,qualification,34922.65,2025-10-26,renewal,Priya Patel,2025-04-24T14:00:00
OPP-REN-670,ACC-670,BrightForgeAutomation Software 670 - Annual Renewal,negotiation,31581.05,2025-10-10,renewal,Marcus Johnson,2025-06-25T14:00:00
OPP-REN-671,ACC-671,CoreSignalAutomation Software 671 - Annual Renewal,proposal,333411.61,2025-08-30,renewal,Priya Patel,2025-06-18T14:00:00
OPP-REN-672,ACC-672,TrueNorthAutomation Software 672 - Annual Renewal,qualification,210884.28,2025-11-13,renewal,Ana Rodriguez,2025-06-29T14:00:00
OPP-EXP-672,ACC-672,TrueNorthAutomation Software 672 - Usage Expansion,qualification,58141.22,2025-12-01,expansion,Ana Rodriguez,2025-06-27T14:00:00
OPP-REN-673,ACC-673,NorthstarSecurity Software 673 - Annual Renewal,proposal,9101.01,2025-12-08,renewal,Ana Rodriguez,2025-05-05T14:00:00
OPP-EXP-673,ACC-673,NorthstarSecurity Software 673 - Usage Expansion,proposal,3579.53,2025-10-07,expansion,Ana Rodriguez,2025-05-29T14:00:00
OPP-REN-674,ACC-674,BluePeakSecurity Software 674 - Annual Renewal,proposal,208730.43,2025-12-29,renewal,Marcus Johnson,2025-06-18T14:00:00
OPP-REN-675,ACC-675,ClearPathSecurity Software 675 - Annual Renewal,proposal,353405.06,2025-12-26,renewal,Priya Patel,2025-05-21T14:00:00
OPP-REN-676,ACC-676,EvergreenSecurity Software 676 - Annual Renewal,negotiation,11016.68,2025-12-31,renewal,James Wilson,2025-06-28T14:00:00
OPP-REN-677,ACC-677,SilverlineSecurity Software 677 - Annual Renewal,proposal,526588.04,2025-11-11,renewal,Priya Patel,2025-04-30T14:00:00
OPP-REN-678,ACC-678,KeystoneSecurity Software 678 - Annual Renewal,proposal,180640.58,2025-09-17,renewal,James Wilson,2025-06-20T14:00:00
OPP-EXP-678,ACC-678,KeystoneSecurity Software 678 - Usage Expansion,qualification,34374.36,2025-11-01,expansion,James Wilson,2025-07-02T14:00:00
OPP-REN-679,ACC-679,SummitSecurity Software 679 - Annual Renewal,proposal,71608.24,2025-09-26,renewal,James Wilson,2025-04-21T14:00:00
OPP-REN-680,ACC-680,RiverbendSecurity Software 680 - Annual Renewal,proposal,108811.87,2026-01-02,renewal,James Wilson,2025-05-06T14:00:00
OPP-REN-681,ACC-681,IroncladSecurity Software 681 - Annual Renewal,negotiation,82153.73,2025-07-30,renewal,James Wilson,2025-06-17T14:00:00
OPP-REN-682,ACC-682,BrightForgeSecurity Software 682 - Annual Renewal,qualification,18026.89,2025-08-18,renewal,Priya Patel,2025-05-08T14:00:00
OPP-REN-683,ACC-683,CoreSignalSecurity Software 683 - Annual Renewal,proposal,623965.63,2025-10-12,renewal,Marcus Johnson,2025-05-11T14:00:00
OPP-EXP-683,ACC-683,CoreSignalSecurity Software 683 - Usage Expansion,prospecting,402475.23,2025-11-28,expansion,Marcus Johnson,2025-06-19T14:00:00
OPP-REN-684,ACC-684,TrueNorthSecurity Software 684 - Annual Renewal,negotiation,41253.41,2025-11-30,renewal,Ana Rodriguez,2025-04-26T14:00:00
OPP-REN-685,ACC-685,NorthstarCommerce Software 685 - Annual Renewal,proposal,22664.99,2025-11-19,renewal,Ana Rodriguez,2025-04-25T14:00:00
OPP-EXP-685,ACC-685,NorthstarCommerce Software 685 - Usage Expansion,prospecting,4212.29,2025-09-22,expansion,Ana Rodriguez,2025-06-02T14:00:00
OPP-REN-686,ACC-686,BluePeakCommerce Software 686 - Annual Renewal,qualification,345547.29,2025-10-15,renewal,Marcus Johnson,2025-05-07T14:00:00
OPP-EXP-686,ACC-686,BluePeakCommerce Software 686 - Usage Expansion,closed_lost,201901.68,2025-11-02,expansion,Marcus Johnson,2025-05-27T14:00:00
OPP-REN-687,ACC-687,ClearPathCommerce Software 687 - Annual Renewal,negotiation,206752.1,2025-12-06,renewal,Ana Rodriguez,2025-06-30T14:00:00
OPP-REN-688,ACC-688,EvergreenCommerce Software 688 - Annual Renewal,negotiation,84283.59,2025-10-19,renewal,Sarah Chen,2025-05-28T14:00:00
OPP-EXP-688,ACC-688,EvergreenCommerce Software 688 - Usage Expansion,closed_lost,35655.63,2025-10-14,expansion,Sarah Chen,2025-05-30T14:00:00
OPP-REN-689,ACC-689,SilverlineCommerce Software 689 - Annual Renewal,qualification,129388.79,2025-12-21,renewal,Sarah Chen,2025-06-28T14:00:00
OPP-REN-691,ACC-691,SummitCommerce Software 691 - Annual Renewal,negotiation,283476.49,2025-10-03,renewal,Priya Patel,2025-04-30T14:00:00
OPP-REN-692,ACC-692,RiverbendCommerce Software 692 - Annual Renewal,negotiation,18484.02,2025-09-05,renewal,James Wilson,2025-05-27T14:00:00
OPP-REN-693,ACC-693,IroncladCommerce Software 693 - Annual Renewal,qualification,500933.19,2025-11-24,renewal,James Wilson,2025-04-11T14:00:00
OPP-REN-694,ACC-694,BrightForgeCommerce Software 694 - Annual Renewal,proposal,20559.66,2025-12-04,renewal,Sarah Chen,2025-05-21T14:00:00
OPP-EXP-694,ACC-694,BrightForgeCommerce Software 694 - Usage Expansion,proposal,15557.81,2025-10-24,expansion,Sarah Chen,2025-05-26T14:00:00
OPP-REN-695,ACC-695,CoreSignalCommerce Software 695 - Annual Renewal,negotiation,82271.13,2025-11-18,renewal,Priya Patel,2025-05-09T14:00:00
OPP-REN-696,ACC-696,TrueNorthCommerce Software 696 - Annual Renewal,negotiation,528235.48,2025-12-14,renewal,Sarah Chen,2025-05-06T14:00:00
OPP-REN-697,ACC-697,NorthstarHealth Software 697 - Annual Renewal,proposal,138377.92,2025-08-29,renewal,Ana Rodriguez,2025-06-19T14:00:00
OPP-REN-698,ACC-698,BluePeakHealth Software 698 - Annual Renewal,negotiation,373553.05,2025-08-19,renewal,Ana Rodriguez,2025-06-26T14:00:00
OPP-REN-699,ACC-699,ClearPathHealth Software 699 - Annual Renewal,qualification,208672.34,2025-12-13,renewal,Ana Rodriguez,2025-06-05T14:00:00
OPP-REN-700,ACC-700,EvergreenHealth Software 700 - Annual Renewal,qualification,112275.18,2025-09-13,renewal,Sarah Chen,2025-06-30T14:00:00
OPP-REN-701,ACC-701,SilverlineHealth Software 701 - Annual Renewal,proposal,35215.31,2025-08-07,renewal,Sarah Chen,2025-05-23T14:00:00
OPP-REN-702,ACC-702,KeystoneHealth Software 702 - Annual Renewal,proposal,13683.6,2025-09-16,renewal,Marcus Johnson,2025-05-12T14:00:00
OPP-EXP-702,ACC-702,KeystoneHealth Software 702 - Usage Expansion,closed_lost,6713.9,2025-09-23,expansion,Marcus Johnson,2025-05-26T14:00:00
OPP-REN-703,ACC-703,SummitHealth Software 703 - Annual Renewal,negotiation,217913.83,2025-11-15,renewal,James Wilson,2025-05-19T14:00:00
OPP-REN-704,ACC-704,RiverbendHealth Software 704 - Annual Renewal,proposal,597054.06,2025-07-29,renewal,Priya Patel,2025-06-04T14:00:00
OPP-EXP-704,ACC-704,RiverbendHealth Software 704 - Usage Expansion,prospecting,236542.61,2025-11-17,expansion,Priya Patel,2025-06-25T14:00:00
OPP-REN-705,ACC-705,IroncladHealth Software 705 - Annual Renewal,proposal,10278.41,2025-11-12,renewal,Ana Rodriguez,2025-05-13T14:00:00
OPP-EXP-705,ACC-705,IroncladHealth Software 705 - Usage Expansion,prospecting,8717.26,2025-08-02,expansion,Ana Rodriguez,2025-07-01T14:00:00
OPP-REN-706,ACC-706,BrightForgeHealth Software 706 - Annual Renewal,proposal,91163.75,2025-12-14,renewal,James Wilson,2025-04-22T14:00:00
OPP-REN-707,ACC-707,CoreSignalHealth Software 707 - Annual Renewal,negotiation,146588.54,2025-10-30,renewal,James Wilson,2025-05-12T14:00:00
OPP-REN-708,ACC-708,TrueNorthHealth Software 708 - Annual Renewal,qualification,463296.96,2025-10-01,renewal,Ana Rodriguez,2025-06-28T14:00:00
OPP-EXP-708,ACC-708,TrueNorthHealth Software 708 - Usage Expansion,qualification,321512.06,2025-08-31,expansion,Ana Rodriguez,2025-06-27T14:00:00
OPP-REN-709,ACC-709,NorthstarLogistics Software 709 - Annual Renewal,qualification,59976.3,2025-09-26,renewal,Priya Patel,2025-05-01T14:00:00
OPP-REN-710,ACC-710,BluePeakLogistics Software 710 - Annual Renewal,negotiation,16980.65,2025-10-13,renewal,Ana Rodriguez,2025-06-12T14:00:00
OPP-REN-711,ACC-711,ClearPathLogistics Software 711 - Annual Renewal,qualification,317707.07,2025-11-16,renewal,Marcus Johnson,2025-06-13T14:00:00
OPP-REN-712,ACC-712,EvergreenLogistics Software 712 - Annual Renewal,qualification,113506.14,2025-07-31,renewal,James Wilson,2025-05-15T14:00:00
OPP-EXP-712,ACC-712,EvergreenLogistics Software 712 - Usage Expansion,prospecting,60666.61,2025-09-29,expansion,James Wilson,2025-07-04T14:00:00
OPP-REN-713,ACC-713,SilverlineLogistics Software 713 - Annual Renewal,qualification,552874.91,2025-10-16,renewal,Priya Patel,2025-05-29T14:00:00
OPP-REN-714,ACC-714,KeystoneLogistics Software 714 - Annual Renewal,qualification,576826.03,2025-10-17,renewal,Priya Patel,2025-05-18T14:00:00
OPP-EXP-714,ACC-714,KeystoneLogistics Software 714 - Usage Expansion,closed_lost,454318.25,2025-09-22,expansion,Priya Patel,2025-07-05T14:00:00
OPP-REN-715,ACC-715,SummitLogistics Software 715 - Annual Renewal,negotiation,31284.97,2025-11-14,renewal,Marcus Johnson,2025-05-23T14:00:00
OPP-REN-716,ACC-716,RiverbendLogistics Software 716 - Annual Renewal,negotiation,188996.55,2025-09-29,renewal,Priya Patel,2025-06-16T14:00:00
OPP-EXP-716,ACC-716,RiverbendLogistics Software 716 - Usage Expansion,closed_lost,138438.34,2025-11-06,expansion,Priya Patel,2025-06-19T14:00:00
OPP-REN-717,ACC-717,IroncladLogistics Software 717 - Annual Renewal,negotiation,75452.55,2025-12-04,renewal,Marcus Johnson,2025-06-26T14:00:00
OPP-REN-718,ACC-718,BrightForgeLogistics Software 718 - Annual Renewal,negotiation,133937.25,2025-12-23,renewal,Priya Patel,2025-05-04T14:00:00
OPP-REN-719,ACC-719,CoreSignalLogistics Software 719 - Annual Renewal,negotiation,10230.98,2025-12-06,renewal,Marcus Johnson,2025-06-21T14:00:00
OPP-REN-720,ACC-720,TrueNorthLogistics Software 720 - Annual Renewal,qualification,276381.72,2025-12-24,renewal,Marcus Johnson,2025-05-07T14:00:00
OPP-REN-721,ACC-721,NorthstarAnalytics AI 721 - Annual Renewal,qualification,205279.64,2025-11-28,renewal,Priya Patel,2025-06-03T14:00:00
OPP-REN-722,ACC-722,BluePeakAnalytics AI 722 - Annual Renewal,proposal,124630.89,2025-09-20,renewal,James Wilson,2025-05-29T14:00:00
OPP-REN-723,ACC-723,ClearPathAnalytics AI 723 - Annual Renewal,proposal,108299.08,2025-08-17,renewal,Ana Rodriguez,2025-06-21T14:00:00
OPP-REN-724,ACC-724,EvergreenAnalytics AI 724 - Annual Renewal,qualification,24135.8,2025-12-30,renewal,Priya Patel,2025-06-10T14:00:00
OPP-REN-725,ACC-725,SilverlineAnalytics AI 725 - Annual Renewal,negotiation,164615.4,2025-12-29,renewal,Priya Patel,2025-05-10T14:00:00
OPP-REN-726,ACC-726,KeystoneAnalytics AI 726 - Annual Renewal,qualification,606910.66,2025-11-24,renewal,Marcus Johnson,2025-04-24T14:00:00
OPP-REN-727,ACC-727,SummitAnalytics AI 727 - Annual Renewal,negotiation,283365.49,2025-08-07,renewal,James Wilson,2025-05-05T14:00:00
OPP-EXP-727,ACC-727,SummitAnalytics AI 727 - Usage Expansion,proposal,110558.48,2025-11-22,expansion,James Wilson,2025-07-02T14:00:00
OPP-REN-728,ACC-728,RiverbendAnalytics AI 728 - Annual Renewal,negotiation,40882.7,2025-08-29,renewal,James Wilson,2025-05-13T14:00:00
OPP-REN-729,ACC-729,IroncladAnalytics AI 729 - Annual Renewal,qualification,580432.4,2025-11-08,renewal,Marcus Johnson,2025-06-06T14:00:00
OPP-EXP-729,ACC-729,IroncladAnalytics AI 729 - Usage Expansion,proposal,475377.61,2025-11-10,expansion,Marcus Johnson,2025-06-21T14:00:00
OPP-REN-730,ACC-730,BrightForgeAnalytics AI 730 - Annual Renewal,proposal,18385.63,2025-08-21,renewal,James Wilson,2025-05-19T14:00:00
OPP-REN-731,ACC-731,CoreSignalAnalytics AI 731 - Annual Renewal,negotiation,80841.21,2025-10-26,renewal,Priya Patel,2025-06-17T14:00:00
OPP-REN-732,ACC-732,TrueNorthAnalytics AI 732 - Annual Renewal,proposal,146038.71,2025-11-12,renewal,Sarah Chen,2025-04-18T14:00:00
OPP-REN-733,ACC-733,NorthstarCloud AI 733 - Annual Renewal,qualification,36538.87,2025-09-13,renewal,Priya Patel,2025-06-24T14:00:00
OPP-REN-734,ACC-734,BluePeakCloud AI 734 - Annual Renewal,qualification,674180.48,2025-11-24,renewal,Priya Patel,2025-06-22T14:00:00
OPP-EXP-734,ACC-734,BluePeakCloud AI 734 - Usage Expansion,prospecting,549259.41,2025-11-25,expansion,Priya Patel,2025-06-26T14:00:00
OPP-REN-735,ACC-735,ClearPathCloud AI 735 - Annual Renewal,proposal,211489.43,2025-11-11,renewal,Priya Patel,2025-04-23T14:00:00
OPP-REN-736,ACC-736,EvergreenCloud AI 736 - Annual Renewal,negotiation,84773.77,2025-10-02,renewal,Sarah Chen,2025-04-18T14:00:00
OPP-REN-737,ACC-737,SilverlineCloud AI 737 - Annual Renewal,proposal,163174.52,2025-10-28,renewal,Sarah Chen,2025-06-20T14:00:00
OPP-REN-738,ACC-738,KeystoneCloud AI 738 - Annual Renewal,proposal,389282.84,2025-10-18,renewal,James Wilson,2025-06-03T14:00:00
OPP-EXP-738,ACC-738,KeystoneCloud AI 738 - Usage Expansion,prospecting,247261.56,2025-10-13,expansion,James Wilson,2025-06-16T14:00:00
OPP-REN-739,ACC-739,SummitCloud AI 739 - Annual Renewal,qualification,143823.55,2025-12-29,renewal,Marcus Johnson,2025-06-13T14:00:00
OPP-REN-740,ACC-740,RiverbendCloud AI 740 - Annual Renewal,proposal,164164.62,2025-10-08,renewal,James Wilson,2025-06-08T14:00:00
OPP-REN-741,ACC-741,IroncladCloud AI 741 - Annual Renewal,negotiation,264993.33,2025-11-07,renewal,Ana Rodriguez,2025-05-17T14:00:00
OPP-EXP-741,ACC-741,IroncladCloud AI 741 - Usage Expansion,qualification,208153.02,2025-09-23,expansion,Ana Rodriguez,2025-05-31T14:00:00
OPP-REN-742,ACC-742,BrightForgeCloud AI 742 - Annual Renewal,qualification,64774.06,2025-12-13,renewal,Priya Patel,2025-06-10T14:00:00
OPP-REN-744,ACC-744,TrueNorthCloud AI 744 - Annual Renewal,proposal,615716.12,2025-09-28,renewal,James Wilson,2025-05-02T14:00:00
OPP-REN-745,ACC-745,NorthstarData AI 745 - Annual Renewal,qualification,327025.56,2025-11-24,renewal,Sarah Chen,2025-05-13T14:00:00
OPP-EXP-745,ACC-745,NorthstarData AI 745 - Usage Expansion,qualification,194471.52,2025-08-01,expansion,Sarah Chen,2025-06-14T14:00:00
OPP-REN-746,ACC-746,BluePeakData AI 746 - Annual Renewal,negotiation,27841.54,2025-11-25,renewal,James Wilson,2025-04-21T14:00:00
OPP-REN-747,ACC-747,ClearPathData AI 747 - Annual Renewal,negotiation,520348.88,2025-09-15,renewal,Ana Rodriguez,2025-06-18T14:00:00
OPP-REN-748,ACC-748,EvergreenData AI 748 - Annual Renewal,negotiation,607119.89,2025-12-08,renewal,Marcus Johnson,2025-06-06T14:00:00
OPP-REN-749,ACC-749,SilverlineData AI 749 - Annual Renewal,negotiation,143353.84,2025-11-10,renewal,James Wilson,2025-04-14T14:00:00
OPP-REN-750,ACC-750,KeystoneData AI 750 - Annual Renewal,qualification,14132.13,2026-01-06,renewal,James Wilson,2025-04-27T14:00:00
