ticket_id,account_id,subject,priority,status,created_at,resolved_at,category
TKT-a14bf090,ACC-002,SSO integration,medium,resolved,2025-06-07T14:00:00,2025-06-11T20:00:00,feature_request
TKT-601f8991,ACC-002,Missing overage charges,low,open,2025-06-25T14:00:00,,billing
TKT-26c4f531,ACC-003,Dashboard not loading,medium,resolved,2025-05-27T14:00:00,2025-05-30T09:00:00,bug
TKT-2f6f937c,ACC-003,Dashboard not loading,high,resolved,2025-06-27T14:00:00,2025-07-01T02:00:00,bug
TKT-a064dd15,ACC-003,Authentication error,medium,resolved,2025-07-04T14:00:00,2025-07-06T21:00:00,technical
TKT-33f9ffef,ACC-003,Integration setup help,medium,resolved,2025-06-22T14:00:00,2025-06-24T00:00:00,onboarding
TKT-4a40ed68,ACC-004,API latency spike,medium,resolved,2025-05-13T14:00:00,2025-05-16T02:00:00,technical
TKT-feec62f5,ACC-005,Team training request,low,resolved,2025-06-16T14:00:00,2025-06-18T15:00:00,onboarding
TKT-b6a0174e,ACC-005,Incorrect invoice amount,medium,resolved,2025-06-16T14:00:00,2025-06-17T00:00:00,billing
TKT-44f2d218,ACC-006,Missing overage charges,low,resolved,2025-07-06T14:00:00,2025-07-09T23:00:00,billing
TKT-09119bb2,ACC-006,API latency spike,low,resolved,2025-06-19T14:00:00,2025-06-21T12:00:00,technical
TKT-242d29b2,ACC-006,API v2 access,medium,resolved,2025-06-30T14:00:00,2025-07-04T08:00:00,feature_request
TKT-eac29740,ACC-007,SSO integration,medium,resolved,2025-06-27T14:00:00,2025-07-03T10:00:00,feature_request
TKT-8ed9326d,ACC-007,SSO integration,medium,resolved,2025-06-30T14:00:00,2025-07-05T14:00:00,feature_request
TKT-8326699f,ACC-007,Authentication error,medium,open,2025-05-30T14:00:00,,technical
TKT-0ec0dd7d,ACC-008,Authentication error,medium,open,2025-05-06T14:00:00,,technical
TKT-d1cfc92d,ACC-008,Custom dashboard request,critical,resolved,2025-06-09T14:00:00,2025-06-10T22:00:00,feature_request
TKT-32d38ea6,ACC-008,Missing overage charges,medium,resolved,2025-05-10T14:00:00,2025-05-13T21:00:00,billing
TKT-fea5dd54,ACC-008,Bulk export capability,medium,resolved,2025-06-12T14:00:00,2025-06-13T14:00:00,feature_request
TKT-8a1f4332,ACC-009,Custom dashboard request,high,resolved,2025-06-25T14:00:00,2025-06-26T15:00:00,feature_request
TKT-a6c8d5e6,ACC-009,Custom dashboard request,low,resolved,2025-07-03T14:00:00,2025-07-05T08:00:00,feature_request
TKT-ac0cd051,ACC-009,Payment processing issue,low,resolved,2025-07-05T14:00:00,2025-07-06T10:00:00,billing
TKT-0557bd1c,ACC-009,Data duplication in reports,low,resolved,2025-05-23T14:00:00,2025-05-25T20:00:00,bug
TKT-8828897d,ACC-010,API latency spike,medium,resolved,2025-07-01T14:00:00,2025-07-05T18:00:00,technical
TKT-5bf3da88,ACC-010,Team training request,medium,resolved,2025-05-09T14:00:00,2025-05-13T13:00:00,onboarding
TKT-22e20c2e,ACC-010,Data sync failure,low,resolved,2025-05-11T14:00:00,2025-05-16T04:00:00,technical
TKT-ccaefb13,ACC-010,Data duplication in reports,medium,in_progress,2025-06-15T14:00:00,,bug
TKT-78f97dc2,ACC-011,API latency spike,low,resolved,2025-06-02T14:00:00,2025-06-09T01:00:00,technical
TKT-fce997e6,ACC-012,API v2 access,low,in_progress,2025-05-23T14:00:00,,feature_request
TKT-8d8e299a,ACC-012,Migration assistance,medium,resolved,2025-06-27T14:00:00,2025-06-29T08:00:00,onboarding
TKT-02fb55be,ACC-012,SSO integration,medium,resolved,2025-05-20T14:00:00,2025-05-25T11:00:00,feature_request
TKT-c3ce4f7b,ACC-012,Bulk export capability,high,resolved,2025-05-04T14:00:00,2025-05-08T19:00:00,feature_request
TKT-f25ba033,ACC-013,Rate limiting issue,high,resolved,2025-06-02T14:00:00,2025-06-07T12:00:00,technical
TKT-0497ce79,ACC-013,Integration setup help,medium,resolved,2025-06-16T14:00:00,2025-06-20T05:00:00,onboarding
TKT-fb842e38,ACC-014,Authentication error,low,resolved,2025-05-24T14:00:00,2025-05-30T18:00:00,technical
TKT-55a4380c,ACC-014,Migration assistance,high,resolved,2025-06-11T14:00:00,2025-06-13T15:00:00,onboarding
TKT-bce8daad,ACC-015,Data duplication in reports,low,open,2025-05-06T14:00:00,,bug
TKT-91b2cef2,ACC-015,SSO integration,high,resolved,2025-05-01T14:00:00,2025-05-02T12:00:00,feature_request
TKT-196d92f7,ACC-015,Custom dashboard request,medium,resolved,2025-06-30T14:00:00,2025-07-02T10:00:00,feature_request
TKT-bbb2cbf3,ACC-015,Data sync failure,medium,in_progress,2025-05-19T14:00:00,,technical
TKT-713a4104,ACC-016,Migration assistance,low,resolved,2025-04-30T14:00:00,2025-05-06T14:00:00,onboarding
TKT-4fcb23b4,ACC-016,Bulk export capability,medium,resolved,2025-04-28T14:00:00,2025-05-02T03:00:00,feature_request
TKT-64dd91e9,ACC-016,Rate limiting issue,medium,resolved,2025-07-01T14:00:00,2025-07-02T05:00:00,technical
TKT-18cabb6a,ACC-016,Data duplication in reports,high,resolved,2025-05-16T14:00:00,2025-05-20T21:00:00,bug
TKT-45c8c174,ACC-017,Team training request,low,resolved,2025-06-18T14:00:00,2025-06-19T17:00:00,onboarding
TKT-bd917488,ACC-017,Billing cycle question,low,resolved,2025-06-03T14:00:00,2025-06-08T04:00:00,billing
TKT-2eaab708,ACC-017,Missing overage charges,medium,resolved,2025-06-27T14:00:00,2025-07-02T12:00:00,billing
TKT-7cbf78c8,ACC-017,Migration assistance,medium,in_progress,2025-06-07T14:00:00,,onboarding
TKT-5b80f51c,ACC-018,API v2 access,medium,resolved,2025-07-05T14:00:00,2025-07-08T01:00:00,feature_request
TKT-26a40dd9,ACC-019,Migration assistance,medium,in_progress,2025-05-29T14:00:00,,onboarding
TKT-8559f280,ACC-019,Missing overage charges,critical,resolved,2025-05-03T14:00:00,2025-05-05T18:00:00,billing
TKT-3984cc46,ACC-020,Migration assistance,medium,resolved,2025-06-02T14:00:00,2025-06-03T19:00:00,onboarding
TKT-e64ea51b,ACC-020,Incorrect usage metrics,medium,resolved,2025-07-03T14:00:00,2025-07-08T22:00:00,bug
TKT-49431b90,ACC-020,Authentication error,medium,resolved,2025-07-08T14:00:00,2025-07-11T23:00:00,technical
TKT-21c5031e,ACC-020,Authentication error,low,resolved,2025-06-04T14:00:00,2025-06-11T04:00:00,technical
TKT-16b351ff,ACC-021,Custom dashboard request,medium,in_progress,2025-06-17T14:00:00,,feature_request
TKT-941f6cc0,ACC-021,Team training request,medium,resolved,2025-06-02T14:00:00,2025-06-06T06:00:00,onboarding
TKT-79c30d3e,ACC-021,Incorrect invoice amount,critical,resolved,2025-06-20T14:00:00,2025-06-25T21:00:00,billing
TKT-c003f21a,ACC-022,Documentation question,high,resolved,2025-05-02T14:00:00,2025-05-07T14:00:00,onboarding
TKT-16eed7fe,ACC-023,Rate limiting issue,low,resolved,2025-07-10T14:00:00,2025-07-10T22:00:00,technical
TKT-972ce802,ACC-023,Documentation question,low,open,2025-06-13T14:00:00,,onboarding
TKT-ecc2cb11,ACC-024,Incorrect usage metrics,medium,open,2025-06-14T14:00:00,,bug
TKT-99d5b239,ACC-024,Authentication error,medium,resolved,2025-07-02T14:00:00,2025-07-02T22:00:00,technical
TKT-e8404dcf,ACC-024,Custom dashboard request,low,resolved,2025-05-22T14:00:00,2025-05-23T14:00:00,feature_request
TKT-386d4261,ACC-026,Rate limiting issue,high,resolved,2025-05-11T14:00:00,2025-05-13T10:00:00,technical
TKT-1f98352d,ACC-026,Authentication error,medium,resolved,2025-07-09T14:00:00,2025-07-12T04:00:00,technical
TKT-d53f3131,ACC-027,Dashboard not loading,low,open,2025-05-01T14:00:00,,bug
TKT-6dfef63c,ACC-027,API latency spike,high,resolved,2025-06-01T14:00:00,2025-06-03T05:00:00,technical
TKT-6b3716b3,ACC-029,Missing overage charges,high,open,2025-06-16T14:00:00,,billing
TKT-73f14752,ACC-029,Data sync failure,medium,resolved,2025-07-10T14:00:00,2025-07-14T10:00:00,technical
TKT-3f42ab62,ACC-029,Migration assistance,low,resolved,2025-06-08T14:00:00,2025-06-14T06:00:00,onboarding
TKT-9993c006,ACC-029,Rate limiting issue,medium,in_progress,2025-05-11T14:00:00,,technical
TKT-31daa0de,ACC-030,Bulk export capability,low,open,2025-06-19T14:00:00,,feature_request
TKT-27d54d97,ACC-032,Team training request,critical,resolved,2025-05-24T14:00:00,2025-05-25T11:00:00,onboarding
TKT-f5331bc8,ACC-032,Documentation question,medium,resolved,2025-06-14T14:00:00,2025-06-19T14:00:00,onboarding
TKT-849613c9,ACC-032,Export file corrupted,medium,in_progress,2025-06-14T14:00:00,,bug
TKT-5ec1f2ac,ACC-033,Authentication error,medium,resolved,2025-06-17T14:00:00,2025-06-22T15:00:00,technical
TKT-99999c06,ACC-033,Bulk export capability,medium,resolved,2025-07-03T14:00:00,2025-07-04T10:00:00,feature_request
TKT-27df8415,ACC-034,Integration setup help,critical,resolved,2025-06-28T14:00:00,2025-07-04T14:00:00,onboarding
TKT-8eab776d,ACC-034,Incorrect invoice amount,low,open,2025-06-26T14:00:00,,billing
TKT-b123fd15,ACC-034,Billing cycle question,medium,resolved,2025-05-05T14:00:00,2025-05-08T13:00:00,billing
TKT-d6d9722d,ACC-035,Incorrect usage metrics,medium,open,2025-04-26T14:00:00,,bug
TKT-d1612afa,ACC-035,Integration setup help,high,resolved,2025-06-16T14:00:00,2025-06-20T09:00:00,onboarding
TKT-47cdf73d,ACC-037,Team training request,low,resolved,2025-05-17T14:00:00,2025-05-18T20:00:00,onboarding
TKT-ac5a57ee,ACC-037,Custom dashboard request,medium,resolved,2025-04-30T14:00:00,2025-05-05T17:00:00,feature_request
TKT-be812e89,ACC-037,Export file corrupted,high,resolved,2025-07-05T14:00:00,2025-07-10T17:00:00,bug
TKT-5e97791f,ACC-037,Rate limiting issue,medium,in_progress,2025-06-23T14:00:00,,technical
TKT-2acc5ce0,ACC-038,Payment processing issue,medium,resolved,2025-05-08T14:00:00,2025-05-14T04:00:00,billing
TKT-9e8d58a2,ACC-038,API latency spike,low,resolved,2025-05-15T14:00:00,2025-05-17T21:00:00,technical
TKT-5aedd9a2,ACC-039,Migration assistance,low,resolved,2025-05-03T14:00:00,2025-05-05T17:00:00,onboarding
TKT-57a3e937,ACC-039,Migration assistance,low,open,2025-05-17T14:00:00,,onboarding
TKT-e04c53dd,ACC-039,Team training request,low,resolved,2025-05-09T14:00:00,2025-05-16T14:00:00,onboarding
TKT-1a59c728,ACC-040,Data sync failure,low,resolved,2025-05-12T14:00:00,2025-05-16T20:00:00,technical
TKT-c9d03dea,ACC-040,Migration assistance,high,resolved,2025-05-16T14:00:00,2025-05-18T15:00:00,onboarding
TKT-874e63d5,ACC-040,Data duplication in reports,low,in_progress,2025-06-29T14:00:00,,bug
TKT-11b68659,ACC-041,API latency spike,high,open,2025-05-24T14:00:00,,technical
TKT-093866a2,ACC-042,Export file corrupted,medium,resolved,2025-05-11T14:00:00,2025-05-18T09:00:00,bug
TKT-53923205,ACC-042,Bulk export capability,low,resolved,2025-05-24T14:00:00,2025-05-26T05:00:00,feature_request
TKT-b167f7e3,ACC-043,Data duplication in reports,medium,resolved,2025-06-10T14:00:00,2025-06-17T08:00:00,bug
TKT-8f2dd276,ACC-043,Integration setup help,medium,open,2025-05-04T14:00:00,,onboarding
TKT-16da1861,ACC-044,Missing overage charges,critical,resolved,2025-04-26T14:00:00,2025-04-29T05:00:00,billing
TKT-c153aa48,ACC-044,Payment processing issue,medium,resolved,2025-06-27T14:00:00,2025-06-30T15:00:00,billing
TKT-3be4c079,ACC-044,Missing overage charges,high,open,2025-05-27T14:00:00,,billing
TKT-5cf4db52,ACC-044,Billing cycle question,high,resolved,2025-05-11T14:00:00,2025-05-13T15:00:00,billing
TKT-e8a9efc7,ACC-044,Data sync failure,medium,resolved,2025-05-15T14:00:00,2025-05-17T01:00:00,technical
TKT-a1fc0404,ACC-044,Incorrect usage metrics,medium,resolved,2025-07-07T14:00:00,2025-07-12T17:00:00,bug
TKT-2f6275e6,ACC-044,Authentication error,critical,resolved,2025-05-24T14:00:00,2025-05-27T14:00:00,technical
TKT-384c2df7,ACC-044,Authentication error,high,resolved,2025-05-27T14:00:00,2025-06-02T23:00:00,technical
TKT-5883b9db,ACC-045,Rate limiting issue,medium,open,2025-06-05T14:00:00,,technical
TKT-1fae0226,ACC-045,Export file corrupted,medium,resolved,2025-06-08T14:00:00,2025-06-15T03:00:00,bug
TKT-c74ec157,ACC-045,Missing overage charges,high,resolved,2025-05-30T14:00:00,2025-06-02T16:00:00,billing
TKT-12209fcf,ACC-046,Integration setup help,critical,resolved,2025-07-08T14:00:00,2025-07-10T17:00:00,onboarding
TKT-c70dff16,ACC-046,Bulk export capability,medium,resolved,2025-06-07T14:00:00,2025-06-12T04:00:00,feature_request
TKT-466e77c8,ACC-046,API v2 access,medium,resolved,2025-05-23T14:00:00,2025-05-29T09:00:00,feature_request
TKT-4e4e8293,ACC-046,Team training request,high,resolved,2025-05-20T14:00:00,2025-05-24T19:00:00,onboarding
TKT-8928a603,ACC-047,API v2 access,low,resolved,2025-05-02T14:00:00,2025-05-04T11:00:00,feature_request
TKT-6ec5e8ce,ACC-047,Dashboard not loading,medium,resolved,2025-06-08T14:00:00,2025-06-15T09:00:00,bug
TKT-cedadb31,ACC-047,Missing overage charges,low,open,2025-06-14T14:00:00,,billing
TKT-93f1c11a,ACC-048,Incorrect usage metrics,high,in_progress,2025-05-24T14:00:00,,bug
TKT-40015cb1,ACC-048,API latency spike,medium,in_progress,2025-05-15T14:00:00,,technical
TKT-7794ede3,ACC-048,Data duplication in reports,high,resolved,2025-07-01T14:00:00,2025-07-04T06:00:00,bug
TKT-134a8bac,ACC-048,Export file corrupted,critical,open,2025-06-09T14:00:00,,bug
TKT-6f29c536,ACC-048,Team training request,high,in_progress,2025-06-21T14:00:00,,onboarding
TKT-d3d2a655,ACC-048,Team training request,high,resolved,2025-05-25T14:00:00,2025-05-31T06:00:00,onboarding
TKT-ae7b87e4,ACC-048,Integration setup help,critical,resolved,2025-06-21T14:00:00,2025-06-24T00:00:00,onboarding
TKT-d15ba18e,ACC-048,Dashboard not loading,high,resolved,2025-05-31T14:00:00,2025-06-04T03:00:00,bug
TKT-55a29dea,ACC-048,Dashboard not loading,high,resolved,2025-07-04T14:00:00,2025-07-10T04:00:00,bug
TKT-68259ff5,ACC-048,Documentation question,high,in_progress,2025-07-05T14:00:00,,onboarding
TKT-97031f54,ACC-049,API v2 access,high,resolved,2025-06-22T14:00:00,2025-06-24T18:00:00,feature_request
TKT-50a20676,ACC-049,Missing overage charges,medium,resolved,2025-06-20T14:00:00,2025-06-25T19:00:00,billing
TKT-da20e808,ACC-052,Authentication error,low,resolved,2025-05-06T14:00:00,2025-05-07T14:00:00,technical
TKT-8d7c4460,ACC-052,Payment processing issue,low,open,2025-05-14T14:00:00,,billing
TKT-fd115670,ACC-053,Integration setup help,critical,open,2025-05-30T14:00:00,,onboarding
TKT-451901f5,ACC-055,Authentication error,low,resolved,2025-05-05T14:00:00,2025-05-10T19:00:00,technical
TKT-56acb32c,ACC-055,Migration assistance,low,resolved,2025-06-21T14:00:00,2025-06-23T23:00:00,onboarding
TKT-93837f37,ACC-055,Custom dashboard request,medium,open,2025-06-16T14:00:00,,feature_request
TKT-3cc401df,ACC-055,Payment processing issue,high,open,2025-06-23T14:00:00,,billing
TKT-99d3ebed,ACC-057,Export file corrupted,critical,resolved,2025-06-04T14:00:00,2025-06-06T17:00:00,bug
TKT-943007cf,ACC-058,Documentation question,medium,open,2025-06-03T14:00:00,,onboarding
TKT-1cb4516f,ACC-059,Documentation question,medium,resolved,2025-05-16T14:00:00,2025-05-23T08:00:00,onboarding
TKT-bc2e3700,ACC-059,Incorrect usage metrics,medium,resolved,2025-05-23T14:00:00,2025-05-25T18:00:00,bug
TKT-f3aba6c3,ACC-059,Payment processing issue,medium,resolved,2025-04-27T14:00:00,2025-05-03T05:00:00,billing
TKT-3b17780d,ACC-059,API latency spike,high,resolved,2025-05-15T14:00:00,2025-05-20T06:00:00,technical
TKT-7c7e1274,ACC-060,Custom dashboard request,low,resolved,2025-06-24T14:00:00,2025-06-29T13:00:00,feature_request
TKT-a0909108,ACC-060,Payment processing issue,low,resolved,2025-06-03T14:00:00,2025-06-04T12:00:00,billing
TKT-835a079b,ACC-060,Payment processing issue,low,resolved,2025-04-27T14:00:00,2025-05-04T02:00:00,billing
TKT-178a28fb,ACC-060,Export file corrupted,low,resolved,2025-06-05T14:00:00,2025-06-09T05:00:00,bug
TKT-ea52d1aa,ACC-061,API latency spike,high,resolved,2025-06-13T14:00:00,2025-06-14T14:00:00,technical
TKT-802cfa01,ACC-061,Missing overage charges,high,in_progress,2025-06-13T14:00:00,,billing
TKT-36d6dba6,ACC-061,Incorrect invoice amount,high,resolved,2025-05-19T14:00:00,2025-05-20T09:00:00,billing
TKT-ed3b7e53,ACC-062,Incorrect invoice amount,low,resolved,2025-04-26T14:00:00,2025-04-29T06:00:00,billing
TKT-9a5bb2ea,ACC-062,Incorrect usage metrics,low,in_progress,2025-07-06T14:00:00,,bug
TKT-79d847a9,ACC-063,Dashboard not loading,low,in_progress,2025-05-02T14:00:00,,bug
TKT-cd73d5a8,ACC-063,Billing cycle question,low,open,2025-06-09T14:00:00,,billing
TKT-546fc693,ACC-064,Custom dashboard request,high,resolved,2025-06-03T14:00:00,2025-06-05T12:00:00,feature_request
TKT-9c7b3d25,ACC-065,Dashboard not loading,high,resolved,2025-06-11T14:00:00,2025-06-16T19:00:00,bug
TKT-9a23990c,ACC-065,Incorrect usage metrics,high,resolved,2025-06-12T14:00:00,2025-06-19T11:00:00,bug
TKT-17f246e6,ACC-065,SSO integration,medium,open,2025-05-11T14:00:00,,feature_request
TKT-d772a9db,ACC-066,Dashboard not loading,high,in_progress,2025-05-14T14:00:00,,bug
TKT-5c7531dd,ACC-067,Billing cycle question,medium,resolved,2025-07-07T14:00:00,2025-07-08T09:00:00,billing
TKT-a9a234de,ACC-067,Custom dashboard request,low,resolved,2025-05-16T14:00:00,2025-05-23T10:00:00,feature_request
TKT-a2a020f6,ACC-067,Migration assistance,low,resolved,2025-05-03T14:00:00,2025-05-09T00:00:00,onboarding
TKT-9889909e,ACC-068,API v2 access,low,resolved,2025-06-30T14:00:00,2025-07-01T04:00:00,feature_request
TKT-0061c956,ACC-068,API latency spike,low,in_progress,2025-07-03T14:00:00,,technical
TKT-7cc11c3a,ACC-068,Integration setup help,critical,resolved,2025-06-29T14:00:00,2025-07-04T00:00:00,onboarding
TKT-984281e4,ACC-068,Data duplication in reports,critical,resolved,2025-06-23T14:00:00,2025-06-24T01:00:00,bug
TKT-764ffcb3,ACC-069,Data sync failure,low,in_progress,2025-05-17T14:00:00,,technical
TKT-3e534e8c,ACC-069,API v2 access,medium,resolved,2025-05-05T14:00:00,2025-05-09T09:00:00,feature_request
TKT-6d106796,ACC-069,API v2 access,high,resolved,2025-05-30T14:00:00,2025-06-02T23:00:00,feature_request
TKT-1b6f6ba5,ACC-070,API latency spike,medium,in_progress,2025-07-10T14:00:00,,technical
TKT-33020977,ACC-070,API v2 access,high,resolved,2025-06-13T14:00:00,2025-06-17T01:00:00,feature_request
TKT-33a66904,ACC-070,Billing cycle question,low,resolved,2025-06-19T14:00:00,2025-06-19T17:00:00,billing
TKT-a4182f8a,ACC-070,Rate limiting issue,medium,resolved,2025-06-06T14:00:00,2025-06-09T09:00:00,technical
TKT-1ac4654f,ACC-071,Incorrect invoice amount,medium,resolved,2025-05-29T14:00:00,2025-06-04T00:00:00,billing
TKT-b31b85c4,ACC-071,Team training request,high,resolved,2025-06-07T14:00:00,2025-06-12T13:00:00,onboarding
TKT-5da7ad27,ACC-071,Rate limiting issue,low,resolved,2025-05-13T14:00:00,2025-05-17T02:00:00,technical
TKT-280c3619,ACC-072,Data duplication in reports,high,open,2025-06-21T14:00:00,,bug
TKT-194c5520,ACC-073,Migration assistance,critical,resolved,2025-06-13T14:00:00,2025-06-17T16:00:00,onboarding
TKT-54ef140d,ACC-073,Data sync failure,medium,open,2025-06-15T14:00:00,,technical
TKT-2bcd349d,ACC-073,Bulk export capability,medium,open,2025-06-20T14:00:00,,feature_request
TKT-22ab6127,ACC-075,Missing overage charges,high,open,2025-05-12T14:00:00,,billing
TKT-c9bda347,ACC-076,Export file corrupted,medium,resolved,2025-06-12T14:00:00,2025-06-16T04:00:00,bug
TKT-aa4fb3aa,ACC-076,Documentation question,medium,resolved,2025-04-30T14:00:00,2025-05-06T16:00:00,onboarding
TKT-08744603,ACC-076,Incorrect usage metrics,medium,resolved,2025-05-08T14:00:00,2025-05-14T17:00:00,bug
TKT-759304c1,ACC-077,Incorrect usage metrics,low,in_progress,2025-05-02T14:00:00,,bug
TKT-4e30177a,ACC-077,Authentication error,medium,in_progress,2025-07-08T14:00:00,,technical
TKT-a0ce1134,ACC-077,API latency spike,medium,open,2025-07-01T14:00:00,,technical
TKT-3da19f0f,ACC-077,Data duplication in reports,low,resolved,2025-06-16T14:00:00,2025-06-19T16:00:00,bug
TKT-281dbc48,ACC-079,Rate limiting issue,medium,resolved,2025-06-12T14:00:00,2025-06-16T05:00:00,technical
TKT-d97a1d9c,ACC-079,Payment processing issue,medium,in_progress,2025-05-14T14:00:00,,billing
TKT-51fbd3a8,ACC-080,Incorrect invoice amount,high,resolved,2025-06-19T14:00:00,2025-06-21T05:00:00,billing
TKT-48c86dc1,ACC-081,Documentation question,medium,resolved,2025-05-05T14:00:00,2025-05-07T18:00:00,onboarding
TKT-3c53c133,ACC-081,Data sync failure,high,open,2025-06-03T14:00:00,,technical
TKT-8b73d7de,ACC-081,Bulk export capability,medium,resolved,2025-07-04T14:00:00,2025-07-08T09:00:00,feature_request
TKT-1857e44f,ACC-082,Incorrect usage metrics,low,open,2025-05-23T14:00:00,,bug
TKT-4d860850,ACC-082,Data duplication in reports,low,resolved,2025-05-27T14:00:00,2025-05-28T01:00:00,bug
TKT-2e4fffd2,ACC-083,API v2 access,medium,open,2025-05-13T14:00:00,,feature_request
TKT-8f092fc9,ACC-084,Rate limiting issue,medium,in_progress,2025-05-06T14:00:00,,technical
TKT-23972833,ACC-084,Migration assistance,medium,resolved,2025-05-25T14:00:00,2025-05-29T13:00:00,onboarding
TKT-6cde5227,ACC-084,Payment processing issue,high,resolved,2025-06-19T14:00:00,2025-06-22T04:00:00,billing
TKT-b87766b6,ACC-085,Dashboard not loading,low,in_progress,2025-05-03T14:00:00,,bug
TKT-c82a0b8c,ACC-086,SSO integration,low,resolved,2025-05-08T14:00:00,2025-05-13T10:00:00,feature_request
TKT-dcfe9659,ACC-087,Rate limiting issue,high,in_progress,2025-06-01T14:00:00,,technical
TKT-83b67cd3,ACC-087,Data sync failure,critical,resolved,2025-05-08T14:00:00,2025-05-09T21:00:00,technical
TKT-cd12de3e,ACC-087,Billing cycle question,high,resolved,2025-06-02T14:00:00,2025-06-08T17:00:00,billing
TKT-7178ae8e,ACC-087,Export file corrupted,critical,open,2025-06-02T14:00:00,,bug
TKT-f1479e30,ACC-087,Data duplication in reports,high,resolved,2025-04-30T14:00:00,2025-05-03T00:00:00,bug
TKT-8e95ee58,ACC-087,Data duplication in reports,high,resolved,2025-04-29T14:00:00,2025-05-01T08:00:00,bug
TKT-10bd8b1a,ACC-087,Billing cycle question,high,resolved,2025-05-21T14:00:00,2025-05-24T02:00:00,billing
TKT-2dfb6bfe,ACC-087,Data duplication in reports,critical,resolved,2025-05-17T14:00:00,2025-05-23T18:00:00,bug
TKT-72c22cc9,ACC-087,Dashboard not loading,critical,resolved,2025-05-25T14:00:00,2025-05-26T00:00:00,bug
TKT-ac20d682,ACC-087,Rate limiting issue,high,resolved,2025-06-03T14:00:00,2025-06-08T21:00:00,technical
TKT-a123bab7,ACC-087,Data sync failure,medium,open,2025-07-07T14:00:00,,technical
TKT-27d871fe,ACC-088,Billing cycle question,high,resolved,2025-06-02T14:00:00,2025-06-04T23:00:00,billing
TKT-fb3123cd,ACC-088,Bulk export capability,medium,in_progress,2025-04-28T14:00:00,,feature_request
TKT-341771d9,ACC-089,Custom dashboard request,low,resolved,2025-05-01T14:00:00,2025-05-03T22:00:00,feature_request
TKT-becbf5a6,ACC-090,Bulk export capability,medium,open,2025-06-07T14:00:00,,feature_request
TKT-a161dfa8,ACC-090,Billing cycle question,high,resolved,2025-06-06T14:00:00,2025-06-08T05:00:00,billing
TKT-8db52909,ACC-090,API latency spike,low,resolved,2025-05-16T14:00:00,2025-05-23T07:00:00,technical
TKT-c4fc10eb,ACC-090,Billing cycle question,medium,resolved,2025-04-29T14:00:00,2025-05-05T10:00:00,billing
TKT-89c3bcba,ACC-091,SSO integration,medium,resolved,2025-06-30T14:00:00,2025-07-03T22:00:00,feature_request
TKT-852cc28a,ACC-091,Rate limiting issue,high,in_progress,2025-06-12T14:00:00,,technical
TKT-73680cb8,ACC-091,Team training request,medium,resolved,2025-04-30T14:00:00,2025-05-01T18:00:00,onboarding
TKT-0ae694a0,ACC-092,Custom dashboard request,critical,resolved,2025-06-19T14:00:00,2025-06-25T03:00:00,feature_request
TKT-739cca2f,ACC-092,Rate limiting issue,medium,resolved,2025-05-11T14:00:00,2025-05-15T11:00:00,technical
TKT-c2c51ea0,ACC-092,Documentation question,medium,resolved,2025-05-31T14:00:00,2025-06-06T23:00:00,onboarding
TKT-23218779,ACC-092,Data sync failure,medium,resolved,2025-05-06T14:00:00,2025-05-09T14:00:00,technical
TKT-f302cc21,ACC-093,SSO integration,medium,in_progress,2025-04-28T14:00:00,,feature_request
TKT-0aa822d4,ACC-094,Data sync failure,low,resolved,2025-05-07T14:00:00,2025-05-09T03:00:00,technical
TKT-c0ef20ee,ACC-094,Payment processing issue,medium,resolved,2025-06-07T14:00:00,2025-06-10T15:00:00,billing
TKT-d678d5a5,ACC-094,API latency spike,low,resolved,2025-04-28T14:00:00,2025-05-02T21:00:00,technical
TKT-fc1613c5,ACC-095,API latency spike,high,resolved,2025-05-26T14:00:00,2025-06-02T12:00:00,technical
TKT-e3ec446c,ACC-095,Data sync failure,high,open,2025-04-27T14:00:00,,technical
TKT-66e4780e,ACC-095,Team training request,high,in_progress,2025-05-11T14:00:00,,onboarding
TKT-f3ba2741,ACC-095,Data duplication in reports,critical,resolved,2025-07-08T14:00:00,2025-07-13T14:00:00,bug
TKT-3cc8f647,ACC-095,Rate limiting issue,medium,resolved,2025-06-11T14:00:00,2025-06-12T13:00:00,technical
TKT-5742eb18,ACC-095,Dashboard not loading,high,open,2025-06-02T14:00:00,,bug
TKT-33ef35bb,ACC-095,Authentication error,critical,resolved,2025-05-17T14:00:00,2025-05-22T07:00:00,technical
TKT-bc1d16c5,ACC-095,Rate limiting issue,high,open,2025-05-27T14:00:00,,technical
TKT-f310b658,ACC-096,Payment processing issue,high,open,2025-06-08T14:00:00,,billing
TKT-294b9b17,ACC-096,Team training request,high,open,2025-06-02T14:00:00,,onboarding
TKT-9830d21b,ACC-096,Custom dashboard request,low,resolved,2025-05-11T14:00:00,2025-05-12T07:00:00,feature_request
TKT-d4026936,ACC-097,Team training request,medium,in_progress,2025-05-07T14:00:00,,onboarding
TKT-7ede1045,ACC-097,API latency spike,low,resolved,2025-06-30T14:00:00,2025-07-01T18:00:00,technical
TKT-6f9cec63,ACC-100,Missing overage charges,medium,resolved,2025-05-29T14:00:00,2025-06-01T13:00:00,billing
TKT-e05036d2,ACC-100,Migration assistance,low,in_progress,2025-06-23T14:00:00,,onboarding
TKT-4e1be372,ACC-102,Incorrect invoice amount,medium,open,2025-07-06T14:00:00,,billing
TKT-f1b1e7d9,ACC-102,Data sync failure,high,open,2025-06-11T14:00:00,,technical
TKT-3efb395e,ACC-102,Export file corrupted,low,open,2025-05-06T14:00:00,,bug
TKT-774c3103,ACC-102,Custom dashboard request,low,open,2025-04-29T14:00:00,,feature_request
TKT-052fc5bc,ACC-103,Migration assistance,medium,resolved,2025-05-07T14:00:00,2025-05-09T09:00:00,onboarding
TKT-507d3918,ACC-103,Incorrect invoice amount,high,resolved,2025-05-07T14:00:00,2025-05-08T07:00:00,billing
TKT-b8af02bf,ACC-103,Data sync failure,medium,resolved,2025-06-28T14:00:00,2025-07-04T11:00:00,technical
TKT-c406e49a,ACC-103,Dashboard not loading,medium,resolved,2025-05-12T14:00:00,2025-05-16T12:00:00,bug
TKT-abf90cea,ACC-104,Incorrect usage metrics,high,resolved,2025-06-16T14:00:00,2025-06-23T01:00:00,bug
TKT-ba08b4d8,ACC-104,Integration setup help,low,resolved,2025-05-27T14:00:00,2025-06-02T18:00:00,onboarding
TKT-dd0225ff,ACC-104,Authentication error,medium,in_progress,2025-05-18T14:00:00,,technical
TKT-89b75369,ACC-104,Custom dashboard request,high,resolved,2025-07-09T14:00:00,2025-07-12T17:00:00,feature_request
TKT-3aca4f49,ACC-105,Payment processing issue,medium,in_progress,2025-05-25T14:00:00,,billing
TKT-f9065d24,ACC-106,Custom dashboard request,high,open,2025-05-15T14:00:00,,feature_request
TKT-3411a39d,ACC-106,Migration assistance,medium,resolved,2025-06-13T14:00:00,2025-06-15T00:00:00,onboarding
TKT-2083bd9a,ACC-106,Export file corrupted,low,resolved,2025-06-16T14:00:00,2025-06-17T08:00:00,bug
TKT-ac836808,ACC-108,SSO integration,high,open,2025-04-27T14:00:00,,feature_request
TKT-abebf22a,ACC-108,Rate limiting issue,high,in_progress,2025-06-19T14:00:00,,technical
TKT-ef5318ee,ACC-110,Bulk export capability,medium,in_progress,2025-06-01T14:00:00,,feature_request
TKT-e14ad3e7,ACC-112,Billing cycle question,medium,resolved,2025-06-26T14:00:00,2025-06-29T08:00:00,billing
TKT-8614958d,ACC-112,Team training request,low,open,2025-04-27T14:00:00,,onboarding
TKT-0674a5ab,ACC-112,Export file corrupted,low,resolved,2025-05-21T14:00:00,2025-05-27T14:00:00,bug
TKT-de7c1047,ACC-112,Migration assistance,low,resolved,2025-06-28T14:00:00,2025-07-03T10:00:00,onboarding
TKT-4115cd76,ACC-115,Incorrect invoice amount,high,resolved,2025-06-28T14:00:00,2025-07-04T02:00:00,billing
TKT-51ff8469,ACC-116,Billing cycle question,medium,in_progress,2025-06-11T14:00:00,,billing
TKT-6a2fdf9b,ACC-116,Incorrect usage metrics,medium,in_progress,2025-07-03T14:00:00,,bug
TKT-941eba7a,ACC-116,Documentation question,medium,resolved,2025-06-06T14:00:00,2025-06-11T03:00:00,onboarding
TKT-d4091910,ACC-117,Export file corrupted,low,resolved,2025-05-16T14:00:00,2025-05-21T21:00:00,bug
TKT-dcf476eb,ACC-118,Export file corrupted,medium,open,2025-07-08T14:00:00,,bug
TKT-59cfcece,ACC-119,Data duplication in reports,medium,open,2025-07-01T14:00:00,,bug
TKT-dd188b07,ACC-119,Migration assistance,medium,resolved,2025-05-26T14:00:00,2025-06-01T02:00:00,onboarding
TKT-40fef34e,ACC-119,Migration assistance,high,resolved,2025-05-12T14:00:00,2025-05-18T17:00:00,onboarding
TKT-4b045b19,ACC-122,Rate limiting issue,low,resolved,2025-06-16T14:00:00,2025-06-19T05:00:00,technical
TKT-66a0b012,ACC-122,Incorrect invoice amount,medium,resolved,2025-06-07T14:00:00,2025-06-08T22:00:00,billing
TKT-0502c1ec,ACC-123,Bulk export capability,medium,resolved,2025-05-18T14:00:00,2025-05-21T18:00:00,feature_request
TKT-11270cc1,ACC-124,Authentication error,medium,resolved,2025-05-07T14:00:00,2025-05-10T22:00:00,technical
TKT-11e541f9,ACC-124,API latency spike,high,resolved,2025-06-27T14:00:00,2025-07-04T04:00:00,technical
TKT-e6fda7b1,ACC-124,Payment processing issue,high,resolved,2025-07-03T14:00:00,2025-07-04T19:00:00,billing
TKT-049674e7,ACC-125,Migration assistance,critical,in_progress,2025-06-27T14:00:00,,onboarding
TKT-5aeb04dc,ACC-126,Missing overage charges,medium,in_progress,2025-06-25T14:00:00,,billing
TKT-e6c1a90a,ACC-127,Data duplication in reports,low,in_progress,2025-07-02T14:00:00,,bug
TKT-bc5ccaa4,ACC-127,Incorrect usage metrics,high,resolved,2025-06-06T14:00:00,2025-06-08T05:00:00,bug
TKT-264fe8af,ACC-127,Documentation question,medium,resolved,2025-05-18T14:00:00,2025-05-22T06:00:00,onboarding
TKT-f7dd4b13,ACC-128,Migration assistance,high,resolved,2025-04-26T14:00:00,2025-04-29T05:00:00,onboarding
TKT-35381c20,ACC-128,Rate limiting issue,medium,resolved,2025-06-25T14:00:00,2025-07-02T04:00:00,technical
TKT-3d3692f9,ACC-128,Documentation question,medium,resolved,2025-06-11T14:00:00,2025-06-16T07:00:00,onboarding
TKT-996e5277,ACC-128,Dashboard not loading,high,resolved,2025-05-26T14:00:00,2025-05-27T20:00:00,bug
TKT-af15f68b,ACC-129,Migration assistance,critical,open,2025-06-13T14:00:00,,onboarding
TKT-08f5b5c1,ACC-130,Payment processing issue,medium,resolved,2025-07-02T14:00:00,2025-07-07T18:00:00,billing
TKT-69b1f7fb,ACC-130,Data duplication in reports,medium,resolved,2025-06-27T14:00:00,2025-07-04T02:00:00,bug
TKT-732f4abc,ACC-130,Incorrect usage metrics,high,resolved,2025-06-09T14:00:00,2025-06-13T22:00:00,bug
TKT-935664ce,ACC-130,Dashboard not loading,medium,in_progress,2025-04-28T14:00:00,,bug
TKT-3952f445,ACC-130,Missing overage charges,high,open,2025-05-11T14:00:00,,billing
TKT-bdc64bb0,ACC-130,Payment processing issue,critical,open,2025-06-09T14:00:00,,billing
TKT-c0058683,ACC-130,Payment processing issue,medium,resolved,2025-05-22T14:00:00,2025-05-25T17:00:00,billing
TKT-1b6180ed,ACC-130,Authentication error,high,resolved,2025-06-12T14:00:00,2025-06-18T23:00:00,technical
TKT-f23390bb,ACC-131,SSO integration,medium,open,2025-05-20T14:00:00,,feature_request
TKT-910dd620,ACC-131,SSO integration,high,in_progress,2025-06-21T14:00:00,,feature_request
TKT-8ceef664,ACC-132,API latency spike,low,resolved,2025-05-02T14:00:00,2025-05-03T12:00:00,technical
TKT-798ee27a,ACC-132,API v2 access,low,open,2025-06-08T14:00:00,,feature_request
TKT-d439887c,ACC-133,Rate limiting issue,medium,in_progress,2025-05-15T14:00:00,,technical
TKT-55fc072c,ACC-133,Integration setup help,high,resolved,2025-05-02T14:00:00,2025-05-05T20:00:00,onboarding
TKT-67edaa00,ACC-135,Export file corrupted,medium,open,2025-06-23T14:00:00,,bug
TKT-870d62e8,ACC-136,Incorrect usage metrics,medium,resolved,2025-04-26T14:00:00,2025-05-02T23:00:00,bug
TKT-5d37fbd7,ACC-136,Data sync failure,high,resolved,2025-06-12T14:00:00,2025-06-13T10:00:00,technical
TKT-3dd37610,ACC-136,Bulk export capability,critical,resolved,2025-07-09T14:00:00,2025-07-16T00:00:00,feature_request
TKT-2b30dc73,ACC-137,Incorrect invoice amount,high,in_progress,2025-05-31T14:00:00,,billing
TKT-29ee121c,ACC-138,Export file corrupted,low,resolved,2025-06-13T14:00:00,2025-06-19T16:00:00,bug
TKT-210f29b0,ACC-138,Export file corrupted,high,in_progress,2025-06-26T14:00:00,,bug
TKT-90e0ab46,ACC-139,Team training request,medium,open,2025-06-22T14:00:00,,onboarding
TKT-d36cba56,ACC-139,Incorrect usage metrics,medium,resolved,2025-05-18T14:00:00,2025-05-22T09:00:00,bug
TKT-36551c4e,ACC-139,Dashboard not loading,medium,resolved,2025-06-06T14:00:00,2025-06-13T13:00:00,bug
TKT-a42fbb8e,ACC-139,Missing overage charges,high,resolved,2025-06-02T14:00:00,2025-06-08T05:00:00,billing
TKT-53e725e3,ACC-140,Payment processing issue,high,resolved,2025-05-28T14:00:00,2025-06-02T16:00:00,billing
TKT-62a35bbd,ACC-141,Rate limiting issue,low,resolved,2025-05-06T14:00:00,2025-05-10T22:00:00,technical
TKT-63c5d9ee,ACC-141,Incorrect invoice amount,medium,resolved,2025-05-06T14:00:00,2025-05-09T12:00:00,billing
TKT-e4411ad1,ACC-141,Migration assistance,critical,resolved,2025-06-17T14:00:00,2025-06-23T12:00:00,onboarding
TKT-ba17a5f9,ACC-142,Export file corrupted,high,in_progress,2025-06-17T14:00:00,,bug
TKT-eb4e8e5e,ACC-142,Export file corrupted,medium,resolved,2025-05-22T14:00:00,2025-05-26T08:00:00,bug
TKT-aa42771a,ACC-142,Export file corrupted,medium,resolved,2025-05-03T14:00:00,2025-05-03T22:00:00,bug
TKT-65f15408,ACC-142,Documentation question,high,resolved,2025-06-01T14:00:00,2025-06-07T23:00:00,onboarding
TKT-c4cde6b0,ACC-142,Migration assistance,high,in_progress,2025-06-13T14:00:00,,onboarding
TKT-88369260,ACC-142,Data sync failure,medium,resolved,2025-06-22T14:00:00,2025-06-25T09:00:00,technical
TKT-aa5ea6ac,ACC-142,Authentication error,high,resolved,2025-06-01T14:00:00,2025-06-04T14:00:00,technical
TKT-2b507a51,ACC-142,Migration assistance,high,resolved,2025-05-02T14:00:00,2025-05-08T20:00:00,onboarding
TKT-1100e24a,ACC-143,Data duplication in reports,medium,open,2025-05-14T14:00:00,,bug
TKT-1d0803eb,ACC-144,Custom dashboard request,low,resolved,2025-05-13T14:00:00,2025-05-16T22:00:00,feature_request
TKT-29cf2a29,ACC-144,Incorrect invoice amount,high,open,2025-06-23T14:00:00,,billing
TKT-1e090dd9,ACC-144,Export file corrupted,medium,in_progress,2025-05-13T14:00:00,,bug
TKT-cc541121,ACC-144,API v2 access,low,resolved,2025-06-26T14:00:00,2025-07-02T08:00:00,feature_request
TKT-47016e2a,ACC-145,Incorrect invoice amount,medium,resolved,2025-05-09T14:00:00,2025-05-12T12:00:00,billing
TKT-8fb221ce,ACC-145,Migration assistance,high,resolved,2025-06-10T14:00:00,2025-06-17T00:00:00,onboarding
TKT-1df9255d,ACC-146,SSO integration,critical,open,2025-07-03T14:00:00,,feature_request
TKT-3a29e0ed,ACC-147,Export file corrupted,high,resolved,2025-07-09T14:00:00,2025-07-10T23:00:00,bug
TKT-9ea94b97,ACC-147,Custom dashboard request,medium,resolved,2025-07-03T14:00:00,2025-07-07T21:00:00,feature_request
TKT-39ecb1ea,ACC-149,Missing overage charges,critical,resolved,2025-06-13T14:00:00,2025-06-18T08:00:00,billing
TKT-1e0a1205,ACC-150,Missing overage charges,high,in_progress,2025-06-10T14:00:00,,billing
TKT-c1ca76fd,ACC-151,Payment processing issue,high,resolved,2025-07-08T14:00:00,2025-07-11T07:00:00,billing
TKT-8a7dea78,ACC-151,Incorrect invoice amount,low,in_progress,2025-06-02T14:00:00,,billing
TKT-2a3416fb,ACC-152,Bulk export capability,critical,resolved,2025-06-19T14:00:00,2025-06-21T22:00:00,feature_request
TKT-57662969,ACC-152,API v2 access,high,open,2025-06-14T14:00:00,,feature_request
TKT-209c31d0,ACC-153,Incorrect usage metrics,high,resolved,2025-05-15T14:00:00,2025-05-19T22:00:00,bug
TKT-37c1021d,ACC-153,API latency spike,medium,in_progress,2025-05-31T14:00:00,,technical
TKT-3b32afc1,ACC-154,Missing overage charges,critical,open,2025-06-04T14:00:00,,billing
TKT-fa6fd48c,ACC-155,Data duplication in reports,medium,resolved,2025-07-01T14:00:00,2025-07-05T04:00:00,bug
TKT-32f18aed,ACC-155,Migration assistance,medium,resolved,2025-06-24T14:00:00,2025-06-29T13:00:00,onboarding
TKT-701747bb,ACC-155,Data duplication in reports,medium,resolved,2025-06-14T14:00:00,2025-06-16T14:00:00,bug
TKT-400894d9,ACC-156,SSO integration,low,resolved,2025-05-28T14:00:00,2025-06-02T11:00:00,feature_request
TKT-3a67eaf4,ACC-156,Payment processing issue,low,resolved,2025-05-02T14:00:00,2025-05-04T01:00:00,billing
TKT-87d1bcee,ACC-158,Dashboard not loading,medium,open,2025-04-27T14:00:00,,bug
TKT-ba71bc5d,ACC-158,Missing overage charges,medium,open,2025-07-09T14:00:00,,billing
TKT-82b72d62,ACC-158,Dashboard not loading,medium,resolved,2025-07-03T14:00:00,2025-07-10T10:00:00,bug
TKT-6f1ce372,ACC-159,Bulk export capability,low,resolved,2025-05-17T14:00:00,2025-05-23T01:00:00,feature_request
TKT-6502fceb,ACC-159,Incorrect invoice amount,high,resolved,2025-05-19T14:00:00,2025-05-20T14:00:00,billing
TKT-84361bd7,ACC-159,Dashboard not loading,critical,resolved,2025-05-30T14:00:00,2025-05-31T09:00:00,bug
TKT-2da2fc21,ACC-162,Incorrect invoice amount,high,open,2025-05-12T14:00:00,,billing
TKT-fcf95987,ACC-163,Rate limiting issue,medium,resolved,2025-06-05T14:00:00,2025-06-09T08:00:00,technical
TKT-19352597,ACC-163,Documentation question,high,resolved,2025-06-06T14:00:00,2025-06-12T21:00:00,onboarding
TKT-d51d68ef,ACC-163,Rate limiting issue,medium,open,2025-05-07T14:00:00,,technical
TKT-9a2c847c,ACC-165,SSO integration,low,in_progress,2025-06-30T14:00:00,,feature_request
TKT-e8661d69,ACC-165,Data sync failure,low,resolved,2025-06-11T14:00:00,2025-06-17T22:00:00,technical
TKT-9c1d0de2,ACC-165,Dashboard not loading,low,resolved,2025-04-29T14:00:00,2025-05-04T10:00:00,bug
TKT-ce3d5231,ACC-165,Custom dashboard request,critical,resolved,2025-05-22T14:00:00,2025-05-23T04:00:00,feature_request
TKT-cea76b8e,ACC-166,Billing cycle question,medium,in_progress,2025-06-20T14:00:00,,billing
TKT-2a2e062c,ACC-168,API v2 access,medium,in_progress,2025-07-10T14:00:00,,feature_request
TKT-bd89df7f,ACC-168,API latency spike,high,open,2025-06-06T14:00:00,,technical
TKT-78e00b3b,ACC-168,SSO integration,low,resolved,2025-05-04T14:00:00,2025-05-08T00:00:00,feature_request
TKT-4828d8f7,ACC-169,Incorrect invoice amount,medium,resolved,2025-05-21T14:00:00,2025-05-25T11:00:00,billing
TKT-dd754940,ACC-169,Payment processing issue,low,in_progress,2025-05-19T14:00:00,,billing
TKT-f71197bc,ACC-170,Bulk export capability,low,resolved,2025-05-22T14:00:00,2025-05-28T16:00:00,feature_request
TKT-40a70a41,ACC-170,Documentation question,low,open,2025-05-02T14:00:00,,onboarding
TKT-34b1e53b,ACC-170,Data sync failure,medium,open,2025-05-19T14:00:00,,technical
TKT-4081e774,ACC-170,Incorrect invoice amount,low,resolved,2025-06-04T14:00:00,2025-06-08T11:00:00,billing
TKT-120c9dd3,ACC-171,Data duplication in reports,medium,resolved,2025-07-09T14:00:00,2025-07-16T06:00:00,bug
TKT-7e612946,ACC-171,Billing cycle question,medium,resolved,2025-06-23T14:00:00,2025-06-24T13:00:00,billing
TKT-27c939e2,ACC-172,SSO integration,low,in_progress,2025-06-27T14:00:00,,feature_request
TKT-b2cebf73,ACC-173,Payment processing issue,critical,resolved,2025-06-21T14:00:00,2025-06-23T08:00:00,billing
TKT-0b3d870d,ACC-173,Authentication error,high,open,2025-06-25T14:00:00,,technical
TKT-19cba41c,ACC-173,API latency spike,high,resolved,2025-04-26T14:00:00,2025-04-28T05:00:00,technical
TKT-d73ecbe8,ACC-173,Export file corrupted,critical,resolved,2025-05-25T14:00:00,2025-05-27T03:00:00,bug
TKT-ae5e7d7f,ACC-173,Missing overage charges,medium,open,2025-06-28T14:00:00,,billing
TKT-c06ac630,ACC-173,Dashboard not loading,high,resolved,2025-06-01T14:00:00,2025-06-07T14:00:00,bug
TKT-12518cf8,ACC-173,Incorrect invoice amount,high,resolved,2025-04-30T14:00:00,2025-05-01T01:00:00,billing
TKT-9534c3d6,ACC-173,Data duplication in reports,high,resolved,2025-05-23T14:00:00,2025-05-27T02:00:00,bug
TKT-8551745c,ACC-173,Dashboard not loading,high,in_progress,2025-05-25T14:00:00,,bug
TKT-a79a277b,ACC-173,Data duplication in reports,high,open,2025-05-04T14:00:00,,bug
TKT-28cf002b,ACC-173,Payment processing issue,medium,resolved,2025-06-09T14:00:00,2025-06-12T20:00:00,billing
TKT-01b0df56,ACC-173,Missing overage charges,critical,resolved,2025-05-31T14:00:00,2025-06-05T08:00:00,billing
TKT-9ba1b6e4,ACC-175,Incorrect invoice amount,high,open,2025-05-22T14:00:00,,billing
TKT-f06ca1ae,ACC-176,Custom dashboard request,medium,resolved,2025-05-01T14:00:00,2025-05-04T02:00:00,feature_request
TKT-96186b7d,ACC-176,Authentication error,high,in_progress,2025-05-17T14:00:00,,technical
TKT-31ee0e5a,ACC-176,Team training request,medium,resolved,2025-07-10T14:00:00,2025-07-13T13:00:00,onboarding
TKT-7d9e60eb,ACC-176,Data duplication in reports,medium,resolved,2025-04-26T14:00:00,2025-04-27T10:00:00,bug
TKT-6ad020a5,ACC-178,Authentication error,medium,in_progress,2025-04-26T14:00:00,,technical
TKT-1ad954b4,ACC-178,Export file corrupted,high,resolved,2025-05-18T14:00:00,2025-05-21T16:00:00,bug
TKT-6f91e13a,ACC-178,API v2 access,medium,resolved,2025-06-23T14:00:00,2025-06-27T03:00:00,feature_request
TKT-5d77414c,ACC-178,API latency spike,medium,resolved,2025-07-06T14:00:00,2025-07-12T08:00:00,technical
TKT-0248f8e3,ACC-179,Incorrect usage metrics,critical,resolved,2025-05-04T14:00:00,2025-05-07T02:00:00,bug
TKT-b2d558dc,ACC-179,API v2 access,low,resolved,2025-05-30T14:00:00,2025-06-06T00:00:00,feature_request
TKT-2d1e0f02,ACC-179,Integration setup help,high,in_progress,2025-06-05T14:00:00,,onboarding
TKT-6d1f225a,ACC-179,Billing cycle question,low,resolved,2025-04-28T14:00:00,2025-05-05T08:00:00,billing
TKT-baa14dea,ACC-180,SSO integration,medium,resolved,2025-06-23T14:00:00,2025-06-26T18:00:00,feature_request
TKT-a80305a3,ACC-180,Incorrect invoice amount,low,resolved,2025-04-29T14:00:00,2025-05-01T17:00:00,billing
TKT-14f93195,ACC-180,Dashboard not loading,low,resolved,2025-06-17T14:00:00,2025-06-18T15:00:00,bug
TKT-4360795a,ACC-181,Data sync failure,medium,resolved,2025-07-03T14:00:00,2025-07-06T12:00:00,technical
TKT-08e44e8d,ACC-181,Custom dashboard request,medium,resolved,2025-06-09T14:00:00,2025-06-11T04:00:00,feature_request
TKT-eea2c7d8,ACC-181,Bulk export capability,medium,in_progress,2025-07-10T14:00:00,,feature_request
TKT-037d237d,ACC-181,Missing overage charges,medium,resolved,2025-05-27T14:00:00,2025-05-30T01:00:00,billing
TKT-88699a52,ACC-183,Incorrect invoice amount,high,in_progress,2025-07-07T14:00:00,,billing
TKT-10ddce3f,ACC-183,Incorrect usage metrics,low,resolved,2025-06-04T14:00:00,2025-06-08T05:00:00,bug
TKT-4a93e66f,ACC-183,Documentation question,low,in_progress,2025-07-02T14:00:00,,onboarding
TKT-4cec2e23,ACC-185,Payment processing issue,critical,in_progress,2025-05-21T14:00:00,,billing
TKT-4e172393,ACC-185,Bulk export capability,medium,in_progress,2025-07-10T14:00:00,,feature_request
TKT-cffe7186,ACC-185,Custom dashboard request,medium,open,2025-06-12T14:00:00,,feature_request
TKT-ba7fd939,ACC-185,Payment processing issue,medium,in_progress,2025-05-30T14:00:00,,billing
TKT-b29bc2a2,ACC-186,Data duplication in reports,high,resolved,2025-05-23T14:00:00,2025-05-27T03:00:00,bug
TKT-f540da99,ACC-186,Bulk export capability,medium,resolved,2025-06-15T14:00:00,2025-06-16T20:00:00,feature_request
TKT-ea030a30,ACC-187,SSO integration,critical,resolved,2025-06-14T14:00:00,2025-06-16T05:00:00,feature_request
TKT-cff936c7,ACC-187,Data sync failure,medium,open,2025-06-02T14:00:00,,technical
TKT-114a46ac,ACC-187,Rate limiting issue,medium,resolved,2025-05-01T14:00:00,2025-05-08T02:00:00,technical
TKT-310eb8c1,ACC-188,Documentation question,medium,in_progress,2025-05-01T14:00:00,,onboarding
TKT-785cd132,ACC-188,SSO integration,medium,resolved,2025-06-18T14:00:00,2025-06-22T17:00:00,feature_request
TKT-da3c8366,ACC-188,Incorrect usage metrics,low,resolved,2025-05-26T14:00:00,2025-05-29T16:00:00,bug
TKT-d6f787a3,ACC-188,Integration setup help,medium,open,2025-06-10T14:00:00,,onboarding
TKT-76d65b13,ACC-189,Migration assistance,high,resolved,2025-06-05T14:00:00,2025-06-08T18:00:00,onboarding
TKT-f706b49b,ACC-189,Rate limiting issue,critical,resolved,2025-05-05T14:00:00,2025-05-08T21:00:00,technical
TKT-4fb25d5f,ACC-189,Data duplication in reports,critical,in_progress,2025-04-29T14:00:00,,bug
TKT-d2be5726,ACC-189,Data duplication in reports,high,resolved,2025-06-10T14:00:00,2025-06-13T23:00:00,bug
TKT-c2645cee,ACC-189,Documentation question,high,resolved,2025-06-30T14:00:00,2025-07-04T11:00:00,onboarding
TKT-06fd5ed2,ACC-189,Authentication error,high,resolved,2025-06-26T14:00:00,2025-07-01T00:00:00,technical
TKT-0e6429b8,ACC-189,Documentation question,high,resolved,2025-06-10T14:00:00,2025-06-14T07:00:00,onboarding
TKT-821c6173,ACC-189,API latency spike,critical,in_progress,2025-05-24T14:00:00,,technical
TKT-ba02dd06,ACC-189,Data duplication in reports,medium,resolved,2025-05-25T14:00:00,2025-05-31T05:00:00,bug
TKT-62c048ef,ACC-192,API v2 access,medium,resolved,2025-05-21T14:00:00,2025-05-22T01:00:00,feature_request
TKT-6f47a31c,ACC-192,Custom dashboard request,low,resolved,2025-06-20T14:00:00,2025-06-24T02:00:00,feature_request
TKT-5c12c613,ACC-192,Incorrect invoice amount,high,in_progress,2025-07-09T14:00:00,,billing
TKT-2070fdfe,ACC-193,Incorrect usage metrics,medium,in_progress,2025-06-19T14:00:00,,bug
TKT-1a5012e7,ACC-195,Bulk export capability,high,in_progress,2025-05-29T14:00:00,,feature_request
TKT-242a9794,ACC-195,Export file corrupted,medium,in_progress,2025-05-25T14:00:00,,bug
TKT-2e9f31ff,ACC-195,API latency spike,medium,in_progress,2025-05-06T14:00:00,,technical
TKT-c0a47ca5,ACC-198,Dashboard not loading,high,resolved,2025-07-10T14:00:00,2025-07-12T09:00:00,bug
TKT-3ede214c,ACC-199,Rate limiting issue,medium,resolved,2025-05-20T14:00:00,2025-05-25T09:00:00,technical
TKT-64b75038,ACC-199,Incorrect invoice amount,medium,resolved,2025-07-08T14:00:00,2025-07-10T06:00:00,billing
TKT-c51ff1dd,ACC-199,Custom dashboard request,low,in_progress,2025-07-04T14:00:00,,feature_request
TKT-31bd9f41,ACC-199,Documentation question,low,resolved,2025-05-17T14:00:00,2025-05-20T15:00:00,onboarding
TKT-0b247945,ACC-200,API v2 access,low,resolved,2025-06-13T14:00:00,2025-06-17T16:00:00,feature_request
TKT-e4191d03,ACC-200,Integration setup help,medium,in_progress,2025-05-28T14:00:00,,onboarding
TKT-bf1254fd,ACC-201,Incorrect usage metrics,medium,in_progress,2025-05-15T14:00:00,,bug
TKT-ee4b2ac0,ACC-201,Incorrect usage metrics,high,resolved,2025-06-14T14:00:00,2025-06-21T03:00:00,bug
TKT-36be1b9e,ACC-201,API latency spike,medium,resolved,2025-05-09T14:00:00,2025-05-13T14:00:00,technical
TKT-6ac6c250,ACC-201,Authentication error,high,open,2025-06-01T14:00:00,,technical
TKT-c29ada63,ACC-202,Integration setup help,medium,resolved,2025-06-28T14:00:00,2025-07-03T14:00:00,onboarding
TKT-6cb7e96a,ACC-202,Data sync failure,low,resolved,2025-07-04T14:00:00,2025-07-05T01:00:00,technical
TKT-b5fc92dd,ACC-202,Documentation question,low,in_progress,2025-06-22T14:00:00,,onboarding
TKT-05bdb120,ACC-202,API v2 access,medium,resolved,2025-06-11T14:00:00,2025-06-14T00:00:00,feature_request
TKT-77488f76,ACC-203,Integration setup help,critical,resolved,2025-06-21T14:00:00,2025-06-25T04:00:00,onboarding
TKT-7151cf00,ACC-203,Payment processing issue,low,resolved,2025-05-20T14:00:00,2025-05-21T17:00:00,billing
TKT-6e55bb5b,ACC-203,Billing cycle question,high,resolved,2025-07-07T14:00:00,2025-07-13T20:00:00,billing
TKT-28307130,ACC-204,Missing overage charges,low,resolved,2025-05-18T14:00:00,2025-05-19T11:00:00,billing
TKT-8baaca62,ACC-205,Data duplication in reports,medium,in_progress,2025-05-21T14:00:00,,bug
TKT-661f2147,ACC-206,API v2 access,medium,resolved,2025-05-06T14:00:00,2025-05-11T06:00:00,feature_request
TKT-cb811865,ACC-206,API latency spike,low,resolved,2025-05-01T14:00:00,2025-05-02T13:00:00,technical
TKT-4a5874df,ACC-206,Billing cycle question,medium,resolved,2025-06-26T14:00:00,2025-06-30T14:00:00,billing
TKT-83b902d9,ACC-207,Documentation question,high,resolved,2025-05-16T14:00:00,2025-05-21T22:00:00,onboarding
TKT-b12e522c,ACC-207,SSO integration,medium,open,2025-06-20T14:00:00,,feature_request
TKT-2461cbf7,ACC-207,API latency spike,low,open,2025-06-08T14:00:00,,technical
TKT-c5eb017d,ACC-208,API latency spike,low,open,2025-06-04T14:00:00,,technical
TKT-3efc21de,ACC-208,Billing cycle question,medium,in_progress,2025-06-25T14:00:00,,billing
TKT-689302e7,ACC-208,API latency spike,medium,open,2025-05-26T14:00:00,,technical
TKT-1621243d,ACC-209,Team training request,low,resolved,2025-06-13T14:00:00,2025-06-20T01:00:00,onboarding
TKT-11f0a0f8,ACC-209,Payment processing issue,medium,in_progress,2025-06-28T14:00:00,,billing
TKT-f8d5d3c9,ACC-209,Documentation question,medium,in_progress,2025-07-01T14:00:00,,onboarding
TKT-d5aeee9e,ACC-209,Authentication error,medium,open,2025-05-26T14:00:00,,technical
TKT-3fc4f79d,ACC-211,Missing overage charges,high,resolved,2025-05-19T14:00:00,2025-05-19T20:00:00,billing
TKT-35a520d0,ACC-211,Billing cycle question,low,in_progress,2025-05-11T14:00:00,,billing
TKT-72f688fa,ACC-211,Incorrect invoice amount,medium,resolved,2025-05-22T14:00:00,2025-05-27T20:00:00,billing
TKT-f8368bc7,ACC-211,Export file corrupted,high,resolved,2025-04-26T14:00:00,2025-04-30T22:00:00,bug
TKT-33acf5cb,ACC-212,Authentication error,medium,resolved,2025-05-31T14:00:00,2025-06-06T09:00:00,technical
TKT-ebfe41e8,ACC-212,Incorrect invoice amount,medium,resolved,2025-05-09T14:00:00,2025-05-15T15:00:00,billing
TKT-b3f6262a,ACC-214,Billing cycle question,medium,resolved,2025-05-21T14:00:00,2025-05-24T10:00:00,billing
TKT-ef615ae5,ACC-214,Rate limiting issue,medium,open,2025-07-06T14:00:00,,technical
TKT-4016c498,ACC-214,Export file corrupted,medium,resolved,2025-05-02T14:00:00,2025-05-03T21:00:00,bug
TKT-a95ec4f0,ACC-214,Authentication error,medium,in_progress,2025-05-22T14:00:00,,technical
TKT-d13a4a7f,ACC-215,Custom dashboard request,medium,open,2025-05-01T14:00:00,,feature_request
TKT-94786f01,ACC-216,Incorrect usage metrics,medium,resolved,2025-05-18T14:00:00,2025-05-24T04:00:00,bug
TKT-686615ee,ACC-216,Dashboard not loading,high,resolved,2025-06-15T14:00:00,2025-06-18T06:00:00,bug
TKT-f378c122,ACC-216,Incorrect invoice amount,high,resolved,2025-05-11T14:00:00,2025-05-16T01:00:00,billing
TKT-b62ae45f,ACC-216,API latency spike,high,resolved,2025-04-30T14:00:00,2025-04-30T19:00:00,technical
TKT-ddc03d8c,ACC-216,Dashboard not loading,high,resolved,2025-05-10T14:00:00,2025-05-15T00:00:00,bug
TKT-ee1be653,ACC-216,Data duplication in reports,high,resolved,2025-07-09T14:00:00,2025-07-11T20:00:00,bug
TKT-2bd08f35,ACC-216,Missing overage charges,high,resolved,2025-07-09T14:00:00,2025-07-16T06:00:00,billing
TKT-16af1a47,ACC-216,Missing overage charges,high,in_progress,2025-07-04T14:00:00,,billing
TKT-413066e5,ACC-216,Authentication error,medium,resolved,2025-05-11T14:00:00,2025-05-15T05:00:00,technical
TKT-725461ae,ACC-216,Export file corrupted,high,open,2025-06-25T14:00:00,,bug
TKT-aace6f01,ACC-216,Missing overage charges,high,in_progress,2025-06-08T14:00:00,,billing
TKT-83d645db,ACC-216,Rate limiting issue,critical,resolved,2025-05-05T14:00:00,2025-05-12T08:00:00,technical
TKT-2992d283,ACC-217,Migration assistance,medium,resolved,2025-05-10T14:00:00,2025-05-13T13:00:00,onboarding
TKT-00247f70,ACC-218,Incorrect usage metrics,low,resolved,2025-07-09T14:00:00,2025-07-14T04:00:00,bug
TKT-13dda675,ACC-220,Rate limiting issue,low,resolved,2025-06-23T14:00:00,2025-06-26T00:00:00,technical
TKT-76696315,ACC-223,Billing cycle question,medium,resolved,2025-07-04T14:00:00,2025-07-07T17:00:00,billing
TKT-19f52d5d,ACC-225,Billing cycle question,critical,in_progress,2025-06-17T14:00:00,,billing
TKT-d5b06bd0,ACC-225,Team training request,medium,resolved,2025-07-06T14:00:00,2025-07-08T05:00:00,onboarding
TKT-dfe39bfa,ACC-225,API latency spike,low,resolved,2025-05-25T14:00:00,2025-05-30T06:00:00,technical
TKT-7e8acece,ACC-225,Incorrect usage metrics,medium,resolved,2025-06-09T14:00:00,2025-06-16T10:00:00,bug
TKT-05c69bdd,ACC-227,Dashboard not loading,critical,open,2025-05-17T14:00:00,,bug
TKT-64753102,ACC-227,API v2 access,medium,open,2025-06-09T14:00:00,,feature_request
TKT-e6fe24d6,ACC-230,Integration setup help,medium,resolved,2025-05-23T14:00:00,2025-05-28T13:00:00,onboarding
TKT-332e37dd,ACC-230,Migration assistance,low,in_progress,2025-06-29T14:00:00,,onboarding
TKT-13c857df,ACC-231,Dashboard not loading,medium,open,2025-06-28T14:00:00,,bug
TKT-9be79e83,ACC-231,Incorrect usage metrics,low,resolved,2025-06-07T14:00:00,2025-06-09T17:00:00,bug
TKT-b6a7885c,ACC-232,Migration assistance,medium,resolved,2025-07-10T14:00:00,2025-07-14T16:00:00,onboarding
TKT-a8d16301,ACC-232,Dashboard not loading,low,resolved,2025-06-29T14:00:00,2025-07-06T09:00:00,bug
TKT-bca74fac,ACC-232,Team training request,critical,in_progress,2025-06-25T14:00:00,,onboarding
TKT-9374a7b7,ACC-232,Export file corrupted,medium,resolved,2025-05-27T14:00:00,2025-06-01T22:00:00,bug
TKT-55fc60f9,ACC-233,Billing cycle question,medium,resolved,2025-05-23T14:00:00,2025-05-25T23:00:00,billing
TKT-9d584b34,ACC-234,Missing overage charges,low,resolved,2025-05-19T14:00:00,2025-05-20T03:00:00,billing
TKT-b6388851,ACC-234,API latency spike,medium,resolved,2025-05-13T14:00:00,2025-05-15T21:00:00,technical
TKT-5d397312,ACC-234,Data sync failure,medium,resolved,2025-06-29T14:00:00,2025-07-02T22:00:00,technical
TKT-db05805b,ACC-234,Missing overage charges,low,resolved,2025-06-16T14:00:00,2025-06-23T12:00:00,billing
TKT-f6cebf58,ACC-235,Integration setup help,low,open,2025-06-03T14:00:00,,onboarding
TKT-a292a34d,ACC-235,Data duplication in reports,low,resolved,2025-05-05T14:00:00,2025-05-06T16:00:00,bug
TKT-f4bd6ee8,ACC-235,Migration assistance,medium,in_progress,2025-06-04T14:00:00,,onboarding
TKT-b3949e59,ACC-235,Documentation question,medium,in_progress,2025-07-08T14:00:00,,onboarding
TKT-6095064d,ACC-236,Authentication error,high,resolved,2025-05-24T14:00:00,2025-05-31T12:00:00,technical
TKT-c6b27d7a,ACC-236,Authentication error,high,resolved,2025-05-22T14:00:00,2025-05-25T03:00:00,technical
TKT-7b54337d,ACC-236,Data sync failure,high,resolved,2025-05-09T14:00:00,2025-05-14T17:00:00,technical
TKT-ea909971,ACC-236,API latency spike,medium,resolved,2025-06-03T14:00:00,2025-06-04T17:00:00,technical
TKT-e3f9e43e,ACC-236,Incorrect usage metrics,medium,open,2025-05-10T14:00:00,,bug
TKT-b9934f1b,ACC-236,Team training request,medium,resolved,2025-06-10T14:00:00,2025-06-16T02:00:00,onboarding
TKT-11eb6d48,ACC-236,Data sync failure,medium,resolved,2025-05-13T14:00:00,2025-05-15T06:00:00,technical
TKT-3d3b503c,ACC-236,Documentation question,high,resolved,2025-05-09T14:00:00,2025-05-15T07:00:00,onboarding
TKT-70b70ad7,ACC-236,Team training request,medium,resolved,2025-07-01T14:00:00,2025-07-04T02:00:00,onboarding
TKT-7486e7af,ACC-236,API latency spike,critical,open,2025-05-05T14:00:00,,technical
TKT-b2fc273c,ACC-237,Bulk export capability,medium,in_progress,2025-05-26T14:00:00,,feature_request
TKT-da69f388,ACC-237,API v2 access,medium,resolved,2025-05-12T14:00:00,2025-05-14T21:00:00,feature_request
TKT-7c1f1179,ACC-237,Incorrect invoice amount,high,open,2025-06-08T14:00:00,,billing
TKT-0cc3a797,ACC-238,Documentation question,medium,resolved,2025-05-31T14:00:00,2025-06-02T08:00:00,onboarding
TKT-5b1c0660,ACC-238,Missing overage charges,critical,in_progress,2025-06-04T14:00:00,,billing
TKT-8de9c7da,ACC-238,Custom dashboard request,low,resolved,2025-06-01T14:00:00,2025-06-05T16:00:00,feature_request
TKT-6d84f6d8,ACC-240,Bulk export capability,high,resolved,2025-05-27T14:00:00,2025-05-27T23:00:00,feature_request
TKT-03ad6563,ACC-240,Authentication error,low,resolved,2025-05-09T14:00:00,2025-05-15T12:00:00,technical
TKT-3571e558,ACC-241,Billing cycle question,high,resolved,2025-06-17T14:00:00,2025-06-19T20:00:00,billing
TKT-2cbee7d7,ACC-241,Billing cycle question,high,resolved,2025-05-15T14:00:00,2025-05-18T13:00:00,billing
TKT-b105fa78,ACC-242,Missing overage charges,critical,in_progress,2025-06-19T14:00:00,,billing
TKT-77065299,ACC-242,Payment processing issue,low,resolved,2025-06-01T14:00:00,2025-06-03T21:00:00,billing
TKT-382f84c2,ACC-242,Data duplication in reports,high,resolved,2025-06-14T14:00:00,2025-06-21T08:00:00,bug
TKT-35a3c6ad,ACC-243,Missing overage charges,low,resolved,2025-05-26T14:00:00,2025-05-31T01:00:00,billing
TKT-845106cd,ACC-243,Custom dashboard request,high,open,2025-06-28T14:00:00,,feature_request
TKT-812edab0,ACC-244,Bulk export capability,critical,resolved,2025-06-30T14:00:00,2025-07-02T08:00:00,feature_request
TKT-87281a85,ACC-244,SSO integration,high,open,2025-05-31T14:00:00,,feature_request
TKT-5cf02b23,ACC-244,Missing overage charges,medium,resolved,2025-05-08T14:00:00,2025-05-09T09:00:00,billing
TKT-a44d1bb5,ACC-246,Payment processing issue,medium,resolved,2025-06-01T14:00:00,2025-06-02T17:00:00,billing
TKT-5d8b80e3,ACC-246,Team training request,high,in_progress,2025-05-14T14:00:00,,onboarding
TKT-9c72708e,ACC-246,Data duplication in reports,medium,open,2025-05-28T14:00:00,,bug
TKT-60fe966e,ACC-246,Missing overage charges,medium,in_progress,2025-05-03T14:00:00,,billing
TKT-c8ee11de,ACC-247,Billing cycle question,medium,resolved,2025-05-06T14:00:00,2025-05-07T23:00:00,billing
TKT-811aaffe,ACC-247,Incorrect invoice amount,low,resolved,2025-05-27T14:00:00,2025-05-31T20:00:00,billing
TKT-8f158bce,ACC-247,Incorrect usage metrics,low,resolved,2025-06-07T14:00:00,2025-06-12T23:00:00,bug
TKT-5c5f427a,ACC-248,Missing overage charges,medium,in_progress,2025-05-09T14:00:00,,billing
TKT-748f95d2,ACC-248,Team training request,low,open,2025-05-18T14:00:00,,onboarding
TKT-0a329d88,ACC-248,Integration setup help,medium,resolved,2025-07-08T14:00:00,2025-07-13T00:00:00,onboarding
TKT-797e50a9,ACC-249,Incorrect invoice amount,high,in_progress,2025-05-11T14:00:00,,billing
TKT-908534ee,ACC-250,Export file corrupted,high,open,2025-06-18T14:00:00,,bug
TKT-5ebdf095,ACC-250,Integration setup help,medium,in_progress,2025-06-17T14:00:00,,onboarding
TKT-4e588a95,ACC-250,Billing cycle question,high,resolved,2025-05-19T14:00:00,2025-05-20T23:00:00,billing
TKT-a8f1eba2,ACC-252,Export file corrupted,high,resolved,2025-06-11T14:00:00,2025-06-12T10:00:00,bug
TKT-b4648c2e,ACC-252,Dashboard not loading,low,open,2025-05-17T14:00:00,,bug
TKT-a67edf88,ACC-252,Authentication error,medium,resolved,2025-06-11T14:00:00,2025-06-12T18:00:00,technical
TKT-0c410fd6,ACC-253,Integration setup help,high,resolved,2025-07-07T14:00:00,2025-07-14T02:00:00,onboarding
TKT-0a6319a0,ACC-253,Incorrect usage metrics,low,open,2025-05-31T14:00:00,,bug
TKT-57ba0d45,ACC-254,API latency spike,medium,open,2025-06-14T14:00:00,,technical
TKT-0dc92b02,ACC-254,Custom dashboard request,high,in_progress,2025-07-07T14:00:00,,feature_request
TKT-4cd53186,ACC-254,Data duplication in reports,high,in_progress,2025-05-30T14:00:00,,bug
TKT-3f508692,ACC-255,Payment processing issue,low,resolved,2025-06-20T14:00:00,2025-06-24T21:00:00,billing
TKT-5577e4bb,ACC-255,Incorrect usage metrics,low,open,2025-05-21T14:00:00,,bug
TKT-f3c8e8b2,ACC-256,Migration assistance,high,open,2025-05-05T14:00:00,,onboarding
TKT-3ebdd533,ACC-256,Billing cycle question,medium,resolved,2025-07-04T14:00:00,2025-07-08T22:00:00,billing
TKT-a2acdf01,ACC-258,Team training request,critical,resolved,2025-07-02T14:00:00,2025-07-05T16:00:00,onboarding
TKT-25c83df9,ACC-258,Incorrect invoice amount,medium,open,2025-06-17T14:00:00,,billing
TKT-b1968d85,ACC-258,Bulk export capability,medium,open,2025-06-15T14:00:00,,feature_request
TKT-2fb3a50a,ACC-259,Rate limiting issue,high,resolved,2025-05-23T14:00:00,2025-05-24T20:00:00,technical
TKT-26241868,ACC-259,Billing cycle question,medium,in_progress,2025-05-13T14:00:00,,billing
TKT-39b7f935,ACC-259,Incorrect invoice amount,medium,resolved,2025-05-31T14:00:00,2025-06-06T03:00:00,billing
TKT-0182546d,ACC-259,Export file corrupted,high,resolved,2025-05-04T14:00:00,2025-05-08T05:00:00,bug
TKT-aa1a0bb4,ACC-259,Payment processing issue,medium,resolved,2025-05-26T14:00:00,2025-05-29T04:00:00,billing
TKT-80f65630,ACC-259,Export file corrupted,high,in_progress,2025-06-23T14:00:00,,bug
TKT-e29c0efe,ACC-259,Data sync failure,high,resolved,2025-06-06T14:00:00,2025-06-12T21:00:00,technical
TKT-8cb0cdfc,ACC-259,Dashboard not loading,critical,resolved,2025-06-27T14:00:00,2025-06-28T10:00:00,bug
TKT-cbbe8ae0,ACC-259,Authentication error,high,resolved,2025-07-08T14:00:00,2025-07-15T04:00:00,technical
TKT-b92d952e,ACC-259,Dashboard not loading,high,resolved,2025-06-15T14:00:00,2025-06-19T06:00:00,bug
TKT-0f161296,ACC-259,Payment processing issue,medium,open,2025-05-13T14:00:00,,billing
TKT-185d381a,ACC-260,Payment processing issue,critical,resolved,2025-06-04T14:00:00,2025-06-08T21:00:00,billing
TKT-ee9637d6,ACC-260,SSO integration,low,resolved,2025-07-08T14:00:00,2025-07-14T00:00:00,feature_request
TKT-b5ac6b98,ACC-260,Export file corrupted,low,open,2025-06-14T14:00:00,,bug
TKT-352e80e2,ACC-260,Billing cycle question,medium,resolved,2025-06-13T14:00:00,2025-06-19T23:00:00,billing
TKT-96be2bb6,ACC-261,Payment processing issue,medium,open,2025-05-24T14:00:00,,billing
TKT-b912c850,ACC-261,Data duplication in reports,high,resolved,2025-05-17T14:00:00,2025-05-22T22:00:00,bug
TKT-85cd0c7c,ACC-261,Dashboard not loading,high,in_progress,2025-06-30T14:00:00,,bug
TKT-ec934ef0,ACC-261,SSO integration,medium,resolved,2025-06-26T14:00:00,2025-07-01T22:00:00,feature_request
TKT-90126aa4,ACC-262,Rate limiting issue,critical,resolved,2025-04-30T14:00:00,2025-05-06T07:00:00,technical
TKT-042126fb,ACC-262,Export file corrupted,low,open,2025-05-09T14:00:00,,bug
TKT-f2fe671b,ACC-262,Incorrect usage metrics,medium,resolved,2025-06-22T14:00:00,2025-06-27T02:00:00,bug
TKT-7651f8b3,ACC-262,Integration setup help,high,open,2025-04-29T14:00:00,,onboarding
TKT-1bb1faa8,ACC-263,Billing cycle question,low,resolved,2025-06-05T14:00:00,2025-06-07T14:00:00,billing
TKT-8b035d2b,ACC-265,Documentation question,high,resolved,2025-05-27T14:00:00,2025-06-01T10:00:00,onboarding
TKT-e4dd51b3,ACC-267,Custom dashboard request,high,resolved,2025-06-18T14:00:00,2025-06-21T16:00:00,feature_request
TKT-2864bfd0,ACC-268,Documentation question,medium,resolved,2025-05-20T14:00:00,2025-05-21T13:00:00,onboarding
TKT-a9527be5,ACC-268,Authentication error,medium,resolved,2025-06-07T14:00:00,2025-06-13T12:00:00,technical
TKT-d2ef3da4,ACC-268,API latency spike,medium,resolved,2025-06-06T14:00:00,2025-06-09T02:00:00,technical
TKT-0aacf22c,ACC-269,Documentation question,high,open,2025-06-30T14:00:00,,onboarding
TKT-55abe762,ACC-269,Documentation question,medium,open,2025-05-11T14:00:00,,onboarding
TKT-9d97d533,ACC-269,Rate limiting issue,medium,resolved,2025-06-08T14:00:00,2025-06-14T10:00:00,technical
TKT-7fae548e,ACC-269,Data sync failure,medium,resolved,2025-07-02T14:00:00,2025-07-07T13:00:00,technical
TKT-7219198e,ACC-270,Incorrect invoice amount,medium,resolved,2025-07-02T14:00:00,2025-07-08T03:00:00,billing
TKT-8e0b9a0e,ACC-270,Data duplication in reports,high,in_progress,2025-05-22T14:00:00,,bug
TKT-b69f3799,ACC-271,Bulk export capability,medium,resolved,2025-06-01T14:00:00,2025-06-01T23:00:00,feature_request
TKT-8e9fd875,ACC-271,Custom dashboard request,medium,resolved,2025-05-17T14:00:00,2025-05-22T11:00:00,feature_request
TKT-c74ecc34,ACC-271,SSO integration,medium,resolved,2025-05-08T14:00:00,2025-05-13T15:00:00,feature_request
TKT-ac5c3b08,ACC-271,API v2 access,low,in_progress,2025-05-27T14:00:00,,feature_request
TKT-811a6545,ACC-272,SSO integration,low,resolved,2025-06-01T14:00:00,2025-06-04T13:00:00,feature_request
TKT-8b6d23d6,ACC-272,Dashboard not loading,low,resolved,2025-05-01T14:00:00,2025-05-02T05:00:00,bug
TKT-f399770b,ACC-273,Authentication error,high,resolved,2025-06-04T14:00:00,2025-06-09T10:00:00,technical
TKT-03e8b60f,ACC-273,SSO integration,high,resolved,2025-04-26T14:00:00,2025-04-29T04:00:00,feature_request
TKT-a26d32aa,ACC-274,Billing cycle question,medium,resolved,2025-05-18T14:00:00,2025-05-21T19:00:00,billing
TKT-b3b60133,ACC-274,Export file corrupted,high,open,2025-05-11T14:00:00,,bug
TKT-6138f0a5,ACC-275,Migration assistance,high,resolved,2025-06-21T14:00:00,2025-06-27T20:00:00,onboarding
TKT-d82c3b23,ACC-276,Documentation question,critical,in_progress,2025-07-01T14:00:00,,onboarding
TKT-d6ed550a,ACC-277,Integration setup help,medium,resolved,2025-05-25T14:00:00,2025-05-30T12:00:00,onboarding
TKT-a925f5d8,ACC-277,Integration setup help,high,resolved,2025-06-15T14:00:00,2025-06-16T11:00:00,onboarding
TKT-ebda3454,ACC-277,API v2 access,low,resolved,2025-06-17T14:00:00,2025-06-23T13:00:00,feature_request
TKT-ba4c90f4,ACC-278,API v2 access,critical,resolved,2025-05-25T14:00:00,2025-05-27T23:00:00,feature_request
TKT-2d73f990,ACC-279,Missing overage charges,critical,resolved,2025-06-14T14:00:00,2025-06-15T12:00:00,billing
TKT-f4ed8df1,ACC-279,API latency spike,low,resolved,2025-06-03T14:00:00,2025-06-03T17:00:00,technical
TKT-b92666e4,ACC-280,Bulk export capability,low,resolved,2025-07-03T14:00:00,2025-07-08T22:00:00,feature_request
TKT-28a7b2aa,ACC-281,Documentation question,medium,resolved,2025-04-30T14:00:00,2025-05-03T12:00:00,onboarding
TKT-998cb9b6,ACC-282,Billing cycle question,medium,in_progress,2025-06-01T14:00:00,,billing
TKT-8a0ad01f,ACC-282,SSO integration,medium,open,2025-06-09T14:00:00,,feature_request
TKT-a7daa73a,ACC-283,API latency spike,medium,resolved,2025-05-30T14:00:00,2025-06-02T03:00:00,technical
TKT-a925f865,ACC-283,Export file corrupted,high,resolved,2025-06-17T14:00:00,2025-06-23T05:00:00,bug
TKT-3deb65fa,ACC-283,Authentication error,medium,resolved,2025-05-04T14:00:00,2025-05-08T21:00:00,technical
TKT-605d9dc0,ACC-283,Dashboard not loading,critical,resolved,2025-06-09T14:00:00,2025-06-10T03:00:00,bug
TKT-432b817b,ACC-283,Data duplication in reports,high,resolved,2025-04-28T14:00:00,2025-04-30T22:00:00,bug
TKT-118b32c7,ACC-283,Team training request,high,in_progress,2025-05-13T14:00:00,,onboarding
TKT-6452dd32,ACC-284,Documentation question,medium,resolved,2025-05-06T14:00:00,2025-05-13T00:00:00,onboarding
TKT-4bd7e23b,ACC-284,Billing cycle question,medium,resolved,2025-05-06T14:00:00,2025-05-09T12:00:00,billing
TKT-6320d7f9,ACC-284,API v2 access,low,resolved,2025-05-24T14:00:00,2025-05-30T21:00:00,feature_request
TKT-f5a9bc8d,ACC-285,Payment processing issue,medium,resolved,2025-06-30T14:00:00,2025-07-05T04:00:00,billing
TKT-c8e6cec1,ACC-285,Custom dashboard request,low,open,2025-05-14T14:00:00,,feature_request
TKT-0a8056ec,ACC-285,Authentication error,critical,resolved,2025-07-02T14:00:00,2025-07-06T01:00:00,technical
TKT-27a20754,ACC-285,Custom dashboard request,low,resolved,2025-05-18T14:00:00,2025-05-20T23:00:00,feature_request
TKT-de21fdee,ACC-286,Bulk export capability,medium,in_progress,2025-04-30T14:00:00,,feature_request
TKT-dd0d7245,ACC-286,Authentication error,medium,resolved,2025-05-04T14:00:00,2025-05-09T02:00:00,technical
TKT-9bd896b2,ACC-287,Incorrect usage metrics,medium,resolved,2025-06-05T14:00:00,2025-06-07T07:00:00,bug
TKT-21f56888,ACC-287,Incorrect usage metrics,low,open,2025-04-29T14:00:00,,bug
TKT-3f8eff72,ACC-287,Payment processing issue,low,resolved,2025-07-09T14:00:00,2025-07-11T17:00:00,billing
TKT-61fda567,ACC-288,Team training request,low,resolved,2025-05-18T14:00:00,2025-05-24T01:00:00,onboarding
TKT-99919200,ACC-289,Export file corrupted,high,resolved,2025-05-04T14:00:00,2025-05-05T01:00:00,bug
TKT-748b8e13,ACC-290,SSO integration,medium,resolved,2025-04-28T14:00:00,2025-05-02T17:00:00,feature_request
TKT-4e14703b,ACC-290,Export file corrupted,critical,resolved,2025-06-05T14:00:00,2025-06-09T10:00:00,bug
TKT-2493dbd3,ACC-290,Payment processing issue,low,resolved,2025-05-14T14:00:00,2025-05-18T04:00:00,billing
TKT-69ed6ec0,ACC-290,API v2 access,low,resolved,2025-06-26T14:00:00,2025-06-30T09:00:00,feature_request
TKT-04e3b84b,ACC-291,Dashboard not loading,low,resolved,2025-05-27T14:00:00,2025-05-30T16:00:00,bug
TKT-436d5223,ACC-291,Team training request,high,in_progress,2025-07-10T14:00:00,,onboarding
TKT-d30aa3b3,ACC-291,Team training request,medium,resolved,2025-06-17T14:00:00,2025-06-22T18:00:00,onboarding
TKT-3a88f8b3,ACC-293,Custom dashboard request,critical,resolved,2025-05-26T14:00:00,2025-05-26T20:00:00,feature_request
TKT-feb34c9f,ACC-293,Bulk export capability,high,open,2025-05-30T14:00:00,,feature_request
TKT-0968d508,ACC-293,Documentation question,high,open,2025-06-06T14:00:00,,onboarding
TKT-d49fb713,ACC-293,Payment processing issue,low,open,2025-05-24T14:00:00,,billing
TKT-b88d27db,ACC-294,Authentication error,low,open,2025-06-25T14:00:00,,technical
TKT-968091ed,ACC-294,Integration setup help,low,open,2025-06-04T14:00:00,,onboarding
TKT-a74ab5b5,ACC-295,Export file corrupted,medium,resolved,2025-05-20T14:00:00,2025-05-21T22:00:00,bug
TKT-c60ca2dc,ACC-295,Data duplication in reports,medium,resolved,2025-05-17T14:00:00,2025-05-20T16:00:00,bug
TKT-bcf0bd16,ACC-295,Authentication error,high,resolved,2025-05-22T14:00:00,2025-05-29T12:00:00,technical
TKT-514a500b,ACC-295,API v2 access,medium,resolved,2025-05-06T14:00:00,2025-05-09T08:00:00,feature_request
TKT-113d3bdd,ACC-296,API v2 access,low,open,2025-04-30T14:00:00,,feature_request
TKT-c587719e,ACC-297,Missing overage charges,low,resolved,2025-05-16T14:00:00,2025-05-21T04:00:00,billing
TKT-5242c3e6,ACC-297,Integration setup help,medium,in_progress,2025-06-09T14:00:00,,onboarding
TKT-141b328f,ACC-297,Migration assistance,low,resolved,2025-05-28T14:00:00,2025-05-31T09:00:00,onboarding
TKT-1528b480,ACC-297,Data sync failure,medium,in_progress,2025-07-10T14:00:00,,technical
TKT-06fdb00c,ACC-298,Data sync failure,medium,resolved,2025-07-08T14:00:00,2025-07-11T07:00:00,technical
TKT-19d2ffe1,ACC-298,Incorrect invoice amount,low,resolved,2025-05-12T14:00:00,2025-05-13T03:00:00,billing
TKT-c0f36130,ACC-298,Missing overage charges,low,open,2025-06-24T14:00:00,,billing
TKT-cbdd81d5,ACC-299,Data duplication in reports,low,resolved,2025-06-20T14:00:00,2025-06-26T05:00:00,bug
TKT-f25d7921,ACC-300,Authentication error,medium,in_progress,2025-06-24T14:00:00,,technical
TKT-b140db4d,ACC-300,Incorrect usage metrics,high,resolved,2025-07-03T14:00:00,2025-07-08T21:00:00,bug
TKT-7f41df62,ACC-300,Data sync failure,high,resolved,2025-06-13T14:00:00,2025-06-20T07:00:00,technical
TKT-0d5187f6,ACC-301,Custom dashboard request,critical,resolved,2025-05-04T14:00:00,2025-05-05T07:00:00,feature_request
TKT-2e559d08,ACC-301,Incorrect usage metrics,high,resolved,2025-05-23T14:00:00,2025-05-29T23:00:00,bug
TKT-3bf200c1,ACC-301,SSO integration,high,resolved,2025-06-17T14:00:00,2025-06-21T13:00:00,feature_request
TKT-c8bd5caa,ACC-301,Data duplication in reports,critical,resolved,2025-06-17T14:00:00,2025-06-23T22:00:00,bug
TKT-0f9a44f8,ACC-302,Rate limiting issue,medium,open,2025-05-15T14:00:00,,technical
TKT-6954ea80,ACC-302,Data sync failure,medium,resolved,2025-05-01T14:00:00,2025-05-06T03:00:00,technical
TKT-1e6e5ee5,ACC-302,Payment processing issue,critical,open,2025-05-29T14:00:00,,billing
TKT-da3fe364,ACC-302,Dashboard not loading,high,resolved,2025-05-17T14:00:00,2025-05-22T12:00:00,bug
TKT-7fa727fd,ACC-302,Payment processing issue,high,resolved,2025-05-22T14:00:00,2025-05-29T00:00:00,billing
TKT-165be560,ACC-302,API latency spike,critical,resolved,2025-06-30T14:00:00,2025-06-30T16:00:00,technical
TKT-2594a6f0,ACC-302,API latency spike,medium,resolved,2025-07-07T14:00:00,2025-07-12T23:00:00,technical
TKT-59d7e67d,ACC-302,Rate limiting issue,high,resolved,2025-06-28T14:00:00,2025-07-01T18:00:00,technical
TKT-a143bbff,ACC-303,Integration setup help,medium,resolved,2025-06-04T14:00:00,2025-06-08T05:00:00,onboarding
TKT-04455fbf,ACC-304,Migration assistance,low,resolved,2025-06-06T14:00:00,2025-06-11T15:00:00,onboarding
TKT-f9fbbfbd,ACC-304,Payment processing issue,low,resolved,2025-06-08T14:00:00,2025-06-08T16:00:00,billing
TKT-f70f61dc,ACC-304,Incorrect usage metrics,medium,resolved,2025-06-11T14:00:00,2025-06-12T15:00:00,bug
TKT-ad14d2f5,ACC-304,API latency spike,low,open,2025-05-23T14:00:00,,technical
TKT-0c7e3bc4,ACC-306,Export file corrupted,medium,resolved,2025-05-05T14:00:00,2025-05-10T06:00:00,bug
TKT-94fdd3a6,ACC-307,Documentation question,low,resolved,2025-05-08T14:00:00,2025-05-11T10:00:00,onboarding
TKT-1e197b7c,ACC-307,Payment processing issue,high,in_progress,2025-05-01T14:00:00,,billing
TKT-8cd47e36,ACC-307,Billing cycle question,critical,in_progress,2025-06-15T14:00:00,,billing
TKT-ad0e6074,ACC-307,Export file corrupted,medium,resolved,2025-06-10T14:00:00,2025-06-14T22:00:00,bug
TKT-524ed8a4,ACC-308,Billing cycle question,high,resolved,2025-05-13T14:00:00,2025-05-15T20:00:00,billing
TKT-a6aaef86,ACC-308,Payment processing issue,high,open,2025-05-28T14:00:00,,billing
TKT-7068ec70,ACC-308,SSO integration,low,in_progress,2025-06-10T14:00:00,,feature_request
TKT-3d93eec4,ACC-309,Rate limiting issue,medium,resolved,2025-04-30T14:00:00,2025-05-03T00:00:00,technical
TKT-44e50327,ACC-309,Dashboard not loading,medium,resolved,2025-05-20T14:00:00,2025-05-21T04:00:00,bug
TKT-0bfc9e7a,ACC-310,Integration setup help,low,resolved,2025-06-03T14:00:00,2025-06-03T17:00:00,onboarding
TKT-586abf77,ACC-310,Bulk export capability,high,resolved,2025-06-08T14:00:00,2025-06-10T15:00:00,feature_request
TKT-5b6c4d89,ACC-310,Documentation question,high,open,2025-05-22T14:00:00,,onboarding
TKT-f092cbe9,ACC-311,Custom dashboard request,medium,resolved,2025-05-15T14:00:00,2025-05-22T14:00:00,feature_request
TKT-7d74ab3e,ACC-312,Payment processing issue,medium,resolved,2025-05-13T14:00:00,2025-05-18T01:00:00,billing
TKT-e5e13cae,ACC-315,Team training request,medium,resolved,2025-05-19T14:00:00,2025-05-20T10:00:00,onboarding
TKT-ba5ffcb4,ACC-316,Custom dashboard request,critical,resolved,2025-05-19T14:00:00,2025-05-20T00:00:00,feature_request
TKT-ff478c5c,ACC-316,Export file corrupted,medium,resolved,2025-05-18T14:00:00,2025-05-20T16:00:00,bug
TKT-38a4b10b,ACC-316,Export file corrupted,low,resolved,2025-05-25T14:00:00,2025-05-26T07:00:00,bug
TKT-5c44244d,ACC-316,Documentation question,medium,resolved,2025-05-07T14:00:00,2025-05-13T05:00:00,onboarding
TKT-15135305,ACC-317,Dashboard not loading,high,resolved,2025-05-24T14:00:00,2025-05-30T11:00:00,bug
TKT-6774f5d9,ACC-318,Team training request,medium,resolved,2025-05-13T14:00:00,2025-05-16T23:00:00,onboarding
TKT-49fe5af4,ACC-318,Missing overage charges,critical,resolved,2025-07-07T14:00:00,2025-07-08T09:00:00,billing
TKT-03fe96ae,ACC-320,Dashboard not loading,low,resolved,2025-06-26T14:00:00,2025-07-01T13:00:00,bug
TKT-e6a89439,ACC-320,Team training request,medium,in_progress,2025-06-23T14:00:00,,onboarding
TKT-c08215c4,ACC-321,Billing cycle question,high,in_progress,2025-06-11T14:00:00,,billing
TKT-3d7bbf35,ACC-321,Dashboard not loading,medium,open,2025-05-03T14:00:00,,bug
TKT-f5a9298a,ACC-322,Migration assistance,medium,in_progress,2025-06-09T14:00:00,,onboarding
TKT-cb56e16a,ACC-322,Authentication error,medium,in_progress,2025-04-27T14:00:00,,technical
TKT-c143e741,ACC-322,Billing cycle question,medium,resolved,2025-04-29T14:00:00,2025-05-05T14:00:00,billing
TKT-3a1b6146,ACC-322,Dashboard not loading,high,resolved,2025-06-26T14:00:00,2025-07-01T08:00:00,bug
TKT-b20675fd,ACC-323,API latency spike,medium,in_progress,2025-05-25T14:00:00,,technical
TKT-c7aa1177,ACC-324,Dashboard not loading,low,open,2025-05-31T14:00:00,,bug
TKT-61a425ff,ACC-325,Missing overage charges,high,open,2025-06-02T14:00:00,,billing
TKT-27b49729,ACC-325,Export file corrupted,medium,in_progress,2025-07-05T14:00:00,,bug
TKT-65f4f143,ACC-326,Export file corrupted,critical,resolved,2025-05-18T14:00:00,2025-05-23T06:00:00,bug
TKT-b4598e50,ACC-326,Team training request,critical,resolved,2025-05-29T14:00:00,2025-06-02T02:00:00,onboarding
TKT-949da952,ACC-326,Authentication error,medium,in_progress,2025-05-28T14:00:00,,technical
TKT-133b643b,ACC-326,Incorrect usage metrics,low,open,2025-06-20T14:00:00,,bug
TKT-8a57d80b,ACC-327,Data sync failure,low,resolved,2025-05-29T14:00:00,2025-05-30T22:00:00,technical
TKT-64834436,ACC-327,API v2 access,high,resolved,2025-06-29T14:00:00,2025-06-29T23:00:00,feature_request
TKT-14cfee5c,ACC-327,Export file corrupted,low,open,2025-06-11T14:00:00,,bug
TKT-78ee3810,ACC-328,Incorrect usage metrics,high,open,2025-06-06T14:00:00,,bug
TKT-6b192bbd,ACC-329,Incorrect usage metrics,medium,resolved,2025-06-07T14:00:00,2025-06-12T05:00:00,bug
TKT-1eba1dcf,ACC-329,Incorrect usage metrics,critical,resolved,2025-06-30T14:00:00,2025-07-02T23:00:00,bug
TKT-96956144,ACC-330,Data duplication in reports,high,resolved,2025-05-30T14:00:00,2025-06-06T04:00:00,bug
TKT-6212a176,ACC-330,Incorrect usage metrics,high,in_progress,2025-05-25T14:00:00,,bug
TKT-9a468696,ACC-330,Team training request,medium,in_progress,2025-06-06T14:00:00,,onboarding
TKT-de43eab1,ACC-330,Incorrect usage metrics,medium,resolved,2025-05-02T14:00:00,2025-05-05T05:00:00,bug
TKT-01941396,ACC-330,Documentation question,critical,in_progress,2025-04-30T14:00:00,,onboarding
TKT-56c42acc,ACC-330,Incorrect usage metrics,high,resolved,2025-05-26T14:00:00,2025-05-27T13:00:00,bug
TKT-7c3ebb40,ACC-332,Dashboard not loading,high,resolved,2025-05-13T14:00:00,2025-05-18T22:00:00,bug
TKT-26f0419f,ACC-332,API latency spike,medium,resolved,2025-06-22T14:00:00,2025-06-27T23:00:00,technical
TKT-4b720b55,ACC-333,SSO integration,low,resolved,2025-06-08T14:00:00,2025-06-09T02:00:00,feature_request
TKT-0de5a7ae,ACC-333,Rate limiting issue,medium,open,2025-05-03T14:00:00,,technical
TKT-c6279b5c,ACC-333,API latency spike,medium,open,2025-06-07T14:00:00,,technical
TKT-e371e34d,ACC-334,Custom dashboard request,low,in_progress,2025-06-01T14:00:00,,feature_request
TKT-b2954865,ACC-334,Authentication error,low,resolved,2025-05-30T14:00:00,2025-05-30T21:00:00,technical
TKT-d26f7c1c,ACC-334,Incorrect invoice amount,high,resolved,2025-05-07T14:00:00,2025-05-12T23:00:00,billing
TKT-e376608e,ACC-334,API v2 access,medium,resolved,2025-05-27T14:00:00,2025-05-30T18:00:00,feature_request
TKT-e7dc7e61,ACC-335,Missing overage charges,high,in_progress,2025-05-24T14:00:00,,billing
TKT-d6a82abc,ACC-335,API latency spike,critical,resolved,2025-05-09T14:00:00,2025-05-11T03:00:00,technical
TKT-18b482db,ACC-335,Data sync failure,low,resolved,2025-05-24T14:00:00,2025-05-30T04:00:00,technical
TKT-213b88f6,ACC-335,Migration assistance,medium,open,2025-06-12T14:00:00,,onboarding
TKT-6f4181ee,ACC-336,Incorrect invoice amount,medium,resolved,2025-05-25T14:00:00,2025-05-29T03:00:00,billing
TKT-b827b0fa,ACC-336,Custom dashboard request,critical,resolved,2025-07-05T14:00:00,2025-07-09T05:00:00,feature_request
TKT-07e4f55a,ACC-336,Integration setup help,low,resolved,2025-07-04T14:00:00,2025-07-06T19:00:00,onboarding
TKT-2a69b6b9,ACC-336,Incorrect invoice amount,high,in_progress,2025-06-10T14:00:00,,billing
TKT-032d0d6e,ACC-337,Data sync failure,high,resolved,2025-06-09T14:00:00,2025-06-15T21:00:00,technical
TKT-1fd1e391,ACC-337,Billing cycle question,medium,resolved,2025-06-14T14:00:00,2025-06-20T15:00:00,billing
TKT-ea73ee46,ACC-337,Migration assistance,medium,resolved,2025-05-17T14:00:00,2025-05-20T19:00:00,onboarding
TKT-08e9e2fe,ACC-337,Payment processing issue,high,resolved,2025-05-24T14:00:00,2025-05-29T22:00:00,billing
TKT-37304b01,ACC-338,Migration assistance,low,in_progress,2025-06-26T14:00:00,,onboarding
TKT-4a145b97,ACC-338,Dashboard not loading,medium,resolved,2025-06-11T14:00:00,2025-06-13T21:00:00,bug
TKT-7d7b0487,ACC-340,Rate limiting issue,high,resolved,2025-06-25T14:00:00,2025-07-02T03:00:00,technical
TKT-7abc6ed8,ACC-340,Data sync failure,critical,resolved,2025-05-07T14:00:00,2025-05-13T00:00:00,technical
TKT-719c5491,ACC-340,API latency spike,medium,resolved,2025-05-30T14:00:00,2025-06-04T08:00:00,technical
TKT-2431bd52,ACC-340,Data duplication in reports,high,resolved,2025-07-10T14:00:00,2025-07-12T10:00:00,bug
TKT-08d34459,ACC-342,API v2 access,medium,in_progress,2025-06-14T14:00:00,,feature_request
TKT-b24007a5,ACC-342,Billing cycle question,medium,resolved,2025-06-15T14:00:00,2025-06-16T07:00:00,billing
TKT-8afb49fe,ACC-342,Incorrect invoice amount,high,open,2025-05-05T14:00:00,,billing
TKT-f7c78351,ACC-343,Data sync failure,low,resolved,2025-06-06T14:00:00,2025-06-12T20:00:00,technical
TKT-f862b43a,ACC-343,Missing overage charges,high,resolved,2025-05-26T14:00:00,2025-05-30T04:00:00,billing
TKT-5eb05426,ACC-343,Authentication error,high,open,2025-05-30T14:00:00,,technical
TKT-57ad6f5c,ACC-344,Bulk export capability,medium,resolved,2025-06-22T14:00:00,2025-06-24T17:00:00,feature_request
TKT-6949db09,ACC-344,Export file corrupted,high,resolved,2025-05-12T14:00:00,2025-05-16T09:00:00,bug
TKT-e19f9da2,ACC-345,Billing cycle question,high,resolved,2025-06-22T14:00:00,2025-06-24T06:00:00,billing
TKT-ad142ea3,ACC-345,Incorrect usage metrics,high,resolved,2025-06-27T14:00:00,2025-06-29T10:00:00,bug
TKT-b5633480,ACC-345,Data sync failure,critical,resolved,2025-05-31T14:00:00,2025-06-07T10:00:00,technical
TKT-6cdbbca8,ACC-345,Incorrect invoice amount,critical,resolved,2025-07-04T14:00:00,2025-07-08T02:00:00,billing
TKT-456ceb9d,ACC-345,Dashboard not loading,high,resolved,2025-05-15T14:00:00,2025-05-20T16:00:00,bug
TKT-a2c31c52,ACC-345,Rate limiting issue,medium,open,2025-05-28T14:00:00,,technical
TKT-18b9e883,ACC-345,Dashboard not loading,critical,resolved,2025-06-12T14:00:00,2025-06-15T13:00:00,bug
TKT-c39da0c7,ACC-345,Data duplication in reports,medium,in_progress,2025-06-14T14:00:00,,bug
TKT-5a5b495d,ACC-345,Billing cycle question,medium,in_progress,2025-05-09T14:00:00,,billing
TKT-95aee1d7,ACC-346,API latency spike,low,open,2025-07-01T14:00:00,,technical
TKT-f6bec475,ACC-346,API latency spike,high,open,2025-05-08T14:00:00,,technical
TKT-e0100a31,ACC-346,Bulk export capability,low,resolved,2025-05-29T14:00:00,2025-06-05T03:00:00,feature_request
TKT-f941208c,ACC-347,Billing cycle question,low,resolved,2025-06-12T14:00:00,2025-06-17T18:00:00,billing
TKT-b179064d,ACC-347,Team training request,critical,open,2025-05-27T14:00:00,,onboarding
TKT-a67f60a2,ACC-347,Authentication error,high,resolved,2025-06-08T14:00:00,2025-06-10T10:00:00,technical
TKT-33840f9a,ACC-347,Custom dashboard request,high,resolved,2025-06-28T14:00:00,2025-07-02T12:00:00,feature_request
TKT-611ead24,ACC-348,Export file corrupted,medium,resolved,2025-04-30T14:00:00,2025-05-04T17:00:00,bug
TKT-1bcd3c6a,ACC-348,Missing overage charges,high,resolved,2025-06-01T14:00:00,2025-06-06T08:00:00,billing
TKT-723469ab,ACC-348,Dashboard not loading,medium,open,2025-05-17T14:00:00,,bug
TKT-988e72f7,ACC-348,Data duplication in reports,medium,resolved,2025-06-01T14:00:00,2025-06-07T11:00:00,bug
TKT-23cb8122,ACC-349,Incorrect usage metrics,medium,resolved,2025-06-15T14:00:00,2025-06-22T08:00:00,bug
TKT-3020e0ac,ACC-349,Data sync failure,critical,resolved,2025-04-28T14:00:00,2025-05-01T02:00:00,technical
TKT-c6e65daa,ACC-350,Bulk export capability,medium,resolved,2025-05-16T14:00:00,2025-05-20T09:00:00,feature_request
TKT-048d3e04,ACC-350,Data sync failure,low,resolved,2025-07-09T14:00:00,2025-07-12T14:00:00,technical
TKT-174ad017,ACC-350,Dashboard not loading,medium,in_progress,2025-05-16T14:00:00,,bug
TKT-1ca348b9,ACC-350,Integration setup help,medium,in_progress,2025-06-26T14:00:00,,onboarding
TKT-b705d2c1,ACC-352,SSO integration,medium,resolved,2025-06-05T14:00:00,2025-06-09T04:00:00,feature_request
TKT-345b5268,ACC-352,API latency spike,medium,resolved,2025-06-09T14:00:00,2025-06-15T11:00:00,technical
TKT-20b2bd98,ACC-353,API v2 access,low,resolved,2025-06-16T14:00:00,2025-06-22T18:00:00,feature_request
TKT-939c3a95,ACC-353,Incorrect invoice amount,low,open,2025-04-28T14:00:00,,billing
TKT-6e0b0cbf,ACC-353,Authentication error,medium,resolved,2025-07-05T14:00:00,2025-07-06T21:00:00,technical
TKT-3bea51e5,ACC-354,Export file corrupted,critical,resolved,2025-06-03T14:00:00,2025-06-04T14:00:00,bug
TKT-a1041e69,ACC-354,Incorrect usage metrics,medium,resolved,2025-07-06T14:00:00,2025-07-11T09:00:00,bug
TKT-94913424,ACC-356,Documentation question,low,open,2025-05-19T14:00:00,,onboarding
TKT-180871e3,ACC-356,Missing overage charges,medium,resolved,2025-06-27T14:00:00,2025-07-01T05:00:00,billing
TKT-3184954b,ACC-356,Dashboard not loading,medium,resolved,2025-07-08T14:00:00,2025-07-11T04:00:00,bug
TKT-cfc31116,ACC-357,Authentication error,medium,in_progress,2025-06-16T14:00:00,,technical
TKT-2c8f925e,ACC-357,Incorrect invoice amount,low,in_progress,2025-05-18T14:00:00,,billing
TKT-51fbea0a,ACC-357,Custom dashboard request,high,resolved,2025-06-20T14:00:00,2025-06-26T00:00:00,feature_request
TKT-88d749c3,ACC-358,Rate limiting issue,medium,open,2025-06-05T14:00:00,,technical
TKT-92702ec9,ACC-358,Payment processing issue,low,resolved,2025-07-06T14:00:00,2025-07-09T03:00:00,billing
TKT-eab1cd3e,ACC-358,Dashboard not loading,medium,resolved,2025-06-19T14:00:00,2025-06-24T18:00:00,bug
TKT-5d8cbbb7,ACC-358,Export file corrupted,high,resolved,2025-04-26T14:00:00,2025-04-30T07:00:00,bug
TKT-4f72761b,ACC-359,Team training request,medium,in_progress,2025-04-27T14:00:00,,onboarding
TKT-f4ad361a,ACC-359,Payment processing issue,critical,resolved,2025-05-21T14:00:00,2025-05-23T18:00:00,billing
TKT-523edb87,ACC-359,Data duplication in reports,medium,resolved,2025-06-23T14:00:00,2025-06-29T19:00:00,bug
TKT-eeb2605a,ACC-360,Migration assistance,medium,resolved,2025-05-05T14:00:00,2025-05-09T08:00:00,onboarding
TKT-17a94c5e,ACC-360,Rate limiting issue,low,resolved,2025-06-18T14:00:00,2025-06-25T13:00:00,technical
TKT-24661ca3,ACC-360,Export file corrupted,medium,resolved,2025-05-17T14:00:00,2025-05-21T07:00:00,bug
TKT-83e0c8b1,ACC-363,Data sync failure,high,resolved,2025-06-20T14:00:00,2025-06-24T07:00:00,technical
TKT-c0dc29ce,ACC-363,Custom dashboard request,medium,resolved,2025-06-05T14:00:00,2025-06-05T16:00:00,feature_request
TKT-a1741a2e,ACC-363,Authentication error,low,resolved,2025-06-25T14:00:00,2025-06-30T08:00:00,technical
TKT-2ca367e2,ACC-363,Incorrect usage metrics,low,open,2025-06-27T14:00:00,,bug
TKT-8bd87fc3,ACC-367,Custom dashboard request,medium,in_progress,2025-05-03T14:00:00,,feature_request
TKT-b2e9425c,ACC-368,Authentication error,medium,resolved,2025-05-18T14:00:00,2025-05-23T01:00:00,technical
TKT-0210c49c,ACC-368,Data duplication in reports,medium,open,2025-06-05T14:00:00,,bug
TKT-afb0cfe7,ACC-369,Migration assistance,medium,resolved,2025-06-17T14:00:00,2025-06-19T00:00:00,onboarding
TKT-5458c3b4,ACC-370,Rate limiting issue,high,resolved,2025-07-08T14:00:00,2025-07-11T18:00:00,technical
TKT-be17ce4d,ACC-370,Rate limiting issue,high,resolved,2025-06-23T14:00:00,2025-06-24T05:00:00,technical
TKT-682fdb34,ACC-373,SSO integration,high,resolved,2025-05-14T14:00:00,2025-05-17T16:00:00,feature_request
TKT-044b3aa0,ACC-373,Rate limiting issue,high,resolved,2025-06-26T14:00:00,2025-07-01T18:00:00,technical
TKT-2727ab1f,ACC-374,Rate limiting issue,low,open,2025-07-01T14:00:00,,technical
TKT-a1f3ce3a,ACC-374,Documentation question,low,open,2025-06-09T14:00:00,,onboarding
TKT-6da8cd5b,ACC-374,Payment processing issue,medium,in_progress,2025-05-17T14:00:00,,billing
TKT-a141c80a,ACC-375,API v2 access,low,open,2025-05-12T14:00:00,,feature_request
TKT-329017c9,ACC-375,Rate limiting issue,medium,resolved,2025-05-18T14:00:00,2025-05-23T01:00:00,technical
TKT-4610af53,ACC-375,API v2 access,high,open,2025-06-29T14:00:00,,feature_request
TKT-addc1c7d,ACC-376,Export file corrupted,low,resolved,2025-05-28T14:00:00,2025-05-31T12:00:00,bug
TKT-1b73b824,ACC-376,Bulk export capability,low,in_progress,2025-05-17T14:00:00,,feature_request
TKT-2e228434,ACC-376,Incorrect invoice amount,low,resolved,2025-07-10T14:00:00,2025-07-13T10:00:00,billing
TKT-5ba0f0d9,ACC-376,Incorrect usage metrics,high,resolved,2025-05-05T14:00:00,2025-05-06T06:00:00,bug
TKT-0c10bbdd,ACC-377,Team training request,medium,resolved,2025-05-30T14:00:00,2025-06-06T07:00:00,onboarding
TKT-14716893,ACC-377,Team training request,medium,resolved,2025-04-27T14:00:00,2025-05-02T03:00:00,onboarding
TKT-28ee4a91,ACC-377,API latency spike,medium,in_progress,2025-05-14T14:00:00,,technical
TKT-7fa36b24,ACC-377,Incorrect usage metrics,critical,open,2025-06-08T14:00:00,,bug
TKT-30853e7a,ACC-377,API latency spike,medium,resolved,2025-06-26T14:00:00,2025-06-30T14:00:00,technical
TKT-010f392c,ACC-377,Rate limiting issue,high,resolved,2025-06-23T14:00:00,2025-06-29T20:00:00,technical
TKT-64a37186,ACC-377,Migration assistance,high,resolved,2025-05-23T14:00:00,2025-05-29T06:00:00,onboarding
TKT-e6243a50,ACC-377,Documentation question,high,open,2025-06-26T14:00:00,,onboarding
TKT-89ccca09,ACC-377,Migration assistance,high,resolved,2025-06-24T14:00:00,2025-06-25T18:00:00,onboarding
TKT-7cead675,ACC-378,API latency spike,medium,resolved,2025-05-17T14:00:00,2025-05-22T00:00:00,technical
TKT-6af4f111,ACC-378,Rate limiting issue,high,in_progress,2025-07-02T14:00:00,,technical
TKT-288e7909,ACC-378,Authentication error,medium,open,2025-05-03T14:00:00,,technical
TKT-12560c2f,ACC-378,Export file corrupted,high,resolved,2025-06-06T14:00:00,2025-06-09T07:00:00,bug
TKT-c356c541,ACC-379,Payment processing issue,low,resolved,2025-06-27T14:00:00,2025-07-02T04:00:00,billing
TKT-996c5c88,ACC-381,Incorrect usage metrics,high,resolved,2025-05-17T14:00:00,2025-05-21T03:00:00,bug
TKT-ef791248,ACC-381,Data sync failure,medium,resolved,2025-06-29T14:00:00,2025-07-05T09:00:00,technical
TKT-6f74b338,ACC-382,Documentation question,low,in_progress,2025-05-07T14:00:00,,onboarding
TKT-975494ee,ACC-382,Data sync failure,medium,resolved,2025-07-09T14:00:00,2025-07-10T06:00:00,technical
TKT-4288a329,ACC-382,Team training request,medium,resolved,2025-06-11T14:00:00,2025-06-13T04:00:00,onboarding
TKT-b5c07755,ACC-382,Authentication error,low,resolved,2025-05-19T14:00:00,2025-05-21T12:00:00,technical
TKT-bbb727a5,ACC-388,API latency spike,critical,resolved,2025-05-21T14:00:00,2025-05-28T08:00:00,technical
TKT-2a7ea669,ACC-388,Data sync failure,high,resolved,2025-06-27T14:00:00,2025-06-28T06:00:00,technical
TKT-62c83d82,ACC-388,Incorrect invoice amount,critical,resolved,2025-06-09T14:00:00,2025-06-11T18:00:00,billing
TKT-ae55af38,ACC-388,Billing cycle question,medium,resolved,2025-07-09T14:00:00,2025-07-09T23:00:00,billing
TKT-d46fbc82,ACC-388,Rate limiting issue,high,in_progress,2025-05-29T14:00:00,,technical
TKT-e49cf57f,ACC-388,Incorrect invoice amount,critical,resolved,2025-04-29T14:00:00,2025-04-29T23:00:00,billing
TKT-05ac0a3a,ACC-388,Missing overage charges,high,resolved,2025-06-17T14:00:00,2025-06-24T04:00:00,billing
TKT-74fa00a0,ACC-388,Data sync failure,medium,open,2025-07-05T14:00:00,,technical
TKT-56f53958,ACC-388,Authentication error,medium,open,2025-05-18T14:00:00,,technical
TKT-9097d3c9,ACC-389,Data duplication in reports,medium,resolved,2025-04-30T14:00:00,2025-05-07T09:00:00,bug
TKT-73f249f2,ACC-389,Incorrect usage metrics,medium,resolved,2025-05-23T14:00:00,2025-05-28T09:00:00,bug
TKT-bb8a2904,ACC-389,Data sync failure,medium,open,2025-05-07T14:00:00,,technical
TKT-898b1d88,ACC-389,Payment processing issue,critical,open,2025-07-10T14:00:00,,billing
TKT-5c29d7f9,ACC-390,Migration assistance,medium,resolved,2025-06-12T14:00:00,2025-06-14T09:00:00,onboarding
TKT-65d953ad,ACC-390,Data duplication in reports,critical,resolved,2025-06-04T14:00:00,2025-06-10T20:00:00,bug
TKT-61b9d3a8,ACC-391,Incorrect usage metrics,high,resolved,2025-06-28T14:00:00,2025-07-04T14:00:00,bug
TKT-e907f2b5,ACC-391,Data duplication in reports,medium,resolved,2025-06-26T14:00:00,2025-07-03T01:00:00,bug
TKT-44a1681a,ACC-391,Data sync failure,low,in_progress,2025-06-11T14:00:00,,technical
TKT-736998d4,ACC-391,API v2 access,high,resolved,2025-06-05T14:00:00,2025-06-07T22:00:00,feature_request
TKT-396a4607,ACC-392,Payment processing issue,medium,in_progress,2025-06-03T14:00:00,,billing
TKT-bcce8b1e,ACC-392,Custom dashboard request,medium,in_progress,2025-05-24T14:00:00,,feature_request
TKT-2444bf16,ACC-393,SSO integration,low,resolved,2025-05-16T14:00:00,2025-05-18T00:00:00,feature_request
TKT-cc7a4a07,ACC-393,Team training request,medium,in_progress,2025-07-07T14:00:00,,onboarding
TKT-2ba90cbe,ACC-393,Team training request,high,resolved,2025-06-09T14:00:00,2025-06-13T10:00:00,onboarding
TKT-09f27cae,ACC-394,Authentication error,medium,resolved,2025-07-01T14:00:00,2025-07-07T03:00:00,technical
TKT-95c3a84b,ACC-394,Migration assistance,medium,resolved,2025-05-26T14:00:00,2025-05-29T13:00:00,onboarding
TKT-49752306,ACC-394,Data duplication in reports,medium,in_progress,2025-06-14T14:00:00,,bug
TKT-ff2be872,ACC-398,Dashboard not loading,critical,resolved,2025-07-02T14:00:00,2025-07-02T18:00:00,bug
TKT-22bfc46c,ACC-398,Bulk export capability,medium,in_progress,2025-05-05T14:00:00,,feature_request
TKT-cfd5cd0b,ACC-398,Documentation question,high,resolved,2025-05-13T14:00:00,2025-05-19T06:00:00,onboarding
TKT-bfbc7fd3,ACC-398,Migration assistance,high,resolved,2025-04-27T14:00:00,2025-05-03T04:00:00,onboarding
TKT-97dd6260,ACC-400,API v2 access,low,resolved,2025-05-03T14:00:00,2025-05-05T18:00:00,feature_request
TKT-6808861e,ACC-400,Incorrect usage metrics,high,open,2025-04-28T14:00:00,,bug
TKT-32940a88,ACC-404,SSO integration,medium,resolved,2025-05-27T14:00:00,2025-05-27T16:00:00,feature_request
TKT-3e903c52,ACC-404,Payment processing issue,critical,resolved,2025-05-08T14:00:00,2025-05-12T15:00:00,billing
TKT-899e907f,ACC-404,Authentication error,medium,open,2025-06-06T14:00:00,,technical
TKT-114acf28,ACC-404,Data duplication in reports,medium,resolved,2025-07-03T14:00:00,2025-07-10T13:00:00,bug
TKT-5295b79a,ACC-405,API latency spike,medium,open,2025-06-13T14:00:00,,technical
TKT-dbfba0f1,ACC-405,Billing cycle question,high,resolved,2025-04-28T14:00:00,2025-05-02T22:00:00,billing
TKT-de89b165,ACC-405,API v2 access,low,resolved,2025-06-11T14:00:00,2025-06-14T19:00:00,feature_request
TKT-0aa9ab85,ACC-405,Integration setup help,high,resolved,2025-06-20T14:00:00,2025-06-24T10:00:00,onboarding
TKT-51bc6a50,ACC-407,Incorrect usage metrics,low,resolved,2025-05-18T14:00:00,2025-05-24T19:00:00,bug
TKT-e2dad21d,ACC-407,Data sync failure,medium,in_progress,2025-06-29T14:00:00,,technical
TKT-d16632d7,ACC-408,Export file corrupted,low,in_progress,2025-05-05T14:00:00,,bug
TKT-ed0f624b,ACC-408,Missing overage charges,high,resolved,2025-05-26T14:00:00,2025-06-01T17:00:00,billing
TKT-9cbf2ba7,ACC-410,SSO integration,medium,resolved,2025-06-04T14:00:00,2025-06-08T07:00:00,feature_request
TKT-452a8ec0,ACC-410,Integration setup help,high,open,2025-05-10T14:00:00,,onboarding
TKT-682533cb,ACC-410,Dashboard not loading,medium,in_progress,2025-05-29T14:00:00,,bug
TKT-626a984b,ACC-411,Billing cycle question,low,open,2025-05-13T14:00:00,,billing
TKT-83180d03,ACC-411,Export file corrupted,low,resolved,2025-07-08T14:00:00,2025-07-13T05:00:00,bug
TKT-75314de9,ACC-411,Rate limiting issue,high,resolved,2025-06-07T14:00:00,2025-06-12T00:00:00,technical
TKT-f95e23ca,ACC-411,Incorrect invoice amount,low,open,2025-05-27T14:00:00,,billing
TKT-9a5d07ec,ACC-412,Documentation question,low,open,2025-06-19T14:00:00,,onboarding
TKT-8a626442,ACC-412,Migration assistance,low,resolved,2025-07-05T14:00:00,2025-07-07T10:00:00,onboarding
TKT-5f8cb2e7,ACC-412,Incorrect invoice amount,high,resolved,2025-06-16T14:00:00,2025-06-22T07:00:00,billing
TKT-3013b45e,ACC-413,Data sync failure,low,resolved,2025-06-27T14:00:00,2025-07-02T11:00:00,technical
TKT-9023c64e,ACC-415,Integration setup help,low,in_progress,2025-05-31T14:00:00,,onboarding
TKT-577411f6,ACC-415,API latency spike,low,resolved,2025-05-03T14:00:00,2025-05-10T02:00:00,technical
TKT-fdeef581,ACC-415,Incorrect usage metrics,medium,resolved,2025-06-19T14:00:00,2025-06-23T19:00:00,bug
TKT-1b536b7f,ACC-416,Team training request,medium,in_progress,2025-06-20T14:00:00,,onboarding
TKT-c0232529,ACC-417,API latency spike,high,resolved,2025-05-07T14:00:00,2025-05-13T01:00:00,technical
TKT-d96b9842,ACC-417,SSO integration,low,resolved,2025-06-25T14:00:00,2025-06-26T14:00:00,feature_request
TKT-5608880f,ACC-417,API latency spike,medium,resolved,2025-05-30T14:00:00,2025-06-02T00:00:00,technical
TKT-ebac26da,ACC-417,Missing overage charges,medium,resolved,2025-07-06T14:00:00,2025-07-12T03:00:00,billing
TKT-2a5c563d,ACC-418,Team training request,low,resolved,2025-07-08T14:00:00,2025-07-10T19:00:00,onboarding
TKT-268630b6,ACC-418,Dashboard not loading,critical,open,2025-05-14T14:00:00,,bug
TKT-6070a27d,ACC-419,Migration assistance,medium,resolved,2025-05-16T14:00:00,2025-05-18T10:00:00,onboarding
TKT-25fcd322,ACC-420,Custom dashboard request,low,resolved,2025-06-22T14:00:00,2025-06-26T12:00:00,feature_request
TKT-780c24e2,ACC-420,Data sync failure,medium,resolved,2025-06-12T14:00:00,2025-06-17T10:00:00,technical
TKT-7d237edd,ACC-421,Migration assistance,high,resolved,2025-05-05T14:00:00,2025-05-07T17:00:00,onboarding
TKT-68187a15,ACC-421,Incorrect invoice amount,medium,resolved,2025-06-16T14:00:00,2025-06-19T11:00:00,billing
TKT-41d8d5ea,ACC-422,Payment processing issue,critical,open,2025-05-15T14:00:00,,billing
TKT-5f6ec6b4,ACC-422,Migration assistance,high,open,2025-06-10T14:00:00,,onboarding
TKT-9d62e9e8,ACC-422,Data duplication in reports,medium,resolved,2025-06-06T14:00:00,2025-06-06T16:00:00,bug
TKT-cfb09c8f,ACC-422,Export file corrupted,medium,resolved,2025-05-08T14:00:00,2025-05-13T23:00:00,bug
TKT-21f27ea2,ACC-423,Team training request,low,resolved,2025-05-15T14:00:00,2025-05-18T00:00:00,onboarding
TKT-a7c830d5,ACC-423,Incorrect invoice amount,low,resolved,2025-06-09T14:00:00,2025-06-12T04:00:00,billing
TKT-ccee1436,ACC-423,Missing overage charges,low,open,2025-05-01T14:00:00,,billing
TKT-a373242c,ACC-424,Integration setup help,medium,resolved,2025-07-05T14:00:00,2025-07-10T02:00:00,onboarding
TKT-57db3d6e,ACC-424,Authentication error,medium,resolved,2025-05-12T14:00:00,2025-05-15T17:00:00,technical
TKT-e14ba6c6,ACC-424,Rate limiting issue,high,open,2025-05-02T14:00:00,,technical
TKT-29b98b89,ACC-424,Documentation question,critical,resolved,2025-05-14T14:00:00,2025-05-15T15:00:00,onboarding
TKT-518913a2,ACC-424,Migration assistance,high,resolved,2025-06-08T14:00:00,2025-06-15T12:00:00,onboarding
TKT-ce40839d,ACC-424,Documentation question,critical,resolved,2025-06-18T14:00:00,2025-06-20T03:00:00,onboarding
TKT-b4df2b69,ACC-424,Rate limiting issue,high,resolved,2025-05-12T14:00:00,2025-05-19T06:00:00,technical
TKT-62a3f2f5,ACC-424,Team training request,medium,resolved,2025-06-14T14:00:00,2025-06-19T07:00:00,onboarding
TKT-75d00379,ACC-426,Custom dashboard request,medium,resolved,2025-05-21T14:00:00,2025-05-24T15:00:00,feature_request
TKT-51b49b57,ACC-427,SSO integration,medium,resolved,2025-05-02T14:00:00,2025-05-04T18:00:00,feature_request
TKT-017b8e71,ACC-428,API latency spike,medium,resolved,2025-06-10T14:00:00,2025-06-11T13:00:00,technical
TKT-45eaa9c3,ACC-428,Rate limiting issue,low,resolved,2025-04-30T14:00:00,2025-05-05T02:00:00,technical
TKT-08d0baaa,ACC-429,Billing cycle question,low,resolved,2025-05-15T14:00:00,2025-05-20T01:00:00,billing
TKT-3a86f509,ACC-429,Missing overage charges,critical,resolved,2025-05-31T14:00:00,2025-06-03T10:00:00,billing
TKT-b2dbbee1,ACC-429,Incorrect invoice amount,high,resolved,2025-06-17T14:00:00,2025-06-21T03:00:00,billing
TKT-f3eabf41,ACC-429,Data sync failure,high,resolved,2025-06-23T14:00:00,2025-06-25T08:00:00,technical
TKT-35bd1871,ACC-431,Missing overage charges,high,resolved,2025-06-22T14:00:00,2025-06-26T12:00:00,billing
TKT-080de736,ACC-431,Billing cycle question,high,resolved,2025-05-18T14:00:00,2025-05-24T02:00:00,billing
TKT-eca26702,ACC-431,Rate limiting issue,high,open,2025-06-08T14:00:00,,technical
TKT-88ce7953,ACC-431,Payment processing issue,high,in_progress,2025-06-17T14:00:00,,billing
TKT-20c3a73f,ACC-431,Payment processing issue,high,resolved,2025-05-15T14:00:00,2025-05-20T01:00:00,billing
TKT-ac22336c,ACC-431,Export file corrupted,medium,in_progress,2025-06-16T14:00:00,,bug
TKT-75f35934,ACC-431,Dashboard not loading,medium,resolved,2025-06-29T14:00:00,2025-07-02T02:00:00,bug
TKT-c79776e7,ACC-431,Data duplication in reports,medium,resolved,2025-06-21T14:00:00,2025-06-26T00:00:00,bug
TKT-a0dc896f,ACC-432,SSO integration,medium,resolved,2025-05-30T14:00:00,2025-05-30T22:00:00,feature_request
TKT-431fe39e,ACC-432,Billing cycle question,medium,resolved,2025-06-12T14:00:00,2025-06-16T12:00:00,billing
TKT-e5f71f3c,ACC-432,Data duplication in reports,medium,resolved,2025-07-06T14:00:00,2025-07-09T21:00:00,bug
TKT-e695ae90,ACC-432,Rate limiting issue,low,open,2025-05-24T14:00:00,,technical
TKT-17d5dd14,ACC-433,Data sync failure,low,in_progress,2025-07-03T14:00:00,,technical
TKT-6022fe5b,ACC-433,API latency spike,low,resolved,2025-07-06T14:00:00,2025-07-11T17:00:00,technical
TKT-f794e1df,ACC-433,Incorrect invoice amount,medium,resolved,2025-07-10T14:00:00,2025-07-11T10:00:00,billing
TKT-b917c108,ACC-434,Payment processing issue,medium,resolved,2025-05-06T14:00:00,2025-05-10T09:00:00,billing
TKT-4673105b,ACC-435,Payment processing issue,medium,open,2025-06-03T14:00:00,,billing
TKT-5ee35d89,ACC-435,Custom dashboard request,medium,open,2025-06-26T14:00:00,,feature_request
TKT-8330a93a,ACC-435,API v2 access,medium,in_progress,2025-05-22T14:00:00,,feature_request
TKT-dfc3f309,ACC-436,Dashboard not loading,high,resolved,2025-06-03T14:00:00,2025-06-06T18:00:00,bug
TKT-56c9a503,ACC-436,Custom dashboard request,low,resolved,2025-06-09T14:00:00,2025-06-12T14:00:00,feature_request
TKT-6987c2c9,ACC-436,Incorrect invoice amount,critical,in_progress,2025-04-30T14:00:00,,billing
TKT-454a5d4e,ACC-436,Incorrect usage metrics,medium,open,2025-05-31T14:00:00,,bug
TKT-51825652,ACC-437,Incorrect usage metrics,medium,open,2025-05-27T14:00:00,,bug
TKT-05701653,ACC-438,Migration assistance,low,open,2025-06-02T14:00:00,,onboarding
TKT-3d0ac841,ACC-438,SSO integration,low,resolved,2025-05-15T14:00:00,2025-05-20T07:00:00,feature_request
TKT-a200a6ca,ACC-438,API latency spike,medium,resolved,2025-06-08T14:00:00,2025-06-13T21:00:00,technical
TKT-cfd1eb9a,ACC-438,Rate limiting issue,medium,resolved,2025-06-16T14:00:00,2025-06-22T13:00:00,technical
TKT-4d088ae6,ACC-440,Data duplication in reports,high,in_progress,2025-04-29T14:00:00,,bug
TKT-e276440e,ACC-440,Team training request,high,resolved,2025-05-07T14:00:00,2025-05-13T20:00:00,onboarding
TKT-b90f3994,ACC-440,Custom dashboard request,medium,resolved,2025-06-20T14:00:00,2025-06-25T19:00:00,feature_request
TKT-c2ef0500,ACC-440,Data duplication in reports,critical,in_progress,2025-06-03T14:00:00,,bug
TKT-1ca323db,ACC-443,Billing cycle question,low,resolved,2025-05-12T14:00:00,2025-05-18T22:00:00,billing
TKT-0bbbdacd,ACC-443,Data duplication in reports,low,resolved,2025-05-21T14:00:00,2025-05-26T07:00:00,bug
TKT-ceffedbb,ACC-444,Team training request,high,resolved,2025-06-05T14:00:00,2025-06-08T04:00:00,onboarding
TKT-be3e6203,ACC-444,SSO integration,low,resolved,2025-05-10T14:00:00,2025-05-13T10:00:00,feature_request
TKT-b1be249e,ACC-444,Missing overage charges,medium,resolved,2025-07-02T14:00:00,2025-07-09T13:00:00,billing
TKT-c24d708c,ACC-444,Custom dashboard request,medium,resolved,2025-07-01T14:00:00,2025-07-06T20:00:00,feature_request
TKT-f3227c84,ACC-445,Data duplication in reports,medium,resolved,2025-05-16T14:00:00,2025-05-19T15:00:00,bug
TKT-100c8f9c,ACC-445,Missing overage charges,low,resolved,2025-07-08T14:00:00,2025-07-13T11:00:00,billing
TKT-3d61134e,ACC-445,Data sync failure,medium,resolved,2025-06-16T14:00:00,2025-06-23T13:00:00,technical
TKT-ea5224e3,ACC-447,Team training request,critical,resolved,2025-05-21T14:00:00,2025-05-25T04:00:00,onboarding
TKT-b33804d9,ACC-447,Missing overage charges,medium,open,2025-06-24T14:00:00,,billing
TKT-8b8e677d,ACC-447,Export file corrupted,medium,resolved,2025-05-26T14:00:00,2025-05-28T09:00:00,bug
TKT-5b94d10d,ACC-448,Integration setup help,medium,in_progress,2025-06-04T14:00:00,,onboarding
TKT-4d20d71c,ACC-448,Billing cycle question,low,in_progress,2025-07-09T14:00:00,,billing
TKT-830da5a1,ACC-448,Integration setup help,low,in_progress,2025-07-10T14:00:00,,onboarding
TKT-2a2ffe76,ACC-448,Data sync failure,high,resolved,2025-06-11T14:00:00,2025-06-15T11:00:00,technical
TKT-8e8c8c38,ACC-449,Incorrect invoice amount,high,resolved,2025-06-23T14:00:00,2025-06-23T20:00:00,billing
TKT-6d0c78b7,ACC-449,API v2 access,critical,open,2025-06-23T14:00:00,,feature_request
TKT-7c79f517,ACC-449,Integration setup help,high,resolved,2025-07-06T14:00:00,2025-07-08T22:00:00,onboarding
TKT-1253f692,ACC-449,Integration setup help,medium,resolved,2025-07-08T14:00:00,2025-07-12T07:00:00,onboarding
TKT-f884650f,ACC-450,Missing overage charges,low,resolved,2025-04-27T14:00:00,2025-05-01T08:00:00,billing
TKT-0c78af7b,ACC-450,API latency spike,low,resolved,2025-05-27T14:00:00,2025-05-28T18:00:00,technical
TKT-445164f3,ACC-452,Missing overage charges,high,resolved,2025-05-24T14:00:00,2025-05-28T18:00:00,billing
TKT-a9dabce7,ACC-452,Data sync failure,low,resolved,2025-06-17T14:00:00,2025-06-23T12:00:00,technical
TKT-669f3eed,ACC-452,Team training request,low,resolved,2025-05-16T14:00:00,2025-05-22T04:00:00,onboarding
TKT-30362613,ACC-453,Integration setup help,critical,resolved,2025-05-06T14:00:00,2025-05-09T16:00:00,onboarding
TKT-46c59abc,ACC-453,API v2 access,medium,in_progress,2025-06-22T14:00:00,,feature_request
TKT-6f7d907e,ACC-454,SSO integration,low,open,2025-05-11T14:00:00,,feature_request
TKT-6e6b6834,ACC-454,Incorrect usage metrics,low,in_progress,2025-06-12T14:00:00,,bug
TKT-bb1f7054,ACC-454,Documentation question,medium,resolved,2025-06-09T14:00:00,2025-06-15T22:00:00,onboarding
TKT-9a4eca91,ACC-454,Custom dashboard request,medium,resolved,2025-06-03T14:00:00,2025-06-05T05:00:00,feature_request
TKT-4bda5be1,ACC-456,API v2 access,low,in_progress,2025-06-02T14:00:00,,feature_request
TKT-dc1222ba,ACC-457,Team training request,critical,in_progress,2025-05-03T14:00:00,,onboarding
TKT-7d9f7ffd,ACC-457,Export file corrupted,medium,in_progress,2025-05-25T14:00:00,,bug
TKT-edff7e98,ACC-458,Integration setup help,medium,open,2025-06-04T14:00:00,,onboarding
TKT-76548a71,ACC-458,API latency spike,critical,open,2025-04-28T14:00:00,,technical
TKT-e229ec83,ACC-459,Data sync failure,critical,resolved,2025-05-08T14:00:00,2025-05-12T00:00:00,technical
TKT-5dfb14da,ACC-459,SSO integration,high,resolved,2025-07-03T14:00:00,2025-07-09T05:00:00,feature_request
TKT-e48da4c2,ACC-459,Custom dashboard request,medium,open,2025-05-14T14:00:00,,feature_request
TKT-0c7c82e0,ACC-462,Incorrect usage metrics,low,open,2025-05-18T14:00:00,,bug
TKT-a5cca05a,ACC-462,Integration setup help,medium,resolved,2025-05-27T14:00:00,2025-05-30T23:00:00,onboarding
TKT-a40b1f7a,ACC-463,Integration setup help,medium,resolved,2025-05-01T14:00:00,2025-05-02T07:00:00,onboarding
TKT-0f90da8d,ACC-463,Missing overage charges,medium,open,2025-06-17T14:00:00,,billing
TKT-ee3738c4,ACC-463,Export file corrupted,low,open,2025-07-06T14:00:00,,bug
TKT-15dd56b0,ACC-463,Team training request,low,resolved,2025-05-30T14:00:00,2025-06-01T08:00:00,onboarding
TKT-a0470c9f,ACC-464,Rate limiting issue,medium,resolved,2025-06-29T14:00:00,2025-07-03T19:00:00,technical
TKT-9d6ecbe6,ACC-464,API v2 access,medium,open,2025-06-10T14:00:00,,feature_request
TKT-8a6fe20e,ACC-464,API v2 access,medium,resolved,2025-06-29T14:00:00,2025-07-03T02:00:00,feature_request
TKT-8f0afe07,ACC-466,Integration setup help,medium,open,2025-05-22T14:00:00,,onboarding
TKT-b4103de6,ACC-466,Data duplication in reports,medium,resolved,2025-07-09T14:00:00,2025-07-14T06:00:00,bug
TKT-90cd08e3,ACC-466,Export file corrupted,low,resolved,2025-06-19T14:00:00,2025-06-22T06:00:00,bug
TKT-dc8fb3cb,ACC-466,Team training request,high,open,2025-04-28T14:00:00,,onboarding
TKT-89bb9025,ACC-468,Bulk export capability,high,resolved,2025-05-07T14:00:00,2025-05-11T12:00:00,feature_request
TKT-1ab69155,ACC-469,Authentication error,low,resolved,2025-05-05T14:00:00,2025-05-05T23:00:00,technical
TKT-ab0d9955,ACC-469,Incorrect invoice amount,low,resolved,2025-05-18T14:00:00,2025-05-23T21:00:00,billing
TKT-7df2d46b,ACC-469,Incorrect usage metrics,low,open,2025-05-04T14:00:00,,bug
TKT-fdd93c71,ACC-470,Data sync failure,high,in_progress,2025-05-06T14:00:00,,technical
TKT-24f8da33,ACC-470,Billing cycle question,medium,open,2025-07-08T14:00:00,,billing
TKT-cdb1de00,ACC-470,Billing cycle question,low,open,2025-06-27T14:00:00,,billing
TKT-4fe2bb7b,ACC-470,Dashboard not loading,medium,in_progress,2025-06-17T14:00:00,,bug
TKT-4b4e7afd,ACC-471,Migration assistance,high,resolved,2025-05-31T14:00:00,2025-06-03T18:00:00,onboarding
TKT-eb4addbc,ACC-471,Incorrect usage metrics,critical,in_progress,2025-06-10T14:00:00,,bug
TKT-15acd1c2,ACC-471,Migration assistance,medium,open,2025-06-16T14:00:00,,onboarding
TKT-4931242f,ACC-471,Incorrect usage metrics,medium,in_progress,2025-07-10T14:00:00,,bug
TKT-408aa851,ACC-471,Migration assistance,high,resolved,2025-07-03T14:00:00,2025-07-06T02:00:00,onboarding
TKT-5623480a,ACC-471,Data duplication in reports,high,open,2025-05-14T14:00:00,,bug
TKT-8389e562,ACC-472,Rate limiting issue,medium,in_progress,2025-05-25T14:00:00,,technical
TKT-8a239273,ACC-472,Custom dashboard request,low,open,2025-05-06T14:00:00,,feature_request
TKT-2eb773b6,ACC-472,Incorrect usage metrics,high,resolved,2025-06-02T14:00:00,2025-06-04T16:00:00,bug
TKT-4400095a,ACC-472,Migration assistance,low,resolved,2025-06-20T14:00:00,2025-06-23T00:00:00,onboarding
TKT-7b941629,ACC-474,Incorrect usage metrics,high,in_progress,2025-04-28T14:00:00,,bug
TKT-27badf25,ACC-474,Dashboard not loading,medium,resolved,2025-05-02T14:00:00,2025-05-09T11:00:00,bug
TKT-f62e2cc9,ACC-474,Payment processing issue,high,open,2025-04-27T14:00:00,,billing
TKT-ced3c66b,ACC-474,Incorrect invoice amount,critical,resolved,2025-06-04T14:00:00,2025-06-06T22:00:00,billing
TKT-211bbc50,ACC-474,Export file corrupted,critical,open,2025-06-26T14:00:00,,bug
TKT-e88b2d75,ACC-474,Export file corrupted,high,in_progress,2025-06-05T14:00:00,,bug
TKT-b282a6fb,ACC-474,Rate limiting issue,medium,in_progress,2025-06-26T14:00:00,,technical
TKT-d868fedf,ACC-474,Payment processing issue,high,resolved,2025-05-09T14:00:00,2025-05-15T06:00:00,billing
TKT-b441f775,ACC-474,Data duplication in reports,medium,in_progress,2025-05-01T14:00:00,,bug
TKT-2c6018bd,ACC-474,Payment processing issue,high,resolved,2025-05-14T14:00:00,2025-05-16T12:00:00,billing
TKT-77309e15,ACC-474,Incorrect invoice amount,critical,resolved,2025-07-06T14:00:00,2025-07-10T17:00:00,billing
TKT-7e4dc22e,ACC-474,Incorrect usage metrics,medium,resolved,2025-05-15T14:00:00,2025-05-17T15:00:00,bug
TKT-61121716,ACC-475,Data sync failure,medium,resolved,2025-06-01T14:00:00,2025-06-08T01:00:00,technical
TKT-c52c15c5,ACC-475,Payment processing issue,critical,resolved,2025-07-10T14:00:00,2025-07-12T19:00:00,billing
TKT-cb5ab890,ACC-477,API v2 access,medium,resolved,2025-05-07T14:00:00,2025-05-11T17:00:00,feature_request
TKT-4d20d36b,ACC-477,Incorrect usage metrics,medium,open,2025-05-14T14:00:00,,bug
TKT-010047c6,ACC-477,Custom dashboard request,high,in_progress,2025-06-12T14:00:00,,feature_request
TKT-71b0832a,ACC-479,Incorrect invoice amount,critical,open,2025-06-17T14:00:00,,billing
TKT-71653025,ACC-479,Missing overage charges,low,resolved,2025-06-25T14:00:00,2025-06-29T12:00:00,billing
TKT-f76e7996,ACC-479,Missing overage charges,low,resolved,2025-06-21T14:00:00,2025-06-26T08:00:00,billing
TKT-fe8d2f68,ACC-480,API v2 access,low,in_progress,2025-06-28T14:00:00,,feature_request
TKT-2ae1c0ff,ACC-480,Data duplication in reports,critical,resolved,2025-06-02T14:00:00,2025-06-07T04:00:00,bug
TKT-66c38773,ACC-484,Team training request,low,open,2025-05-16T14:00:00,,onboarding
TKT-fdf96f5d,ACC-484,Authentication error,medium,in_progress,2025-05-24T14:00:00,,technical
TKT-1d2f1ffd,ACC-484,Payment processing issue,medium,resolved,2025-04-26T14:00:00,2025-04-28T12:00:00,billing
TKT-07f94f10,ACC-485,Payment processing issue,low,resolved,2025-06-09T14:00:00,2025-06-12T23:00:00,billing
TKT-acf4eb64,ACC-485,Authentication error,high,resolved,2025-05-11T14:00:00,2025-05-18T10:00:00,technical
TKT-1561479b,ACC-485,SSO integration,low,in_progress,2025-04-26T14:00:00,,feature_request
TKT-845abe87,ACC-485,Billing cycle question,critical,in_progress,2025-05-11T14:00:00,,billing
TKT-4dc39c0e,ACC-490,Billing cycle question,medium,open,2025-05-10T14:00:00,,billing
TKT-9d74f613,ACC-490,Integration setup help,medium,resolved,2025-07-07T14:00:00,2025-07-10T22:00:00,onboarding
TKT-4f7a892d,ACC-490,Data duplication in reports,high,resolved,2025-07-03T14:00:00,2025-07-05T14:00:00,bug
TKT-951b9dde,ACC-493,Migration assistance,low,resolved,2025-05-02T14:00:00,2025-05-05T16:00:00,onboarding
TKT-c8c4a7e4,ACC-493,Dashboard not loading,low,open,2025-07-04T14:00:00,,bug
TKT-04cda372,ACC-493,API v2 access,high,resolved,2025-07-09T14:00:00,2025-07-11T05:00:00,feature_request
TKT-25a399cc,ACC-493,Data sync failure,high,open,2025-06-27T14:00:00,,technical
TKT-d824c75f,ACC-494,Data sync failure,critical,in_progress,2025-06-06T14:00:00,,technical
TKT-53702e6c,ACC-494,Authentication error,medium,resolved,2025-07-08T14:00:00,2025-07-11T15:00:00,technical
TKT-ddceb788,ACC-494,Export file corrupted,medium,open,2025-06-01T14:00:00,,bug
TKT-b149ffb5,ACC-495,Integration setup help,medium,resolved,2025-04-29T14:00:00,2025-05-01T21:00:00,onboarding
TKT-5fd53c29,ACC-496,Incorrect usage metrics,medium,resolved,2025-06-17T14:00:00,2025-06-21T04:00:00,bug
TKT-d9e38013,ACC-496,Dashboard not loading,high,resolved,2025-05-21T14:00:00,2025-05-24T10:00:00,bug
TKT-5e05a27c,ACC-496,Bulk export capability,medium,resolved,2025-06-06T14:00:00,2025-06-09T06:00:00,feature_request
TKT-07f94af7,ACC-496,Dashboard not loading,medium,resolved,2025-04-26T14:00:00,2025-05-02T08:00:00,bug
TKT-da4029a2,ACC-497,API latency spike,medium,in_progress,2025-05-02T14:00:00,,technical
TKT-e35f3577,ACC-497,Data sync failure,critical,resolved,2025-07-04T14:00:00,2025-07-06T07:00:00,technical
TKT-d4bbd6a9,ACC-497,SSO integration,medium,resolved,2025-05-11T14:00:00,2025-05-12T04:00:00,feature_request
TKT-d3324e21,ACC-498,SSO integration,medium,resolved,2025-06-06T14:00:00,2025-06-08T20:00:00,feature_request
TKT-0318f32b,ACC-499,Payment processing issue,medium,resolved,2025-06-13T14:00:00,2025-06-13T22:00:00,billing
TKT-6e911858,ACC-499,Dashboard not loading,medium,in_progress,2025-05-31T14:00:00,,bug
TKT-330bf371,ACC-500,Billing cycle question,low,open,2025-05-11T14:00:00,,billing
TKT-eec2a1d5,ACC-500,Payment processing issue,high,open,2025-06-23T14:00:00,,billing
TKT-be26f56c,ACC-502,Rate limiting issue,critical,open,2025-07-08T14:00:00,,technical
TKT-86b1c43c,ACC-503,Authentication error,low,resolved,2025-06-05T14:00:00,2025-06-07T04:00:00,technical
TKT-e43dfc88,ACC-503,SSO integration,low,resolved,2025-05-09T14:00:00,2025-05-16T06:00:00,feature_request
TKT-14da1443,ACC-504,Migration assistance,medium,open,2025-06-07T14:00:00,,onboarding
TKT-868041a9,ACC-504,Authentication error,low,resolved,2025-05-01T14:00:00,2025-05-03T14:00:00,technical
TKT-e6b425d3,ACC-505,Migration assistance,low,resolved,2025-05-06T14:00:00,2025-05-10T17:00:00,onboarding
TKT-af99877a,ACC-505,Migration assistance,medium,resolved,2025-06-22T14:00:00,2025-06-24T01:00:00,onboarding
TKT-8c53a4dd,ACC-505,SSO integration,medium,open,2025-05-11T14:00:00,,feature_request
TKT-1bc52741,ACC-505,Payment processing issue,low,in_progress,2025-05-26T14:00:00,,billing
TKT-e06ba7ce,ACC-506,Authentication error,medium,resolved,2025-05-03T14:00:00,2025-05-08T05:00:00,technical
TKT-7c1c82e6,ACC-506,Dashboard not loading,medium,resolved,2025-06-10T14:00:00,2025-06-14T17:00:00,bug
TKT-ee3f58bb,ACC-506,Data sync failure,high,resolved,2025-05-25T14:00:00,2025-05-29T04:00:00,technical
TKT-8de30198,ACC-506,Billing cycle question,high,resolved,2025-06-15T14:00:00,2025-06-17T00:00:00,billing
TKT-cf7ce1bd,ACC-508,Authentication error,high,open,2025-06-21T14:00:00,,technical
TKT-da4a7c51,ACC-508,Export file corrupted,high,open,2025-06-15T14:00:00,,bug
TKT-d8b2977a,ACC-509,Dashboard not loading,medium,resolved,2025-06-27T14:00:00,2025-07-01T17:00:00,bug
TKT-c31011d8,ACC-509,Custom dashboard request,medium,resolved,2025-07-08T14:00:00,2025-07-10T18:00:00,feature_request
TKT-3d4d1a41,ACC-509,Authentication error,medium,resolved,2025-05-07T14:00:00,2025-05-11T16:00:00,technical
TKT-99aabf3d,ACC-509,Bulk export capability,low,resolved,2025-05-25T14:00:00,2025-05-31T00:00:00,feature_request
TKT-e72e4790,ACC-510,Missing overage charges,low,in_progress,2025-05-19T14:00:00,,billing
TKT-014417ef,ACC-512,SSO integration,low,in_progress,2025-06-05T14:00:00,,feature_request
TKT-76e1eda9,ACC-513,Migration assistance,high,resolved,2025-06-08T14:00:00,2025-06-13T13:00:00,onboarding
TKT-ed749aea,ACC-514,Team training request,medium,resolved,2025-06-06T14:00:00,2025-06-12T08:00:00,onboarding
TKT-bbc7e17a,ACC-514,SSO integration,medium,in_progress,2025-05-12T14:00:00,,feature_request
TKT-dadaf143,ACC-514,Incorrect invoice amount,critical,resolved,2025-06-16T14:00:00,2025-06-17T06:00:00,billing
TKT-9bcb64e5,ACC-515,API v2 access,medium,resolved,2025-05-30T14:00:00,2025-06-01T15:00:00,feature_request
TKT-ce5b522b,ACC-515,Incorrect usage metrics,low,open,2025-05-12T14:00:00,,bug
TKT-58113dd6,ACC-515,Team training request,medium,in_progress,2025-05-01T14:00:00,,onboarding
TKT-de7dc7a1,ACC-516,Missing overage charges,low,open,2025-05-11T14:00:00,,billing
TKT-3e160bc8,ACC-516,Dashboard not loading,low,open,2025-06-15T14:00:00,,bug
TKT-511c0bbf,ACC-517,Missing overage charges,high,open,2025-05-11T14:00:00,,billing
TKT-9890362d,ACC-517,Authentication error,high,resolved,2025-07-04T14:00:00,2025-07-06T16:00:00,technical
TKT-6b9d584b,ACC-517,Incorrect usage metrics,medium,resolved,2025-05-28T14:00:00,2025-06-02T18:00:00,bug
TKT-016090d0,ACC-517,Rate limiting issue,high,resolved,2025-05-19T14:00:00,2025-05-20T11:00:00,technical
TKT-a25d5b01,ACC-517,Incorrect usage metrics,medium,resolved,2025-05-22T14:00:00,2025-05-25T03:00:00,bug
TKT-5b7bda22,ACC-517,Dashboard not loading,high,resolved,2025-05-23T14:00:00,2025-05-28T14:00:00,bug
TKT-912687ab,ACC-517,Payment processing issue,high,open,2025-07-08T14:00:00,,billing
TKT-9702ac0f,ACC-517,Export file corrupted,high,resolved,2025-05-01T14:00:00,2025-05-04T01:00:00,bug
TKT-6eb76e0e,ACC-517,Rate limiting issue,high,in_progress,2025-06-21T14:00:00,,technical
TKT-0edab651,ACC-518,Data duplication in reports,medium,resolved,2025-06-21T14:00:00,2025-06-22T11:00:00,bug
TKT-92c81d37,ACC-518,Rate limiting issue,medium,open,2025-06-20T14:00:00,,technical
TKT-b9a7e97e,ACC-518,Documentation question,medium,resolved,2025-05-25T14:00:00,2025-06-01T14:00:00,onboarding
TKT-25633dea,ACC-518,Authentication error,high,resolved,2025-05-03T14:00:00,2025-05-08T06:00:00,technical
TKT-c16781ee,ACC-518,Migration assistance,high,resolved,2025-06-02T14:00:00,2025-06-07T11:00:00,onboarding
TKT-fd6ca659,ACC-519,API v2 access,medium,resolved,2025-07-06T14:00:00,2025-07-11T05:00:00,feature_request
TKT-0f5e0a45,ACC-519,Rate limiting issue,high,resolved,2025-06-13T14:00:00,2025-06-13T22:00:00,technical
TKT-bd8674df,ACC-519,Dashboard not loading,medium,in_progress,2025-05-03T14:00:00,,bug
TKT-5faa2520,ACC-519,API latency spike,medium,resolved,2025-07-10T14:00:00,2025-07-12T01:00:00,technical
TKT-42429266,ACC-520,Data duplication in reports,medium,resolved,2025-06-10T14:00:00,2025-06-14T08:00:00,bug
TKT-1f8fba68,ACC-520,Bulk export capability,high,resolved,2025-05-06T14:00:00,2025-05-07T18:00:00,feature_request
TKT-661f762a,ACC-521,Missing overage charges,high,in_progress,2025-05-24T14:00:00,,billing
TKT-c00130d8,ACC-521,API latency spike,high,resolved,2025-06-29T14:00:00,2025-07-05T00:00:00,technical
TKT-521e490c,ACC-521,Billing cycle question,medium,resolved,2025-06-19T14:00:00,2025-06-24T22:00:00,billing
TKT-6aa55e66,ACC-523,Bulk export capability,medium,resolved,2025-06-29T14:00:00,2025-07-06T04:00:00,feature_request
TKT-426dd70d,ACC-524,Incorrect usage metrics,low,open,2025-05-08T14:00:00,,bug
TKT-abe45a58,ACC-526,API v2 access,medium,resolved,2025-05-07T14:00:00,2025-05-13T01:00:00,feature_request
TKT-bf83d5bb,ACC-526,Authentication error,high,resolved,2025-04-28T14:00:00,2025-05-03T11:00:00,technical
TKT-ca69d844,ACC-526,Integration setup help,critical,resolved,2025-07-08T14:00:00,2025-07-12T20:00:00,onboarding
TKT-aaa0c769,ACC-526,Integration setup help,critical,resolved,2025-04-30T14:00:00,2025-05-04T08:00:00,onboarding
TKT-f6179222,ACC-528,SSO integration,low,resolved,2025-05-25T14:00:00,2025-05-28T22:00:00,feature_request
TKT-96957bf7,ACC-528,Export file corrupted,medium,open,2025-05-25T14:00:00,,bug
TKT-e4f0cd04,ACC-529,Missing overage charges,low,resolved,2025-05-04T14:00:00,2025-05-04T22:00:00,billing
TKT-ba4cc05d,ACC-532,Billing cycle question,high,open,2025-07-03T14:00:00,,billing
TKT-a82cf6fb,ACC-532,Documentation question,low,open,2025-05-22T14:00:00,,onboarding
TKT-000250f9,ACC-532,Migration assistance,medium,resolved,2025-06-01T14:00:00,2025-06-03T09:00:00,onboarding
TKT-3b0be42c,ACC-533,Rate limiting issue,critical,resolved,2025-05-27T14:00:00,2025-05-28T04:00:00,technical
TKT-95dd0b28,ACC-534,Data sync failure,low,resolved,2025-05-31T14:00:00,2025-06-06T09:00:00,technical
TKT-e68bffb9,ACC-534,Rate limiting issue,low,resolved,2025-05-15T14:00:00,2025-05-17T06:00:00,technical
TKT-93433e37,ACC-535,Rate limiting issue,medium,resolved,2025-05-24T14:00:00,2025-05-28T11:00:00,technical
TKT-12ed03e2,ACC-535,Data sync failure,low,resolved,2025-05-06T14:00:00,2025-05-13T12:00:00,technical
TKT-1bfd1ccb,ACC-537,API latency spike,medium,in_progress,2025-07-05T14:00:00,,technical
TKT-7ffddef4,ACC-538,Bulk export capability,high,resolved,2025-07-07T14:00:00,2025-07-10T04:00:00,feature_request
TKT-0be5f03e,ACC-538,Authentication error,low,in_progress,2025-07-10T14:00:00,,technical
TKT-14660389,ACC-538,Documentation question,medium,open,2025-04-28T14:00:00,,onboarding
TKT-969555f7,ACC-539,Team training request,low,open,2025-06-01T14:00:00,,onboarding
TKT-f6156073,ACC-539,Data sync failure,high,resolved,2025-04-26T14:00:00,2025-04-30T21:00:00,technical
TKT-a27b077e,ACC-539,Payment processing issue,medium,in_progress,2025-06-08T14:00:00,,billing
TKT-9fe21cf6,ACC-539,Authentication error,critical,resolved,2025-06-29T14:00:00,2025-07-04T16:00:00,technical
TKT-f0526f75,ACC-540,Incorrect invoice amount,high,in_progress,2025-04-26T14:00:00,,billing
TKT-d8e20f42,ACC-540,Rate limiting issue,low,resolved,2025-05-03T14:00:00,2025-05-05T02:00:00,technical
TKT-7feb0639,ACC-540,API v2 access,medium,in_progress,2025-05-06T14:00:00,,feature_request
TKT-47d8bcad,ACC-541,Dashboard not loading,medium,resolved,2025-07-04T14:00:00,2025-07-06T05:00:00,bug
TKT-83396311,ACC-541,Export file corrupted,high,resolved,2025-07-07T14:00:00,2025-07-14T07:00:00,bug
TKT-32242463,ACC-541,Team training request,medium,open,2025-05-26T14:00:00,,onboarding
TKT-428a56c3,ACC-541,API v2 access,low,resolved,2025-05-07T14:00:00,2025-05-12T18:00:00,feature_request
TKT-91948556,ACC-542,Dashboard not loading,medium,resolved,2025-06-11T14:00:00,2025-06-16T16:00:00,bug
TKT-a7d3f064,ACC-542,Bulk export capability,critical,resolved,2025-05-25T14:00:00,2025-05-27T18:00:00,feature_request
TKT-cad0f3fc,ACC-542,Export file corrupted,high,resolved,2025-06-12T14:00:00,2025-06-16T08:00:00,bug
TKT-af54fb12,ACC-544,Payment processing issue,medium,resolved,2025-06-25T14:00:00,2025-06-30T00:00:00,billing
TKT-71472581,ACC-544,Team training request,medium,resolved,2025-06-22T14:00:00,2025-06-29T10:00:00,onboarding
TKT-b7282176,ACC-544,Custom dashboard request,low,resolved,2025-05-09T14:00:00,2025-05-13T01:00:00,feature_request
TKT-2f941465,ACC-545,SSO integration,high,resolved,2025-04-28T14:00:00,2025-05-04T07:00:00,feature_request
TKT-fe494389,ACC-545,Payment processing issue,low,resolved,2025-05-04T14:00:00,2025-05-05T22:00:00,billing
TKT-6763cf6e,ACC-545,Billing cycle question,low,resolved,2025-05-26T14:00:00,2025-05-28T04:00:00,billing
TKT-1eb56f7a,ACC-546,Incorrect invoice amount,low,in_progress,2025-05-13T14:00:00,,billing
TKT-a0d726c1,ACC-546,Dashboard not loading,high,resolved,2025-05-16T14:00:00,2025-05-22T05:00:00,bug
TKT-93c93c1d,ACC-546,Authentication error,high,open,2025-05-27T14:00:00,,technical
TKT-c32aab44,ACC-546,Integration setup help,high,in_progress,2025-05-12T14:00:00,,onboarding
TKT-34dc37db,ACC-547,Rate limiting issue,high,in_progress,2025-06-30T14:00:00,,technical
TKT-32abcad2,ACC-547,API v2 access,medium,resolved,2025-05-13T14:00:00,2025-05-19T04:00:00,feature_request
TKT-683d9453,ACC-547,Rate limiting issue,medium,open,2025-05-20T14:00:00,,technical
TKT-f5ab7f97,ACC-547,Bulk export capability,high,resolved,2025-06-22T14:00:00,2025-06-27T01:00:00,feature_request
TKT-8ebccef4,ACC-549,Dashboard not loading,high,resolved,2025-04-26T14:00:00,2025-05-01T23:00:00,bug
TKT-60dcc5c4,ACC-550,Data duplication in reports,low,resolved,2025-05-01T14:00:00,2025-05-02T00:00:00,bug
TKT-884fc564,ACC-550,Payment processing issue,medium,in_progress,2025-07-10T14:00:00,,billing
TKT-31733ca1,ACC-551,Missing overage charges,medium,resolved,2025-06-10T14:00:00,2025-06-15T20:00:00,billing
TKT-fb2c2636,ACC-551,Team training request,low,in_progress,2025-06-20T14:00:00,,onboarding
TKT-553bbd9d,ACC-551,Custom dashboard request,medium,resolved,2025-04-26T14:00:00,2025-04-27T14:00:00,feature_request
TKT-07c1a91d,ACC-551,Dashboard not loading,medium,open,2025-05-28T14:00:00,,bug
TKT-4e9280b3,ACC-554,API v2 access,low,resolved,2025-06-01T14:00:00,2025-06-05T13:00:00,feature_request
TKT-9d0bed55,ACC-558,API v2 access,critical,open,2025-05-28T14:00:00,,feature_request
TKT-6f28129d,ACC-559,Data duplication in reports,medium,resolved,2025-05-14T14:00:00,2025-05-20T23:00:00,bug
TKT-8960b2c8,ACC-559,API v2 access,high,resolved,2025-04-29T14:00:00,2025-05-04T17:00:00,feature_request
TKT-a213035d,ACC-559,Billing cycle question,medium,open,2025-06-21T14:00:00,,billing
TKT-5565a7c7,ACC-559,Incorrect invoice amount,medium,resolved,2025-05-06T14:00:00,2025-05-12T23:00:00,billing
TKT-6ec6f127,ACC-560,Billing cycle question,high,open,2025-05-12T14:00:00,,billing
TKT-87649ae8,ACC-560,Missing overage charges,critical,resolved,2025-05-19T14:00:00,2025-05-21T03:00:00,billing
TKT-2b50a65d,ACC-560,Data sync failure,critical,open,2025-06-04T14:00:00,,technical
TKT-bd181e72,ACC-560,Incorrect usage metrics,critical,in_progress,2025-06-10T14:00:00,,bug
TKT-49a48e30,ACC-560,Dashboard not loading,high,resolved,2025-07-01T14:00:00,2025-07-03T00:00:00,bug
TKT-6ef5d8dc,ACC-560,Data duplication in reports,medium,resolved,2025-07-05T14:00:00,2025-07-09T23:00:00,bug
TKT-f7aff2a0,ACC-560,Billing cycle question,medium,resolved,2025-05-09T14:00:00,2025-05-09T19:00:00,billing
TKT-fc41becc,ACC-560,Missing overage charges,high,resolved,2025-06-25T14:00:00,2025-07-02T10:00:00,billing
TKT-18a7efcd,ACC-560,Incorrect invoice amount,critical,resolved,2025-05-29T14:00:00,2025-06-03T13:00:00,billing
TKT-89f7956c,ACC-560,Payment processing issue,medium,open,2025-06-17T14:00:00,,billing
TKT-fff01223,ACC-560,Payment processing issue,high,resolved,2025-05-29T14:00:00,2025-06-01T04:00:00,billing
TKT-f4fe65fc,ACC-560,Incorrect invoice amount,high,resolved,2025-05-21T14:00:00,2025-05-24T13:00:00,billing
TKT-ce297e77,ACC-560,Authentication error,high,open,2025-05-24T14:00:00,,technical
TKT-819dbb1a,ACC-560,Authentication error,high,resolved,2025-05-31T14:00:00,2025-06-05T04:00:00,technical
TKT-e4eca7b8,ACC-561,Incorrect invoice amount,high,resolved,2025-05-16T14:00:00,2025-05-21T07:00:00,billing
TKT-44b3b185,ACC-561,Integration setup help,high,resolved,2025-06-21T14:00:00,2025-06-24T02:00:00,onboarding
TKT-7522ff1b,ACC-561,API v2 access,low,resolved,2025-06-27T14:00:00,2025-07-04T04:00:00,feature_request
TKT-d60c74d3,ACC-561,API latency spike,medium,in_progress,2025-06-25T14:00:00,,technical
TKT-fd3076bf,ACC-562,API latency spike,critical,resolved,2025-04-27T14:00:00,2025-04-28T22:00:00,technical
TKT-91066d8e,ACC-562,Migration assistance,high,resolved,2025-05-26T14:00:00,2025-05-29T16:00:00,onboarding
TKT-25a10e33,ACC-562,Custom dashboard request,medium,resolved,2025-05-19T14:00:00,2025-05-22T08:00:00,feature_request
TKT-6ade3d81,ACC-562,Team training request,medium,resolved,2025-06-05T14:00:00,2025-06-12T03:00:00,onboarding
TKT-c44e7049,ACC-563,Billing cycle question,low,resolved,2025-05-01T14:00:00,2025-05-06T13:00:00,billing
TKT-e7b04255,ACC-563,Custom dashboard request,medium,resolved,2025-06-18T14:00:00,2025-06-18T18:00:00,feature_request
TKT-42a56de2,ACC-564,SSO integration,low,resolved,2025-05-25T14:00:00,2025-05-25T19:00:00,feature_request
TKT-17c6820b,ACC-564,Data duplication in reports,high,resolved,2025-06-14T14:00:00,2025-06-19T05:00:00,bug
TKT-1c0851a3,ACC-564,Migration assistance,low,in_progress,2025-05-23T14:00:00,,onboarding
TKT-e22c4de5,ACC-565,Documentation question,high,in_progress,2025-04-30T14:00:00,,onboarding
TKT-68177932,ACC-565,Data duplication in reports,critical,resolved,2025-05-28T14:00:00,2025-05-29T15:00:00,bug
TKT-3bf3f6c9,ACC-565,Migration assistance,medium,open,2025-04-29T14:00:00,,onboarding
TKT-752563ae,ACC-565,API latency spike,high,open,2025-05-31T14:00:00,,technical
TKT-589da645,ACC-565,Data duplication in reports,high,resolved,2025-05-29T14:00:00,2025-05-31T18:00:00,bug
TKT-a76d6905,ACC-565,Data duplication in reports,high,resolved,2025-05-28T14:00:00,2025-06-01T07:00:00,bug
TKT-3cf692bb,ACC-566,Migration assistance,critical,open,2025-05-09T14:00:00,,onboarding
TKT-a64c5005,ACC-566,API v2 access,high,open,2025-05-22T14:00:00,,feature_request
TKT-dbd7129e,ACC-566,API v2 access,high,in_progress,2025-07-04T14:00:00,,feature_request
TKT-b7c40158,ACC-566,Bulk export capability,low,resolved,2025-07-10T14:00:00,2025-07-10T21:00:00,feature_request
TKT-20093253,ACC-567,Rate limiting issue,medium,in_progress,2025-05-02T14:00:00,,technical
TKT-a7a9b246,ACC-567,Billing cycle question,high,resolved,2025-06-19T14:00:00,2025-06-25T12:00:00,billing
TKT-f67a348e,ACC-567,SSO integration,medium,resolved,2025-05-30T14:00:00,2025-06-01T19:00:00,feature_request
TKT-40d30840,ACC-567,Custom dashboard request,critical,in_progress,2025-06-14T14:00:00,,feature_request
TKT-1f8c04ea,ACC-568,Payment processing issue,low,resolved,2025-05-13T14:00:00,2025-05-19T20:00:00,billing
TKT-9934f914,ACC-570,Dashboard not loading,medium,resolved,2025-07-07T14:00:00,2025-07-11T22:00:00,bug
TKT-e2239aa4,ACC-570,API v2 access,low,resolved,2025-06-16T14:00:00,2025-06-18T14:00:00,feature_request
TKT-b6ee8a4e,ACC-571,Payment processing issue,low,resolved,2025-05-19T14:00:00,2025-05-25T09:00:00,billing
TKT-878f89cd,ACC-571,Billing cycle question,medium,resolved,2025-06-19T14:00:00,2025-06-19T16:00:00,billing
TKT-a05a4706,ACC-571,Incorrect usage metrics,low,resolved,2025-05-12T14:00:00,2025-05-18T00:00:00,bug
TKT-c59ca27d,ACC-573,API v2 access,low,resolved,2025-06-24T14:00:00,2025-06-30T08:00:00,feature_request
TKT-1a33a9ba,ACC-573,API v2 access,low,resolved,2025-06-29T14:00:00,2025-07-05T14:00:00,feature_request
TKT-655a5abf,ACC-573,Documentation question,medium,resolved,2025-07-04T14:00:00,2025-07-09T22:00:00,onboarding
TKT-43b65811,ACC-573,API v2 access,low,resolved,2025-06-13T14:00:00,2025-06-18T23:00:00,feature_request
TKT-d19c58f8,ACC-574,API latency spike,medium,resolved,2025-06-17T14:00:00,2025-06-21T22:00:00,technical
TKT-b03a5ae6,ACC-574,API v2 access,low,open,2025-06-23T14:00:00,,feature_request
TKT-ff6f8717,ACC-576,Custom dashboard request,high,open,2025-06-28T14:00:00,,feature_request
TKT-67b80981,ACC-577,API v2 access,medium,in_progress,2025-06-25T14:00:00,,feature_request
TKT-7dc8fdd0,ACC-577,Data sync failure,low,open,2025-06-07T14:00:00,,technical
TKT-341dce33,ACC-578,Bulk export capability,medium,resolved,2025-07-07T14:00:00,2025-07-13T20:00:00,feature_request
TKT-c37efe1e,ACC-579,API latency spike,high,resolved,2025-07-08T14:00:00,2025-07-11T18:00:00,technical
TKT-781e66b7,ACC-579,Billing cycle question,low,resolved,2025-06-07T14:00:00,2025-06-08T12:00:00,billing
TKT-2ca0fb39,ACC-579,Billing cycle question,low,resolved,2025-05-05T14:00:00,2025-05-05T18:00:00,billing
TKT-f46d34b2,ACC-580,Export file corrupted,medium,resolved,2025-05-17T14:00:00,2025-05-20T22:00:00,bug
TKT-00b0610c,ACC-580,Documentation question,medium,resolved,2025-06-30T14:00:00,2025-07-06T01:00:00,onboarding
TKT-fa3a2533,ACC-580,SSO integration,medium,resolved,2025-07-02T14:00:00,2025-07-09T00:00:00,feature_request
TKT-1386b8db,ACC-580,Billing cycle question,high,in_progress,2025-05-10T14:00:00,,billing
TKT-e5fbf70e,ACC-582,Missing overage charges,low,resolved,2025-07-06T14:00:00,2025-07-10T06:00:00,billing
TKT-15b8815b,ACC-582,API v2 access,medium,resolved,2025-05-01T14:00:00,2025-05-03T04:00:00,feature_request
TKT-c4bdadac,ACC-582,Incorrect invoice amount,critical,resolved,2025-07-04T14:00:00,2025-07-08T21:00:00,billing
TKT-5c725082,ACC-582,API v2 access,critical,resolved,2025-05-25T14:00:00,2025-05-30T03:00:00,feature_request
TKT-5b3f037a,ACC-585,Payment processing issue,low,resolved,2025-05-15T14:00:00,2025-05-22T01:00:00,billing
TKT-00daf376,ACC-585,Authentication error,high,resolved,2025-06-21T14:00:00,2025-06-27T06:00:00,technical
TKT-036f42d1,ACC-586,Authentication error,critical,resolved,2025-05-01T14:00:00,2025-05-06T20:00:00,technical
TKT-ce4a4628,ACC-586,API v2 access,medium,in_progress,2025-05-19T14:00:00,,feature_request
TKT-8e040899,ACC-587,Export file corrupted,medium,resolved,2025-06-16T14:00:00,2025-06-21T15:00:00,bug
TKT-6c5f0b87,ACC-588,Bulk export capability,medium,resolved,2025-07-09T14:00:00,2025-07-14T03:00:00,feature_request
TKT-0d2fe3c4,ACC-588,Documentation question,critical,in_progress,2025-05-14T14:00:00,,onboarding
TKT-32a81654,ACC-589,Bulk export capability,high,in_progress,2025-05-04T14:00:00,,feature_request
TKT-e5c2a740,ACC-589,API v2 access,low,resolved,2025-04-29T14:00:00,2025-04-30T11:00:00,feature_request
TKT-79a2e07c,ACC-590,Data duplication in reports,medium,resolved,2025-05-30T14:00:00,2025-06-03T07:00:00,bug
TKT-3c4ced56,ACC-590,Integration setup help,medium,resolved,2025-06-26T14:00:00,2025-06-30T04:00:00,onboarding
TKT-55ddc318,ACC-590,Incorrect usage metrics,high,resolved,2025-06-04T14:00:00,2025-06-06T21:00:00,bug
TKT-e8335067,ACC-591,Authentication error,medium,open,2025-05-13T14:00:00,,technical
TKT-78f87d1f,ACC-591,Data sync failure,low,resolved,2025-05-15T14:00:00,2025-05-16T13:00:00,technical
TKT-e0caee21,ACC-591,Authentication error,low,resolved,2025-05-04T14:00:00,2025-05-11T03:00:00,technical
TKT-a41aa50e,ACC-594,Authentication error,medium,resolved,2025-07-02T14:00:00,2025-07-03T01:00:00,technical
TKT-3fcd5899,ACC-595,Incorrect invoice amount,medium,resolved,2025-05-26T14:00:00,2025-05-27T09:00:00,billing
TKT-6134d378,ACC-596,Incorrect invoice amount,high,resolved,2025-06-28T14:00:00,2025-06-29T13:00:00,billing
TKT-713701cd,ACC-596,Migration assistance,medium,resolved,2025-05-15T14:00:00,2025-05-20T00:00:00,onboarding
TKT-a4a7337e,ACC-597,Integration setup help,high,resolved,2025-05-02T14:00:00,2025-05-03T14:00:00,onboarding
TKT-c5e13509,ACC-597,Dashboard not loading,medium,resolved,2025-07-10T14:00:00,2025-07-11T20:00:00,bug
TKT-99cc998e,ACC-598,Incorrect invoice amount,medium,resolved,2025-06-26T14:00:00,2025-06-27T21:00:00,billing
TKT-ca68dd84,ACC-598,Documentation question,high,open,2025-05-29T14:00:00,,onboarding
TKT-ab07d494,ACC-598,Documentation question,low,open,2025-06-09T14:00:00,,onboarding
TKT-d9a8f841,ACC-599,API latency spike,high,resolved,2025-07-07T14:00:00,2025-07-08T15:00:00,technical
TKT-7858cb7c,ACC-599,Incorrect invoice amount,high,open,2025-06-23T14:00:00,,billing
TKT-a87a55ae,ACC-600,Integration setup help,low,in_progress,2025-05-09T14:00:00,,onboarding
TKT-ed016503,ACC-600,Export file corrupted,low,resolved,2025-06-14T14:00:00,2025-06-20T09:00:00,bug
TKT-4e61fa33,ACC-600,Payment processing issue,low,resolved,2025-06-09T14:00:00,2025-06-14T15:00:00,billing
TKT-b60f2d58,ACC-601,API latency spike,high,resolved,2025-05-25T14:00:00,2025-05-29T01:00:00,technical
TKT-279531aa,ACC-601,Incorrect invoice amount,high,resolved,2025-05-20T14:00:00,2025-05-26T20:00:00,billing
TKT-02995962,ACC-602,Billing cycle question,medium,open,2025-06-29T14:00:00,,billing
TKT-a3c5a1f0,ACC-602,SSO integration,high,resolved,2025-06-13T14:00:00,2025-06-17T08:00:00,feature_request
TKT-28f7b6d2,ACC-602,Team training request,low,in_progress,2025-05-09T14:00:00,,onboarding
TKT-336e7da0,ACC-603,Missing overage charges,critical,resolved,2025-05-01T14:00:00,2025-05-06T20:00:00,billing
TKT-30a3b91d,ACC-603,Rate limiting issue,medium,in_progress,2025-06-20T14:00:00,,technical
TKT-e8ee7a8e,ACC-603,Authentication error,critical,resolved,2025-05-12T14:00:00,2025-05-12T16:00:00,technical
TKT-9e09fb34,ACC-603,Dashboard not loading,high,in_progress,2025-06-03T14:00:00,,bug
TKT-59a5cf4b,ACC-603,API latency spike,high,resolved,2025-05-21T14:00:00,2025-05-27T06:00:00,technical
TKT-8806b7a0,ACC-603,Missing overage charges,high,resolved,2025-04-29T14:00:00,2025-05-05T10:00:00,billing
TKT-7f99fef7,ACC-603,Incorrect usage metrics,high,open,2025-04-28T14:00:00,,bug
TKT-b7a953c4,ACC-603,Data sync failure,high,open,2025-06-04T14:00:00,,technical
TKT-5ad46804,ACC-603,Billing cycle question,critical,resolved,2025-05-21T14:00:00,2025-05-22T11:00:00,billing
TKT-615e8410,ACC-603,Data duplication in reports,high,resolved,2025-06-18T14:00:00,2025-06-22T15:00:00,bug
TKT-fd73f43d,ACC-603,Incorrect usage metrics,high,resolved,2025-06-21T14:00:00,2025-06-23T06:00:00,bug
TKT-5c7fa658,ACC-603,Dashboard not loading,high,resolved,2025-06-11T14:00:00,2025-06-12T09:00:00,bug
TKT-e3b2814e,ACC-603,Missing overage charges,critical,resolved,2025-05-09T14:00:00,2025-05-10T09:00:00,billing
TKT-3f419508,ACC-603,Data sync failure,high,resolved,2025-05-21T14:00:00,2025-05-26T04:00:00,technical
TKT-39ed19fa,ACC-604,Incorrect invoice amount,medium,resolved,2025-07-06T14:00:00,2025-07-10T11:00:00,billing
TKT-b896a493,ACC-604,Incorrect invoice amount,medium,resolved,2025-05-23T14:00:00,2025-05-27T23:00:00,billing
TKT-6b249b2c,ACC-605,Bulk export capability,high,in_progress,2025-06-10T14:00:00,,feature_request
TKT-2fa03418,ACC-606,Export file corrupted,medium,in_progress,2025-05-05T14:00:00,,bug
TKT-907e1ca8,ACC-607,Missing overage charges,high,resolved,2025-05-19T14:00:00,2025-05-24T21:00:00,billing
TKT-7ec90036,ACC-607,Migration assistance,medium,in_progress,2025-07-10T14:00:00,,onboarding
TKT-ddbf5336,ACC-607,Billing cycle question,low,open,2025-06-14T14:00:00,,billing
TKT-f60668c1,ACC-608,Incorrect invoice amount,low,resolved,2025-05-23T14:00:00,2025-05-24T16:00:00,billing
TKT-2d62b319,ACC-609,API v2 access,medium,resolved,2025-05-08T14:00:00,2025-05-14T20:00:00,feature_request
TKT-77701cfb,ACC-609,Data duplication in reports,low,in_progress,2025-05-01T14:00:00,,bug
TKT-8b3b6b8c,ACC-609,Data duplication in reports,low,open,2025-05-11T14:00:00,,bug
TKT-323313ee,ACC-609,Missing overage charges,medium,open,2025-06-16T14:00:00,,billing
TKT-39339f6d,ACC-610,SSO integration,high,open,2025-04-30T14:00:00,,feature_request
TKT-4c9d1049,ACC-610,Incorrect invoice amount,medium,resolved,2025-05-22T14:00:00,2025-05-26T11:00:00,billing
TKT-e9f47fff,ACC-611,SSO integration,medium,resolved,2025-05-25T14:00:00,2025-05-30T11:00:00,feature_request
TKT-4cf3d984,ACC-611,Bulk export capability,medium,resolved,2025-06-05T14:00:00,2025-06-11T00:00:00,feature_request
TKT-6ce5cfc8,ACC-611,Export file corrupted,low,open,2025-07-10T14:00:00,,bug
TKT-795c9c2a,ACC-611,Documentation question,medium,resolved,2025-06-15T14:00:00,2025-06-21T21:00:00,onboarding
TKT-08cac14a,ACC-612,Dashboard not loading,critical,resolved,2025-04-30T14:00:00,2025-05-03T09:00:00,bug
TKT-ae00d6bb,ACC-612,Authentication error,high,resolved,2025-07-09T14:00:00,2025-07-13T12:00:00,technical
TKT-1b7e4b56,ACC-612,Data duplication in reports,high,open,2025-05-03T14:00:00,,bug
TKT-35943785,ACC-612,Integration setup help,high,resolved,2025-06-16T14:00:00,2025-06-16T17:00:00,onboarding
TKT-e2f5873a,ACC-612,Integration setup help,high,resolved,2025-05-17T14:00:00,2025-05-19T11:00:00,onboarding
TKT-754171f7,ACC-612,Dashboard not loading,critical,resolved,2025-06-24T14:00:00,2025-06-28T23:00:00,bug
TKT-38466089,ACC-613,Data sync failure,high,resolved,2025-05-08T14:00:00,2025-05-10T11:00:00,technical
TKT-e91d529c,ACC-613,Integration setup help,high,resolved,2025-06-27T14:00:00,2025-07-04T06:00:00,onboarding
TKT-4e5d1192,ACC-616,Rate limiting issue,medium,resolved,2025-04-30T14:00:00,2025-05-03T00:00:00,technical
TKT-b4634de9,ACC-616,Incorrect usage metrics,low,resolved,2025-06-13T14:00:00,2025-06-19T06:00:00,bug
TKT-5c3b7312,ACC-619,Payment processing issue,medium,resolved,2025-06-07T14:00:00,2025-06-13T00:00:00,billing
TKT-70da0dc8,ACC-619,Authentication error,medium,resolved,2025-06-26T14:00:00,2025-06-28T23:00:00,technical
TKT-bc8fde9d,ACC-619,Bulk export capability,medium,resolved,2025-05-04T14:00:00,2025-05-05T12:00:00,feature_request
TKT-bf22f590,ACC-621,Dashboard not loading,high,resolved,2025-06-08T14:00:00,2025-06-15T10:00:00,bug
TKT-7b3861c5,ACC-621,SSO integration,medium,open,2025-05-17T14:00:00,,feature_request
TKT-07e0ac0c,ACC-621,Payment processing issue,medium,resolved,2025-06-23T14:00:00,2025-06-30T09:00:00,billing
TKT-5f83da1f,ACC-623,Integration setup help,critical,resolved,2025-06-17T14:00:00,2025-06-19T19:00:00,onboarding
TKT-5b44b2ca,ACC-623,Integration setup help,medium,resolved,2025-05-02T14:00:00,2025-05-06T11:00:00,onboarding
TKT-d22ecf46,ACC-624,Payment processing issue,high,resolved,2025-06-25T14:00:00,2025-06-26T03:00:00,billing
TKT-065c9eba,ACC-624,Documentation question,low,in_progress,2025-05-16T14:00:00,,onboarding
TKT-7ca7b499,ACC-626,Bulk export capability,high,in_progress,2025-05-04T14:00:00,,feature_request
TKT-7f8788dc,ACC-627,Authentication error,low,open,2025-05-25T14:00:00,,technical
TKT-2aeefb22,ACC-627,Incorrect invoice amount,critical,resolved,2025-06-21T14:00:00,2025-06-25T12:00:00,billing
TKT-6f2ab81f,ACC-627,Integration setup help,medium,resolved,2025-05-27T14:00:00,2025-05-30T12:00:00,onboarding
TKT-e87e10dc,ACC-628,Data sync failure,critical,resolved,2025-07-09T14:00:00,2025-07-15T10:00:00,technical
TKT-e124eb87,ACC-628,Missing overage charges,medium,in_progress,2025-07-02T14:00:00,,billing
TKT-3aa2f8a8,ACC-630,Dashboard not loading,low,resolved,2025-05-06T14:00:00,2025-05-08T15:00:00,bug
TKT-ceef9fab,ACC-630,Bulk export capability,low,resolved,2025-05-20T14:00:00,2025-05-22T04:00:00,feature_request
TKT-329edef2,ACC-630,Billing cycle question,low,in_progress,2025-06-24T14:00:00,,billing
TKT-cd045231,ACC-630,API latency spike,medium,resolved,2025-07-09T14:00:00,2025-07-16T10:00:00,technical
TKT-ee782330,ACC-631,Billing cycle question,low,resolved,2025-06-24T14:00:00,2025-06-29T20:00:00,billing
TKT-e326a113,ACC-632,Custom dashboard request,medium,resolved,2025-05-11T14:00:00,2025-05-12T07:00:00,feature_request
TKT-de733653,ACC-632,Export file corrupted,low,resolved,2025-06-08T14:00:00,2025-06-11T15:00:00,bug
TKT-91b526c1,ACC-632,Dashboard not loading,critical,open,2025-06-04T14:00:00,,bug
TKT-33e032f1,ACC-632,Authentication error,low,resolved,2025-05-04T14:00:00,2025-05-04T17:00:00,technical
TKT-8e5bf3d9,ACC-633,Authentication error,medium,resolved,2025-05-03T14:00:00,2025-05-08T03:00:00,technical
TKT-a2aa6f4a,ACC-633,Custom dashboard request,high,resolved,2025-05-12T14:00:00,2025-05-18T07:00:00,feature_request
TKT-ddd01668,ACC-636,API latency spike,medium,resolved,2025-05-29T14:00:00,2025-06-02T17:00:00,technical
TKT-3fcd76d8,ACC-636,Data duplication in reports,medium,resolved,2025-06-21T14:00:00,2025-06-27T13:00:00,bug
TKT-63f66eb4,ACC-638,Incorrect usage metrics,low,resolved,2025-05-22T14:00:00,2025-05-24T15:00:00,bug
TKT-6f073610,ACC-638,Rate limiting issue,low,resolved,2025-07-04T14:00:00,2025-07-06T17:00:00,technical
TKT-735299d2,ACC-638,Bulk export capability,medium,resolved,2025-06-07T14:00:00,2025-06-09T15:00:00,feature_request
TKT-c365afc8,ACC-639,Missing overage charges,critical,resolved,2025-05-21T14:00:00,2025-05-22T15:00:00,billing
TKT-e556deb1,ACC-639,Custom dashboard request,medium,resolved,2025-07-05T14:00:00,2025-07-06T08:00:00,feature_request
TKT-3ec2440f,ACC-639,Data sync failure,high,resolved,2025-06-23T14:00:00,2025-06-30T03:00:00,technical
TKT-a84792f8,ACC-639,Integration setup help,high,resolved,2025-06-27T14:00:00,2025-06-28T16:00:00,onboarding
TKT-fe8d3c96,ACC-640,Migration assistance,high,resolved,2025-05-13T14:00:00,2025-05-17T13:00:00,onboarding
TKT-7391bc51,ACC-640,API latency spike,low,resolved,2025-07-03T14:00:00,2025-07-05T17:00:00,technical
TKT-7710cf33,ACC-641,Incorrect invoice amount,critical,resolved,2025-05-27T14:00:00,2025-05-28T09:00:00,billing
TKT-87483781,ACC-641,Dashboard not loading,critical,in_progress,2025-06-13T14:00:00,,bug
TKT-8b618681,ACC-641,API latency spike,medium,resolved,2025-05-08T14:00:00,2025-05-12T18:00:00,technical
TKT-f78d8b36,ACC-641,API latency spike,high,resolved,2025-07-02T14:00:00,2025-07-09T02:00:00,technical
TKT-687a2344,ACC-642,Bulk export capability,high,in_progress,2025-07-06T14:00:00,,feature_request
TKT-306da515,ACC-642,Billing cycle question,critical,resolved,2025-06-26T14:00:00,2025-06-28T21:00:00,billing
TKT-9ccea988,ACC-642,Incorrect invoice amount,medium,in_progress,2025-05-09T14:00:00,,billing
TKT-47320782,ACC-642,Export file corrupted,medium,resolved,2025-07-04T14:00:00,2025-07-06T13:00:00,bug
TKT-9c696564,ACC-644,API v2 access,high,resolved,2025-07-08T14:00:00,2025-07-10T01:00:00,feature_request
TKT-44056378,ACC-644,Billing cycle question,high,resolved,2025-05-03T14:00:00,2025-05-05T04:00:00,billing
TKT-91dac1aa,ACC-644,Team training request,medium,resolved,2025-06-12T14:00:00,2025-06-19T08:00:00,onboarding
TKT-7ecd406d,ACC-644,Dashboard not loading,medium,in_progress,2025-07-06T14:00:00,,bug
TKT-ad1ab8b5,ACC-645,Data duplication in reports,critical,open,2025-05-08T14:00:00,,bug
TKT-6c61f387,ACC-645,Payment processing issue,medium,resolved,2025-05-23T14:00:00,2025-05-26T09:00:00,billing
TKT-5f305ffe,ACC-645,API latency spike,high,resolved,2025-06-14T14:00:00,2025-06-19T02:00:00,technical
TKT-89c9fc5e,ACC-645,Incorrect invoice amount,medium,resolved,2025-06-24T14:00:00,2025-06-29T23:00:00,billing
TKT-78012e25,ACC-646,Payment processing issue,high,resolved,2025-04-30T14:00:00,2025-05-04T21:00:00,billing
TKT-1692b476,ACC-646,Incorrect invoice amount,high,open,2025-06-02T14:00:00,,billing
TKT-100374cf,ACC-646,Missing overage charges,high,resolved,2025-07-08T14:00:00,2025-07-11T08:00:00,billing
TKT-c439ecc8,ACC-646,Data sync failure,high,open,2025-06-04T14:00:00,,technical
TKT-7039faec,ACC-646,Incorrect usage metrics,high,resolved,2025-06-30T14:00:00,2025-07-06T21:00:00,bug
TKT-7295e2c2,ACC-646,Export file corrupted,critical,resolved,2025-06-17T14:00:00,2025-06-23T06:00:00,bug
TKT-bca3361e,ACC-646,Authentication error,medium,in_progress,2025-06-19T14:00:00,,technical
TKT-b24e2a5c,ACC-646,Data duplication in reports,critical,resolved,2025-06-16T14:00:00,2025-06-18T23:00:00,bug
TKT-80386515,ACC-647,Authentication error,low,resolved,2025-06-09T14:00:00,2025-06-11T14:00:00,technical
TKT-5880c610,ACC-648,Bulk export capability,medium,resolved,2025-06-20T14:00:00,2025-06-21T00:00:00,feature_request
TKT-a1d40f1d,ACC-649,Bulk export capability,high,resolved,2025-05-21T14:00:00,2025-05-22T12:00:00,feature_request
TKT-ec5ec5eb,ACC-649,Export file corrupted,low,resolved,2025-04-29T14:00:00,2025-05-02T22:00:00,bug
TKT-78219d73,ACC-649,Billing cycle question,high,resolved,2025-05-14T14:00:00,2025-05-19T19:00:00,billing
TKT-c1a3af8f,ACC-652,Export file corrupted,medium,resolved,2025-06-09T14:00:00,2025-06-10T01:00:00,bug
TKT-63748fed,ACC-652,Team training request,low,in_progress,2025-07-05T14:00:00,,onboarding
TKT-f6f31fd4,ACC-654,Incorrect invoice amount,low,resolved,2025-05-30T14:00:00,2025-06-03T18:00:00,billing
TKT-44d4d1c6,ACC-655,Authentication error,critical,resolved,2025-05-04T14:00:00,2025-05-11T11:00:00,technical
TKT-64ce9fbf,ACC-655,Missing overage charges,medium,resolved,2025-04-27T14:00:00,2025-05-03T14:00:00,billing
TKT-d757ff5c,ACC-655,SSO integration,critical,resolved,2025-06-09T14:00:00,2025-06-12T21:00:00,feature_request
TKT-57a84ac7,ACC-655,Integration setup help,high,resolved,2025-07-03T14:00:00,2025-07-05T02:00:00,onboarding
TKT-3a8b3601,ACC-656,Authentication error,high,resolved,2025-07-08T14:00:00,2025-07-09T15:00:00,technical
TKT-ca5a8a6b,ACC-657,Team training request,medium,open,2025-05-22T14:00:00,,onboarding
TKT-b8032e49,ACC-658,Team training request,high,open,2025-06-07T14:00:00,,onboarding
TKT-1e97e364,ACC-658,Bulk export capability,low,resolved,2025-07-06T14:00:00,2025-07-12T15:00:00,feature_request
TKT-562ebd24,ACC-659,Team training request,high,resolved,2025-05-28T14:00:00,2025-06-03T02:00:00,onboarding
TKT-48d0f050,ACC-659,Migration assistance,high,in_progress,2025-07-09T14:00:00,,onboarding
TKT-bfabba58,ACC-659,API latency spike,high,open,2025-05-19T14:00:00,,technical
TKT-0d31a57e,ACC-659,Integration setup help,medium,in_progress,2025-06-12T14:00:00,,onboarding
TKT-0c39eb05,ACC-659,Incorrect usage metrics,medium,resolved,2025-05-22T14:00:00,2025-05-23T20:00:00,bug
TKT-d8004690,ACC-659,Data sync failure,critical,resolved,2025-05-15T14:00:00,2025-05-18T20:00:00,technical
TKT-bd64eda4,ACC-659,Data sync failure,critical,in_progress,2025-05-08T14:00:00,,technical
TKT-90bac314,ACC-659,API latency spike,high,resolved,2025-05-05T14:00:00,2025-05-08T00:00:00,technical
TKT-133bf63f,ACC-659,Dashboard not loading,high,resolved,2025-06-16T14:00:00,2025-06-19T05:00:00,bug
TKT-1d589466,ACC-660,Migration assistance,medium,resolved,2025-06-07T14:00:00,2025-06-13T21:00:00,onboarding
TKT-21a389d9,ACC-660,Rate limiting issue,critical,resolved,2025-06-20T14:00:00,2025-06-24T11:00:00,technical
TKT-3301c6bc,ACC-660,Authentication error,medium,resolved,2025-06-05T14:00:00,2025-06-07T03:00:00,technical
TKT-704a28b0,ACC-660,API latency spike,medium,resolved,2025-05-11T14:00:00,2025-05-15T20:00:00,technical
TKT-a940d3cc,ACC-661,Export file corrupted,medium,in_progress,2025-05-31T14:00:00,,bug
TKT-af51ea07,ACC-661,Incorrect usage metrics,low,open,2025-07-04T14:00:00,,bug
TKT-3ab66c8b,ACC-661,Data duplication in reports,medium,in_progress,2025-06-19T14:00:00,,bug
TKT-61ab084e,ACC-662,Migration assistance,medium,in_progress,2025-07-08T14:00:00,,onboarding
TKT-713fc283,ACC-662,API v2 access,critical,resolved,2025-06-13T14:00:00,2025-06-13T18:00:00,feature_request
TKT-c8194ddb,ACC-663,Documentation question,low,open,2025-07-07T14:00:00,,onboarding
TKT-8e81e216,ACC-664,Missing overage charges,critical,resolved,2025-05-30T14:00:00,2025-05-31T22:00:00,billing
TKT-4f73555a,ACC-664,Export file corrupted,medium,resolved,2025-06-11T14:00:00,2025-06-15T06:00:00,bug
TKT-6c76a869,ACC-664,Bulk export capability,medium,in_progress,2025-05-01T14:00:00,,feature_request
TKT-69cf9d47,ACC-664,Team training request,low,open,2025-06-13T14:00:00,,onboarding
TKT-fbb83561,ACC-665,Incorrect invoice amount,medium,resolved,2025-04-29T14:00:00,2025-05-05T16:00:00,billing
TKT-a4d7afa0,ACC-665,Documentation question,medium,resolved,2025-05-24T14:00:00,2025-05-25T18:00:00,onboarding
TKT-ed095b40,ACC-665,Billing cycle question,high,in_progress,2025-05-25T14:00:00,,billing
TKT-8327aeb2,ACC-666,Dashboard not loading,high,resolved,2025-06-12T14:00:00,2025-06-14T09:00:00,bug
TKT-0d9356b3,ACC-667,Export file corrupted,medium,in_progress,2025-05-04T14:00:00,,bug
TKT-28149a5e,ACC-668,Payment processing issue,high,resolved,2025-05-06T14:00:00,2025-05-07T17:00:00,billing
TKT-e6b659ed,ACC-669,Migration assistance,medium,in_progress,2025-05-15T14:00:00,,onboarding
TKT-94ff416d,ACC-670,Incorrect invoice amount,high,resolved,2025-06-24T14:00:00,2025-06-30T10:00:00,billing
TKT-61f1af0d,ACC-670,API latency spike,medium,resolved,2025-05-15T14:00:00,2025-05-17T12:00:00,technical
TKT-baebf8d3,ACC-670,API latency spike,low,resolved,2025-07-07T14:00:00,2025-07-09T14:00:00,technical
TKT-2906a3e6,ACC-672,Custom dashboard request,high,resolved,2025-05-23T14:00:00,2025-05-29T14:00:00,feature_request
TKT-6824e8e1,ACC-673,Export file corrupted,medium,in_progress,2025-06-15T14:00:00,,bug
TKT-49765299,ACC-673,Integration setup help,medium,resolved,2025-07-04T14:00:00,2025-07-07T15:00:00,onboarding
TKT-8148fbf6,ACC-673,Authentication error,medium,open,2025-05-22T14:00:00,,technical
TKT-c4b827f6,ACC-673,Missing overage charges,medium,resolved,2025-05-02T14:00:00,2025-05-03T21:00:00,billing
TKT-efbac975,ACC-674,Dashboard not loading,low,resolved,2025-07-04T14:00:00,2025-07-07T05:00:00,bug
TKT-37d586c3,ACC-674,Dashboard not loading,medium,open,2025-05-16T14:00:00,,bug
TKT-db1784bf,ACC-674,Incorrect invoice amount,medium,resolved,2025-06-04T14:00:00,2025-06-07T11:00:00,billing
TKT-85de561c,ACC-674,Payment processing issue,medium,in_progress,2025-06-06T14:00:00,,billing
TKT-358f3c15,ACC-675,Missing overage charges,medium,open,2025-06-24T14:00:00,,billing
TKT-52c4b4a8,ACC-676,Migration assistance,medium,resolved,2025-05-20T14:00:00,2025-05-24T23:00:00,onboarding
TKT-ef4e88cb,ACC-676,Team training request,medium,resolved,2025-06-22T14:00:00,2025-06-23T14:00:00,onboarding
TKT-f73ca48e,ACC-676,Rate limiting issue,low,resolved,2025-05-03T14:00:00,2025-05-10T08:00:00,technical
TKT-c9a80b51,ACC-677,API v2 access,medium,in_progress,2025-05-14T14:00:00,,feature_request
TKT-6f459e2a,ACC-677,Bulk export capability,high,resolved,2025-05-01T14:00:00,2025-05-03T18:00:00,feature_request
TKT-a91bff32,ACC-678,Bulk export capability,medium,resolved,2025-07-06T14:00:00,2025-07-12T12:00:00,feature_request
TKT-53d9256f,ACC-679,Integration setup help,medium,resolved,2025-05-17T14:00:00,2025-05-22T06:00:00,onboarding
TKT-bb39bb4f,ACC-679,Authentication error,critical,resolved,2025-06-16T14:00:00,2025-06-18T09:00:00,technical
TKT-318117bb,ACC-679,Integration setup help,low,resolved,2025-05-11T14:00:00,2025-05-18T14:00:00,onboarding
TKT-5fd72c0c,ACC-681,Team training request,medium,in_progress,2025-05-10T14:00:00,,onboarding
TKT-487197dd,ACC-681,Documentation question,medium,in_progress,2025-05-23T14:00:00,,onboarding
TKT-8d84f905,ACC-681,SSO integration,medium,resolved,2025-07-07T14:00:00,2025-07-08T21:00:00,feature_request
TKT-b733b014,ACC-681,Bulk export capability,high,resolved,2025-07-09T14:00:00,2025-07-11T06:00:00,feature_request
TKT-a97782b2,ACC-682,Incorrect usage metrics,critical,resolved,2025-05-28T14:00:00,2025-06-04T14:00:00,bug
TKT-7502b379,ACC-682,Rate limiting issue,high,in_progress,2025-05-15T14:00:00,,technical
TKT-436bc84c,ACC-683,Payment processing issue,high,open,2025-07-07T14:00:00,,billing
TKT-e3fc6ed5,ACC-683,Custom dashboard request,high,resolved,2025-06-18T14:00:00,2025-06-23T13:00:00,feature_request
TKT-c641869c,ACC-684,SSO integration,high,resolved,2025-06-27T14:00:00,2025-07-01T01:00:00,feature_request
TKT-6d0eff90,ACC-685,API latency spike,medium,open,2025-06-05T14:00:00,,technical
TKT-dedc3634,ACC-686,Dashboard not loading,low,resolved,2025-07-02T14:00:00,2025-07-07T16:00:00,bug
TKT-ca007328,ACC-686,Migration assistance,high,resolved,2025-05-21T14:00:00,2025-05-24T23:00:00,onboarding
TKT-df61e461,ACC-687,Incorrect invoice amount,high,resolved,2025-05-02T14:00:00,2025-05-08T15:00:00,billing
TKT-6cf7c2d6,ACC-687,Documentation question,medium,open,2025-06-04T14:00:00,,onboarding
TKT-2bc1ecd4,ACC-687,Integration setup help,medium,resolved,2025-05-08T14:00:00,2025-05-14T15:00:00,onboarding
TKT-db26445c,ACC-688,Missing overage charges,medium,in_progress,2025-06-15T14:00:00,,billing
TKT-d19664e7,ACC-688,API latency spike,medium,in_progress,2025-04-27T14:00:00,,technical
TKT-887a2fc2,ACC-689,Incorrect usage metrics,high,resolved,2025-06-25T14:00:00,2025-06-27T02:00:00,bug
TKT-97871c35,ACC-689,Data duplication in reports,high,resolved,2025-06-03T14:00:00,2025-06-06T17:00:00,bug
TKT-eabab78a,ACC-689,Missing overage charges,medium,resolved,2025-05-31T14:00:00,2025-05-31T22:00:00,billing
TKT-56de1f41,ACC-689,Missing overage charges,high,open,2025-05-30T14:00:00,,billing
TKT-355bfaa3,ACC-689,Incorrect invoice amount,medium,in_progress,2025-05-11T14:00:00,,billing
TKT-270e79ab,ACC-689,API latency spike,high,open,2025-06-04T14:00:00,,technical
TKT-60d26bde,ACC-689,Authentication error,high,in_progress,2025-04-30T14:00:00,,technical
TKT-14f9a70e,ACC-689,Incorrect invoice amount,high,resolved,2025-06-22T14:00:00,2025-06-29T03:00:00,billing
TKT-814fe708,ACC-689,Billing cycle question,critical,resolved,2025-05-11T14:00:00,2025-05-13T09:00:00,billing
TKT-f05110e8,ACC-689,Payment processing issue,medium,in_progress,2025-05-12T14:00:00,,billing
TKT-239a9e4d,ACC-689,Export file corrupted,medium,resolved,2025-04-29T14:00:00,2025-05-06T14:00:00,bug
TKT-612c22da,ACC-691,Custom dashboard request,medium,open,2025-06-19T14:00:00,,feature_request
TKT-4f373c03,ACC-692,Documentation question,medium,in_progress,2025-06-11T14:00:00,,onboarding
TKT-fcda5e77,ACC-692,Authentication error,medium,in_progress,2025-06-22T14:00:00,,technical
TKT-20b169e9,ACC-692,Payment processing issue,medium,resolved,2025-05-04T14:00:00,2025-05-05T01:00:00,billing
TKT-f257c44d,ACC-692,Payment processing issue,high,resolved,2025-06-14T14:00:00,2025-06-15T16:00:00,billing
TKT-1c5e6df2,ACC-694,Data duplication in reports,medium,resolved,2025-05-14T14:00:00,2025-05-17T01:00:00,bug
TKT-aa701fb6,ACC-696,Documentation question,low,resolved,2025-07-03T14:00:00,2025-07-08T16:00:00,onboarding
TKT-2ce9000b,ACC-698,SSO integration,medium,resolved,2025-07-09T14:00:00,2025-07-11T07:00:00,feature_request
TKT-276683f8,ACC-699,SSO integration,low,in_progress,2025-05-05T14:00:00,,feature_request
TKT-1347f946,ACC-699,Billing cycle question,medium,resolved,2025-05-13T14:00:00,2025-05-13T18:00:00,billing
TKT-4b9477ca,ACC-699,Missing overage charges,medium,resolved,2025-04-28T14:00:00,2025-04-29T19:00:00,billing
TKT-d4f2f7eb,ACC-700,Documentation question,medium,open,2025-05-11T14:00:00,,onboarding
TKT-e0272f7d,ACC-700,Missing overage charges,low,resolved,2025-07-03T14:00:00,2025-07-09T16:00:00,billing
TKT-e3cefeb4,ACC-701,Authentication error,low,resolved,2025-05-06T14:00:00,2025-05-12T02:00:00,technical
TKT-1eed9dc9,ACC-702,Custom dashboard request,medium,in_progress,2025-04-27T14:00:00,,feature_request
TKT-b93068d2,ACC-702,Rate limiting issue,high,open,2025-06-17T14:00:00,,technical
TKT-a09b874d,ACC-702,Documentation question,medium,resolved,2025-05-13T14:00:00,2025-05-19T04:00:00,onboarding
TKT-215efc36,ACC-703,Data duplication in reports,medium,open,2025-06-29T14:00:00,,bug
TKT-84b66cfe,ACC-703,Billing cycle question,medium,resolved,2025-05-11T14:00:00,2025-05-13T03:00:00,billing
TKT-f29b809c,ACC-703,Integration setup help,low,resolved,2025-06-05T14:00:00,2025-06-07T20:00:00,onboarding
TKT-c5e6b44c,ACC-705,Bulk export capability,medium,open,2025-04-26T14:00:00,,feature_request
TKT-cdf4c066,ACC-706,Incorrect usage metrics,medium,resolved,2025-05-19T14:00:00,2025-05-20T05:00:00,bug
TKT-32d5b082,ACC-706,Data duplication in reports,critical,resolved,2025-05-11T14:00:00,2025-05-18T10:00:00,bug
TKT-d0730f81,ACC-706,Data duplication in reports,high,resolved,2025-06-02T14:00:00,2025-06-02T18:00:00,bug
TKT-43ebe258,ACC-706,Documentation question,critical,resolved,2025-06-29T14:00:00,2025-07-03T11:00:00,onboarding
TKT-f9d3acc7,ACC-706,API latency spike,high,resolved,2025-06-11T14:00:00,2025-06-15T17:00:00,technical
TKT-8d2347ae,ACC-706,Team training request,high,resolved,2025-05-29T14:00:00,2025-06-05T11:00:00,onboarding
TKT-2b38d075,ACC-706,Team training request,high,open,2025-05-31T14:00:00,,onboarding
TKT-8a3efc14,ACC-707,Incorrect usage metrics,medium,in_progress,2025-07-04T14:00:00,,bug
TKT-505ba702,ACC-707,SSO integration,low,resolved,2025-05-02T14:00:00,2025-05-07T11:00:00,feature_request
TKT-e3d238f0,ACC-707,Dashboard not loading,low,open,2025-04-29T14:00:00,,bug
TKT-bd0803ce,ACC-707,SSO integration,medium,resolved,2025-07-06T14:00:00,2025-07-09T12:00:00,feature_request
TKT-a0daa4e8,ACC-708,Billing cycle question,low,resolved,2025-06-12T14:00:00,2025-06-14T14:00:00,billing
TKT-d3334679,ACC-708,Export file corrupted,medium,resolved,2025-06-21T14:00:00,2025-06-26T06:00:00,bug
TKT-bffe62a1,ACC-710,Migration assistance,medium,resolved,2025-05-03T14:00:00,2025-05-09T04:00:00,onboarding
TKT-8b124eab,ACC-710,API v2 access,medium,in_progress,2025-05-19T14:00:00,,feature_request
TKT-75c66294,ACC-710,Rate limiting issue,medium,resolved,2025-06-29T14:00:00,2025-07-04T22:00:00,technical
TKT-3a50a093,ACC-710,API v2 access,medium,resolved,2025-05-21T14:00:00,2025-05-24T16:00:00,feature_request
TKT-35ba01d9,ACC-713,Team training request,medium,resolved,2025-05-04T14:00:00,2025-05-08T13:00:00,onboarding
TKT-b4f8f90d,ACC-713,Incorrect usage metrics,high,resolved,2025-07-10T14:00:00,2025-07-11T00:00:00,bug
TKT-b3e2eff5,ACC-715,Custom dashboard request,low,open,2025-07-06T14:00:00,,feature_request
TKT-adeea523,ACC-715,Payment processing issue,medium,resolved,2025-07-04T14:00:00,2025-07-06T11:00:00,billing
TKT-f0187b66,ACC-715,Team training request,critical,resolved,2025-05-07T14:00:00,2025-05-10T22:00:00,onboarding
TKT-c8a2cf6d,ACC-715,Incorrect invoice amount,medium,in_progress,2025-06-16T14:00:00,,billing
TKT-9334852f,ACC-716,Rate limiting issue,low,resolved,2025-05-09T14:00:00,2025-05-13T14:00:00,technical
TKT-00a42b06,ACC-717,Team training request,low,resolved,2025-06-20T14:00:00,2025-06-24T15:00:00,onboarding
TKT-58919a6b,ACC-718,Bulk export capability,high,resolved,2025-05-12T14:00:00,2025-05-14T16:00:00,feature_request
TKT-c36d0364,ACC-719,Data duplication in reports,medium,in_progress,2025-06-22T14:00:00,,bug
TKT-ac628c47,ACC-719,Custom dashboard request,high,resolved,2025-07-10T14:00:00,2025-07-15T06:00:00,feature_request
TKT-fb08ed03,ACC-719,Data sync failure,high,open,2025-07-06T14:00:00,,technical
TKT-bab71faf,ACC-719,API latency spike,critical,resolved,2025-05-18T14:00:00,2025-05-19T18:00:00,technical
TKT-63cd7c56,ACC-720,Dashboard not loading,medium,resolved,2025-05-24T14:00:00,2025-05-29T12:00:00,bug
TKT-25490e51,ACC-720,Authentication error,low,resolved,2025-06-26T14:00:00,2025-07-02T03:00:00,technical
TKT-85adadaa,ACC-720,Incorrect usage metrics,medium,resolved,2025-06-23T14:00:00,2025-06-27T05:00:00,bug
TKT-2d70c147,ACC-720,Export file corrupted,medium,resolved,2025-05-26T14:00:00,2025-06-01T05:00:00,bug
TKT-f2217117,ACC-721,Documentation question,high,open,2025-05-15T14:00:00,,onboarding
TKT-c1a83508,ACC-722,Documentation question,high,resolved,2025-06-16T14:00:00,2025-06-18T05:00:00,onboarding
TKT-f7c70f87,ACC-723,Documentation question,medium,resolved,2025-07-03T14:00:00,2025-07-07T20:00:00,onboarding
TKT-82fe8112,ACC-723,Custom dashboard request,low,resolved,2025-07-09T14:00:00,2025-07-11T22:00:00,feature_request
TKT-884b2483,ACC-723,Export file corrupted,medium,in_progress,2025-06-08T14:00:00,,bug
TKT-735c5c64,ACC-724,SSO integration,critical,resolved,2025-06-16T14:00:00,2025-06-21T19:00:00,feature_request
TKT-3c1ba20e,ACC-724,Custom dashboard request,medium,open,2025-06-29T14:00:00,,feature_request
TKT-1df81af1,ACC-724,Team training request,low,resolved,2025-05-11T14:00:00,2025-05-15T15:00:00,onboarding
TKT-eac99b1d,ACC-724,Authentication error,medium,resolved,2025-06-23T14:00:00,2025-06-26T23:00:00,technical
TKT-206ce825,ACC-725,API v2 access,high,resolved,2025-06-14T14:00:00,2025-06-17T10:00:00,feature_request
TKT-c732b250,ACC-725,Rate limiting issue,high,open,2025-06-10T14:00:00,,technical
TKT-48bb4dea,ACC-725,Authentication error,high,resolved,2025-05-26T14:00:00,2025-06-02T12:00:00,technical
TKT-84aaf0d7,ACC-728,Integration setup help,high,resolved,2025-06-20T14:00:00,2025-06-21T15:00:00,onboarding
TKT-7abfe99c,ACC-728,Rate limiting issue,low,resolved,2025-05-17T14:00:00,2025-05-22T00:00:00,technical
TKT-f98a3381,ACC-729,Dashboard not loading,medium,resolved,2025-06-30T14:00:00,2025-07-02T22:00:00,bug
TKT-20aa36d5,ACC-729,Integration setup help,critical,resolved,2025-06-06T14:00:00,2025-06-11T11:00:00,onboarding
TKT-e728cdbe,ACC-730,API v2 access,medium,resolved,2025-06-27T14:00:00,2025-07-01T15:00:00,feature_request
TKT-4aa29aac,ACC-730,API latency spike,medium,resolved,2025-06-09T14:00:00,2025-06-11T06:00:00,technical
TKT-e08ca700,ACC-731,Export file corrupted,high,open,2025-05-12T14:00:00,,bug
TKT-b3a5ae76,ACC-731,SSO integration,low,resolved,2025-05-07T14:00:00,2025-05-08T13:00:00,feature_request
TKT-02221035,ACC-731,Missing overage charges,low,resolved,2025-06-17T14:00:00,2025-06-18T23:00:00,billing
TKT-d625ca36,ACC-732,Data duplication in reports,critical,open,2025-07-05T14:00:00,,bug
TKT-680bbdfc,ACC-732,Incorrect usage metrics,high,open,2025-06-05T14:00:00,,bug
TKT-98c4da94,ACC-732,Billing cycle question,high,resolved,2025-05-05T14:00:00,2025-05-10T05:00:00,billing
TKT-43e2a650,ACC-732,Payment processing issue,medium,open,2025-06-12T14:00:00,,billing
TKT-3a9ab9e3,ACC-732,Missing overage charges,high,resolved,2025-07-03T14:00:00,2025-07-08T22:00:00,billing
TKT-15f7a166,ACC-732,Rate limiting issue,high,in_progress,2025-06-28T14:00:00,,technical
TKT-ad92d1d0,ACC-732,Incorrect usage metrics,critical,open,2025-04-28T14:00:00,,bug
TKT-c97692bc,ACC-732,Rate limiting issue,high,resolved,2025-05-26T14:00:00,2025-05-30T10:00:00,technical
TKT-8e0ec5ad,ACC-732,Billing cycle question,medium,resolved,2025-07-10T14:00:00,2025-07-16T12:00:00,billing
TKT-44411b8a,ACC-733,API latency spike,medium,resolved,2025-06-28T14:00:00,2025-06-29T18:00:00,technical
TKT-c3b87608,ACC-734,Missing overage charges,high,resolved,2025-05-04T14:00:00,2025-05-06T10:00:00,billing
TKT-da3a28ad,ACC-734,Migration assistance,high,resolved,2025-06-19T14:00:00,2025-06-21T05:00:00,onboarding
TKT-b02bd62d,ACC-738,Team training request,low,resolved,2025-06-11T14:00:00,2025-06-18T10:00:00,onboarding
TKT-81254c84,ACC-738,Incorrect usage metrics,low,in_progress,2025-07-01T14:00:00,,bug
TKT-f9833678,ACC-738,SSO integration,medium,in_progress,2025-05-20T14:00:00,,feature_request
TKT-1e04cc7a,ACC-738,Payment processing issue,medium,open,2025-05-18T14:00:00,,billing
TKT-86d08deb,ACC-739,Data duplication in reports,low,in_progress,2025-06-30T14:00:00,,bug
TKT-05889257,ACC-739,SSO integration,low,resolved,2025-06-14T14:00:00,2025-06-16T18:00:00,feature_request
TKT-da6ec581,ACC-742,Data sync failure,high,resolved,2025-05-19T14:00:00,2025-05-25T06:00:00,technical
TKT-2ee95eb0,ACC-744,Team training request,medium,open,2025-06-22T14:00:00,,onboarding
TKT-c439b259,ACC-744,Rate limiting issue,medium,resolved,2025-05-17T14:00:00,2025-05-23T01:00:00,technical
TKT-dc981877,ACC-744,API latency spike,high,resolved,2025-05-23T14:00:00,2025-05-30T11:00:00,technical
TKT-ca5c43e2,ACC-746,Payment processing issue,medium,resolved,2025-05-19T14:00:00,2025-05-21T20:00:00,billing
TKT-8ecba4bd,ACC-746,Migration assistance,low,resolved,2025-07-09T14:00:00,2025-07-12T09:00:00,onboarding
TKT-55f2bc1f,ACC-746,Rate limiting issue,low,resolved,2025-05-14T14:00:00,2025-05-17T23:00:00,technical
TKT-4c57d084,ACC-746,Rate limiting issue,medium,resolved,2025-05-27T14:00:00,2025-06-02T16:00:00,technical
TKT-5031ef9e,ACC-747,Data sync failure,medium,resolved,2025-05-09T14:00:00,2025-05-11T05:00:00,technical
TKT-ea8536be,ACC-748,Data sync failure,low,resolved,2025-06-25T14:00:00,2025-06-26T07:00:00,technical
TKT-e0415a2b,ACC-748,Missing overage charges,medium,resolved,2025-05-13T14:00:00,2025-05-19T23:00:00,billing
TKT-70a8b74d,ACC-748,Incorrect invoice amount,low,in_progress,2025-05-20T14:00:00,,billing
TKT-18e73edc,ACC-749,SSO integration,medium,open,2025-06-13T14:00:00,,feature_request
TKT-38c5db61,ACC-749,SSO integration,critical,in_progress,2025-06-19T14:00:00,,feature_request
TKT-80604b8e,ACC-749,Documentation question,medium,in_progress,2025-06-04T14:00:00,,onboarding
